ISO-10303-21;
HEADER;
FILE_DESCRIPTION(('KiCad electronic assembly'),'2;1');
FILE_NAME('shrieker.step','2025-07-05T20:02:43',('Pcbnew'),('Kicad'),
  'Open CASCADE STEP processor 7.8','KiCad to STEP converter','Unknown'
  );
FILE_SCHEMA(('AUTOMOTIVE_DESIGN { 1 0 10303 214 1 1 1 1 }'));
ENDSEC;
DATA;
#1 = APPLICATION_PROTOCOL_DEFINITION('international standard',
  'automotive_design',2000,#2);
#2 = APPLICATION_CONTEXT(
  'core data for automotive mechanical design processes');
#3 = SHAPE_DEFINITION_REPRESENTATION(#4,#10);
#4 = PRODUCT_DEFINITION_SHAPE('','',#5);
#5 = PRODUCT_DEFINITION('design','',#6,#9);
#6 = PRODUCT_DEFINITION_FORMATION('','',#7);
#7 = PRODUCT('shrieker 1','shrieker 1','',(#8));
#8 = PRODUCT_CONTEXT('',#2,'mechanical');
#9 = PRODUCT_DEFINITION_CONTEXT('part definition',#2,'design');
#10 = SHAPE_REPRESENTATION('',(#11,#15,#19,#23,#27,#31,#35,#39,#43,#47,
    #51,#55,#59,#63,#67,#71,#75,#79,#83,#87,#91,#95),#99);
#11 = AXIS2_PLACEMENT_3D('',#12,#13,#14);
#12 = CARTESIAN_POINT('',(0.,0.,0.));
#13 = DIRECTION('',(0.,0.,1.));
#14 = DIRECTION('',(1.,0.,-0.));
#15 = AXIS2_PLACEMENT_3D('',#16,#17,#18);
#16 = CARTESIAN_POINT('',(217.9,-63.95,1.595));
#17 = DIRECTION('',(0.,-0.,1.));
#18 = DIRECTION('',(1.110223024625E-16,1.,0.));
#19 = AXIS2_PLACEMENT_3D('',#20,#21,#22);
#20 = CARTESIAN_POINT('',(233.45,-103.4,1.595));
#21 = DIRECTION('',(0.,0.,1.));
#22 = DIRECTION('',(1.,0.,0.));
#23 = AXIS2_PLACEMENT_3D('',#24,#25,#26);
#24 = CARTESIAN_POINT('',(233.5,-87.5,1.595));
#25 = DIRECTION('',(0.,0.,1.));
#26 = DIRECTION('',(1.,0.,0.));
#27 = AXIS2_PLACEMENT_3D('',#28,#29,#30);
#28 = CARTESIAN_POINT('',(210.6,-104.,1.595));
#29 = DIRECTION('',(0.,-0.,1.));
#30 = DIRECTION('',(1.110223024625E-16,1.,0.));
#31 = AXIS2_PLACEMENT_3D('',#32,#33,#34);
#32 = CARTESIAN_POINT('',(195.,-79.4,1.595));
#33 = DIRECTION('',(0.,0.,1.));
#34 = DIRECTION('',(1.,0.,0.));
#35 = AXIS2_PLACEMENT_3D('',#36,#37,#38);
#36 = CARTESIAN_POINT('',(218.1,-104.,1.595));
#37 = DIRECTION('',(0.,-0.,1.));
#38 = DIRECTION('',(1.110223024625E-16,1.,0.));
#39 = AXIS2_PLACEMENT_3D('',#40,#41,#42);
#40 = CARTESIAN_POINT('',(195.05,-103.4,1.595));
#41 = DIRECTION('',(0.,0.,1.));
#42 = DIRECTION('',(1.,0.,0.));
#43 = AXIS2_PLACEMENT_3D('',#44,#45,#46);
#44 = CARTESIAN_POINT('',(195.05,-95.6,1.595));
#45 = DIRECTION('',(0.,0.,1.));
#46 = DIRECTION('',(1.,0.,0.));
#47 = AXIS2_PLACEMENT_3D('',#48,#49,#50);
#48 = CARTESIAN_POINT('',(195.,-87.4,1.595));
#49 = DIRECTION('',(0.,0.,1.));
#50 = DIRECTION('',(1.,0.,0.));
#51 = AXIS2_PLACEMENT_3D('',#52,#53,#54);
#52 = CARTESIAN_POINT('',(225.6,-104.05,1.595));
#53 = DIRECTION('',(0.,-0.,1.));
#54 = DIRECTION('',(1.110223024625E-16,1.,0.));
#55 = AXIS2_PLACEMENT_3D('',#56,#57,#58);
#56 = CARTESIAN_POINT('',(225.5,-64.,1.595));
#57 = DIRECTION('',(0.,-0.,1.));
#58 = DIRECTION('',(1.110223024625E-16,1.,0.));
#59 = AXIS2_PLACEMENT_3D('',#60,#61,#62);
#60 = CARTESIAN_POINT('',(210.5,-64.,1.595));
#61 = DIRECTION('',(0.,-0.,1.));
#62 = DIRECTION('',(1.110223024625E-16,1.,0.));
#63 = AXIS2_PLACEMENT_3D('',#64,#65,#66);
#64 = CARTESIAN_POINT('',(195.,-71.5,1.595));
#65 = DIRECTION('',(0.,0.,1.));
#66 = DIRECTION('',(1.,0.,0.));
#67 = AXIS2_PLACEMENT_3D('',#68,#69,#70);
#68 = CARTESIAN_POINT('',(233.55,-64.1,1.595));
#69 = DIRECTION('',(0.,0.,1.));
#70 = DIRECTION('',(1.,0.,0.));
#71 = AXIS2_PLACEMENT_3D('',#72,#73,#74);
#72 = CARTESIAN_POINT('',(233.55,-95.4,1.595));
#73 = DIRECTION('',(0.,0.,1.));
#74 = DIRECTION('',(1.,0.,0.));
#75 = AXIS2_PLACEMENT_3D('',#76,#77,#78);
#76 = CARTESIAN_POINT('',(203.1,-63.95,1.595));
#77 = DIRECTION('',(0.,-0.,1.));
#78 = DIRECTION('',(1.110223024625E-16,1.,0.));
#79 = AXIS2_PLACEMENT_3D('',#80,#81,#82);
#80 = CARTESIAN_POINT('',(233.5,-71.5,1.595));
#81 = DIRECTION('',(0.,0.,1.));
#82 = DIRECTION('',(1.,0.,0.));
#83 = AXIS2_PLACEMENT_3D('',#84,#85,#86);
#84 = CARTESIAN_POINT('',(203.,-103.95,1.595));
#85 = DIRECTION('',(0.,-0.,1.));
#86 = DIRECTION('',(1.110223024625E-16,1.,0.));
#87 = AXIS2_PLACEMENT_3D('',#88,#89,#90);
#88 = CARTESIAN_POINT('',(233.5,-79.5,1.595));
#89 = DIRECTION('',(0.,0.,1.));
#90 = DIRECTION('',(1.,0.,0.));
#91 = AXIS2_PLACEMENT_3D('',#92,#93,#94);
#92 = CARTESIAN_POINT('',(195.,-64.,1.595));
#93 = DIRECTION('',(0.,0.,1.));
#94 = DIRECTION('',(1.,0.,0.));
#95 = AXIS2_PLACEMENT_3D('',#96,#97,#98);
#96 = CARTESIAN_POINT('',(0.,0.,0.));
#97 = DIRECTION('',(0.,0.,1.));
#98 = DIRECTION('',(1.,0.,-0.));
#99 = ( GEOMETRIC_REPRESENTATION_CONTEXT(3) 
GLOBAL_UNCERTAINTY_ASSIGNED_CONTEXT((#103)) GLOBAL_UNIT_ASSIGNED_CONTEXT
((#100,#101,#102)) REPRESENTATION_CONTEXT('Context #1',
  '3D Context with UNIT and UNCERTAINTY') );
#100 = ( LENGTH_UNIT() NAMED_UNIT(*) SI_UNIT(.MILLI.,.METRE.) );
#101 = ( NAMED_UNIT(*) PLANE_ANGLE_UNIT() SI_UNIT($,.RADIAN.) );
#102 = ( NAMED_UNIT(*) SI_UNIT($,.STERADIAN.) SOLID_ANGLE_UNIT() );
#103 = UNCERTAINTY_MEASURE_WITH_UNIT(LENGTH_MEASURE(1.E-07),#100,
  'distance_accuracy_value','confusion accuracy');
#104 = PRODUCT_RELATED_PRODUCT_CATEGORY('part',$,(#7));
#105 = SHAPE_DEFINITION_REPRESENTATION(#106,#112);
#106 = PRODUCT_DEFINITION_SHAPE('','',#107);
#107 = PRODUCT_DEFINITION('design','',#108,#111);
#108 = PRODUCT_DEFINITION_FORMATION('','',#109);
#109 = PRODUCT('LED_SK6812_PLCC4_5.0x5.0mm_P3.2mm',
  'LED_SK6812_PLCC4_5.0x5.0mm_P3.2mm','',(#110));
#110 = PRODUCT_CONTEXT('',#2,'mechanical');
#111 = PRODUCT_DEFINITION_CONTEXT('part definition',#2,'design');
#112 = ADVANCED_BREP_SHAPE_REPRESENTATION('',(#11,#113),#2380);
#113 = MANIFOLD_SOLID_BREP('',#114);
#114 = CLOSED_SHELL('',(#115,#174,#199,#232,#257,#282,#307,#324,#349,
    #380,#420,#551,#675,#692,#701,#712,#880,#911,#942,#973,#1058,#1082,
    #1160,#1191,#1276,#1300,#1378,#1409,#1440,#1471,#1556,#1580,#1658,
    #1689,#1774,#1798,#1876,#1893,#1910,#1927,#1944,#1961,#1978,#1995,
    #2017,#2029,#2046,#2058,#2070,#2087,#2109,#2121,#2133,#2150,#2162,
    #2179,#2196,#2213,#2235,#2247,#2259,#2276,#2288,#2305,#2327,#2339,
    #2356,#2368));
#115 = ADVANCED_FACE('',(#116,#127),#169,.T.);
#116 = FACE_BOUND('',#117,.T.);
#117 = EDGE_LOOP('',(#118));
#118 = ORIENTED_EDGE('',*,*,#119,.T.);
#119 = EDGE_CURVE('',#120,#120,#122,.T.);
#120 = VERTEX_POINT('',#121);
#121 = CARTESIAN_POINT('',(-1.986666666667,2.432964974306E-16,1.7));
#122 = CIRCLE('',#123,1.986666666667);
#123 = AXIS2_PLACEMENT_3D('',#124,#125,#126);
#124 = CARTESIAN_POINT('',(0.,0.,1.7));
#125 = DIRECTION('',(0.,0.,-1.));
#126 = DIRECTION('',(-1.,1.224646799147E-16,0.));
#127 = FACE_BOUND('',#128,.T.);
#128 = EDGE_LOOP('',(#129,#139,#147,#155,#163));
#129 = ORIENTED_EDGE('',*,*,#130,.T.);
#130 = EDGE_CURVE('',#131,#133,#135,.T.);
#131 = VERTEX_POINT('',#132);
#132 = CARTESIAN_POINT('',(1.431329009077,-2.42,1.7));
#133 = VERTEX_POINT('',#134);
#134 = CARTESIAN_POINT('',(2.42,-1.431329009077,1.7));
#135 = LINE('',#136,#137);
#136 = CARTESIAN_POINT('',(1.407897551572,-2.443431457505,1.7));
#137 = VECTOR('',#138,1.);
#138 = DIRECTION('',(0.707106781187,0.707106781187,0.));
#139 = ORIENTED_EDGE('',*,*,#140,.T.);
#140 = EDGE_CURVE('',#133,#141,#143,.T.);
#141 = VERTEX_POINT('',#142);
#142 = CARTESIAN_POINT('',(2.42,2.42,1.7));
#143 = LINE('',#144,#145);
#144 = CARTESIAN_POINT('',(2.42,-1.464466094067,1.7));
#145 = VECTOR('',#146,1.);
#146 = DIRECTION('',(1.224646799147E-16,1.,0.));
#147 = ORIENTED_EDGE('',*,*,#148,.T.);
#148 = EDGE_CURVE('',#141,#149,#151,.T.);
#149 = VERTEX_POINT('',#150);
#150 = CARTESIAN_POINT('',(-2.42,2.42,1.7));
#151 = LINE('',#152,#153);
#152 = CARTESIAN_POINT('',(2.5,2.42,1.7));
#153 = VECTOR('',#154,1.);
#154 = DIRECTION('',(-1.,1.224646799147E-16,0.));
#155 = ORIENTED_EDGE('',*,*,#156,.T.);
#156 = EDGE_CURVE('',#149,#157,#159,.T.);
#157 = VERTEX_POINT('',#158);
#158 = CARTESIAN_POINT('',(-2.42,-2.42,1.7));
#159 = LINE('',#160,#161);
#160 = CARTESIAN_POINT('',(-2.42,2.5,1.7));
#161 = VECTOR('',#162,1.);
#162 = DIRECTION('',(-1.224646799147E-16,-1.,0.));
#163 = ORIENTED_EDGE('',*,*,#164,.T.);
#164 = EDGE_CURVE('',#157,#131,#165,.T.);
#165 = LINE('',#166,#167);
#166 = CARTESIAN_POINT('',(-2.5,-2.42,1.7));
#167 = VECTOR('',#168,1.);
#168 = DIRECTION('',(1.,-1.224646799147E-16,0.));
#169 = PLANE('',#170);
#170 = AXIS2_PLACEMENT_3D('',#171,#172,#173);
#171 = CARTESIAN_POINT('',(0.,0.,1.7));
#172 = DIRECTION('',(0.,0.,1.));
#173 = DIRECTION('',(-1.,1.224646799147E-16,0.));
#174 = ADVANCED_FACE('',(#175),#194,.F.);
#175 = FACE_BOUND('',#176,.F.);
#176 = EDGE_LOOP('',(#177,#185,#186,#187));
#177 = ORIENTED_EDGE('',*,*,#178,.F.);
#178 = EDGE_CURVE('',#120,#179,#181,.T.);
#179 = VERTEX_POINT('',#180);
#180 = CARTESIAN_POINT('',(-1.666666666667,2.041077998579E-16,1.38));
#181 = LINE('',#182,#183);
#182 = CARTESIAN_POINT('',(-1.666666666667,2.041077998579E-16,1.38));
#183 = VECTOR('',#184,1.);
#184 = DIRECTION('',(0.707106781187,-8.659560562349E-17,-0.707106781187)
  );
#185 = ORIENTED_EDGE('',*,*,#119,.T.);
#186 = ORIENTED_EDGE('',*,*,#178,.T.);
#187 = ORIENTED_EDGE('',*,*,#188,.F.);
#188 = EDGE_CURVE('',#179,#179,#189,.T.);
#189 = CIRCLE('',#190,1.666666666667);
#190 = AXIS2_PLACEMENT_3D('',#191,#192,#193);
#191 = CARTESIAN_POINT('',(0.,0.,1.38));
#192 = DIRECTION('',(0.,0.,-1.));
#193 = DIRECTION('',(-1.,1.224646799147E-16,0.));
#194 = CONICAL_SURFACE('',#195,1.666666666667,0.785398163397);
#195 = AXIS2_PLACEMENT_3D('',#196,#197,#198);
#196 = CARTESIAN_POINT('',(0.,0.,1.38));
#197 = DIRECTION('',(0.,0.,1.));
#198 = DIRECTION('',(-1.,1.224646799147E-16,0.));
#199 = ADVANCED_FACE('',(#200),#227,.T.);
#200 = FACE_BOUND('',#201,.T.);
#201 = EDGE_LOOP('',(#202,#211,#219,#226));
#202 = ORIENTED_EDGE('',*,*,#203,.T.);
#203 = EDGE_CURVE('',#131,#204,#206,.T.);
#204 = VERTEX_POINT('',#205);
#205 = CARTESIAN_POINT('',(1.464466094067,-2.5,1.62));
#206 = ELLIPSE('',#207,8.659137602339E-02,8.E-02);
#207 = AXIS2_PLACEMENT_3D('',#208,#209,#210);
#208 = CARTESIAN_POINT('',(1.431329009077,-2.42,1.62));
#209 = DIRECTION('',(0.923879532511,0.382683432365,-0.));
#210 = DIRECTION('',(-0.382683432365,0.923879532511,0.));
#211 = ORIENTED_EDGE('',*,*,#212,.T.);
#212 = EDGE_CURVE('',#204,#213,#215,.T.);
#213 = VERTEX_POINT('',#214);
#214 = CARTESIAN_POINT('',(2.5,-1.464466094067,1.62));
#215 = LINE('',#216,#217);
#216 = CARTESIAN_POINT('',(1.464466094067,-2.5,1.62));
#217 = VECTOR('',#218,1.);
#218 = DIRECTION('',(0.707106781187,0.707106781187,0.));
#219 = ORIENTED_EDGE('',*,*,#220,.F.);
#220 = EDGE_CURVE('',#133,#213,#221,.T.);
#221 = ELLIPSE('',#222,8.659137602339E-02,8.E-02);
#222 = AXIS2_PLACEMENT_3D('',#223,#224,#225);
#223 = CARTESIAN_POINT('',(2.42,-1.431329009077,1.62));
#224 = DIRECTION('',(0.382683432365,0.923879532511,0.));
#225 = DIRECTION('',(0.923879532511,-0.382683432365,0.));
#226 = ORIENTED_EDGE('',*,*,#130,.F.);
#227 = CYLINDRICAL_SURFACE('',#228,8.E-02);
#228 = AXIS2_PLACEMENT_3D('',#229,#230,#231);
#229 = CARTESIAN_POINT('',(1.407897551572,-2.443431457505,1.62));
#230 = DIRECTION('',(0.707106781187,0.707106781187,0.));
#231 = DIRECTION('',(0.,-0.,1.));
#232 = ADVANCED_FACE('',(#233),#252,.T.);
#233 = FACE_BOUND('',#234,.T.);
#234 = EDGE_LOOP('',(#235,#244,#250,#251));
#235 = ORIENTED_EDGE('',*,*,#236,.F.);
#236 = EDGE_CURVE('',#237,#157,#239,.T.);
#237 = VERTEX_POINT('',#238);
#238 = CARTESIAN_POINT('',(-2.5,-2.5,1.62));
#239 = ELLIPSE('',#240,0.11313708499,8.E-02);
#240 = AXIS2_PLACEMENT_3D('',#241,#242,#243);
#241 = CARTESIAN_POINT('',(-2.42,-2.42,1.62));
#242 = DIRECTION('',(-0.707106781187,0.707106781187,0.));
#243 = DIRECTION('',(-0.707106781187,-0.707106781187,0.));
#244 = ORIENTED_EDGE('',*,*,#245,.T.);
#245 = EDGE_CURVE('',#237,#204,#246,.T.);
#246 = LINE('',#247,#248);
#247 = CARTESIAN_POINT('',(-2.5,-2.5,1.62));
#248 = VECTOR('',#249,1.);
#249 = DIRECTION('',(1.,-1.224646799147E-16,0.));
#250 = ORIENTED_EDGE('',*,*,#203,.F.);
#251 = ORIENTED_EDGE('',*,*,#164,.F.);
#252 = CYLINDRICAL_SURFACE('',#253,8.E-02);
#253 = AXIS2_PLACEMENT_3D('',#254,#255,#256);
#254 = CARTESIAN_POINT('',(-2.5,-2.42,1.62));
#255 = DIRECTION('',(1.,-1.224646799147E-16,0.));
#256 = DIRECTION('',(0.,0.,1.));
#257 = ADVANCED_FACE('',(#258),#277,.T.);
#258 = FACE_BOUND('',#259,.T.);
#259 = EDGE_LOOP('',(#260,#268,#275,#276));
#260 = ORIENTED_EDGE('',*,*,#261,.T.);
#261 = EDGE_CURVE('',#213,#262,#264,.T.);
#262 = VERTEX_POINT('',#263);
#263 = CARTESIAN_POINT('',(2.5,2.5,1.62));
#264 = LINE('',#265,#266);
#265 = CARTESIAN_POINT('',(2.5,-1.464466094067,1.62));
#266 = VECTOR('',#267,1.);
#267 = DIRECTION('',(1.224646799147E-16,1.,0.));
#268 = ORIENTED_EDGE('',*,*,#269,.T.);
#269 = EDGE_CURVE('',#262,#141,#270,.T.);
#270 = ELLIPSE('',#271,0.11313708499,8.E-02);
#271 = AXIS2_PLACEMENT_3D('',#272,#273,#274);
#272 = CARTESIAN_POINT('',(2.42,2.42,1.62));
#273 = DIRECTION('',(0.707106781187,-0.707106781187,-0.));
#274 = DIRECTION('',(-0.707106781187,-0.707106781187,0.));
#275 = ORIENTED_EDGE('',*,*,#140,.F.);
#276 = ORIENTED_EDGE('',*,*,#220,.T.);
#277 = CYLINDRICAL_SURFACE('',#278,8.E-02);
#278 = AXIS2_PLACEMENT_3D('',#279,#280,#281);
#279 = CARTESIAN_POINT('',(2.42,-1.464466094067,1.62));
#280 = DIRECTION('',(1.224646799147E-16,1.,0.));
#281 = DIRECTION('',(1.,-1.224646799147E-16,0.));
#282 = ADVANCED_FACE('',(#283),#302,.T.);
#283 = FACE_BOUND('',#284,.T.);
#284 = EDGE_LOOP('',(#285,#293,#294,#295));
#285 = ORIENTED_EDGE('',*,*,#286,.T.);
#286 = EDGE_CURVE('',#287,#237,#289,.T.);
#287 = VERTEX_POINT('',#288);
#288 = CARTESIAN_POINT('',(-2.5,2.5,1.62));
#289 = LINE('',#290,#291);
#290 = CARTESIAN_POINT('',(-2.5,2.5,1.62));
#291 = VECTOR('',#292,1.);
#292 = DIRECTION('',(-1.224646799147E-16,-1.,0.));
#293 = ORIENTED_EDGE('',*,*,#236,.T.);
#294 = ORIENTED_EDGE('',*,*,#156,.F.);
#295 = ORIENTED_EDGE('',*,*,#296,.F.);
#296 = EDGE_CURVE('',#287,#149,#297,.T.);
#297 = ELLIPSE('',#298,0.11313708499,8.E-02);
#298 = AXIS2_PLACEMENT_3D('',#299,#300,#301);
#299 = CARTESIAN_POINT('',(-2.42,2.42,1.62));
#300 = DIRECTION('',(0.707106781187,0.707106781187,-0.));
#301 = DIRECTION('',(-0.707106781187,0.707106781187,0.));
#302 = CYLINDRICAL_SURFACE('',#303,8.E-02);
#303 = AXIS2_PLACEMENT_3D('',#304,#305,#306);
#304 = CARTESIAN_POINT('',(-2.42,2.5,1.62));
#305 = DIRECTION('',(-1.224646799147E-16,-1.,0.));
#306 = DIRECTION('',(-1.,1.224646799147E-16,0.));
#307 = ADVANCED_FACE('',(#308),#319,.T.);
#308 = FACE_BOUND('',#309,.T.);
#309 = EDGE_LOOP('',(#310,#316,#317,#318));
#310 = ORIENTED_EDGE('',*,*,#311,.T.);
#311 = EDGE_CURVE('',#262,#287,#312,.T.);
#312 = LINE('',#313,#314);
#313 = CARTESIAN_POINT('',(2.5,2.5,1.62));
#314 = VECTOR('',#315,1.);
#315 = DIRECTION('',(-1.,1.224646799147E-16,0.));
#316 = ORIENTED_EDGE('',*,*,#296,.T.);
#317 = ORIENTED_EDGE('',*,*,#148,.F.);
#318 = ORIENTED_EDGE('',*,*,#269,.F.);
#319 = CYLINDRICAL_SURFACE('',#320,8.E-02);
#320 = AXIS2_PLACEMENT_3D('',#321,#322,#323);
#321 = CARTESIAN_POINT('',(2.5,2.42,1.62));
#322 = DIRECTION('',(-1.,1.224646799147E-16,0.));
#323 = DIRECTION('',(1.224646799147E-16,1.,0.));
#324 = ADVANCED_FACE('',(#325),#344,.F.);
#325 = FACE_BOUND('',#326,.F.);
#326 = EDGE_LOOP('',(#327,#335,#336,#337));
#327 = ORIENTED_EDGE('',*,*,#328,.T.);
#328 = EDGE_CURVE('',#329,#179,#331,.T.);
#329 = VERTEX_POINT('',#330);
#330 = CARTESIAN_POINT('',(-1.666666666667,2.041077998579E-16,1.3));
#331 = LINE('',#332,#333);
#332 = CARTESIAN_POINT('',(-1.666666666667,2.041077998579E-16,0.9));
#333 = VECTOR('',#334,1.);
#334 = DIRECTION('',(0.,0.,1.));
#335 = ORIENTED_EDGE('',*,*,#188,.T.);
#336 = ORIENTED_EDGE('',*,*,#328,.F.);
#337 = ORIENTED_EDGE('',*,*,#338,.T.);
#338 = EDGE_CURVE('',#329,#329,#339,.T.);
#339 = CIRCLE('',#340,1.666666666667);
#340 = AXIS2_PLACEMENT_3D('',#341,#342,#343);
#341 = CARTESIAN_POINT('',(0.,0.,1.3));
#342 = DIRECTION('',(0.,0.,1.));
#343 = DIRECTION('',(-1.,1.224646799147E-16,0.));
#344 = CYLINDRICAL_SURFACE('',#345,1.666666666667);
#345 = AXIS2_PLACEMENT_3D('',#346,#347,#348);
#346 = CARTESIAN_POINT('',(0.,0.,0.9));
#347 = DIRECTION('',(0.,0.,-1.));
#348 = DIRECTION('',(-1.,1.224646799147E-16,0.));
#349 = ADVANCED_FACE('',(#350),#375,.T.);
#350 = FACE_BOUND('',#351,.T.);
#351 = EDGE_LOOP('',(#352,#360,#368,#374));
#352 = ORIENTED_EDGE('',*,*,#353,.T.);
#353 = EDGE_CURVE('',#204,#354,#356,.T.);
#354 = VERTEX_POINT('',#355);
#355 = CARTESIAN_POINT('',(1.464466094067,-2.5,1.38));
#356 = LINE('',#357,#358);
#357 = CARTESIAN_POINT('',(1.464466094067,-2.5,0.74));
#358 = VECTOR('',#359,1.);
#359 = DIRECTION('',(0.,0.,-1.));
#360 = ORIENTED_EDGE('',*,*,#361,.F.);
#361 = EDGE_CURVE('',#362,#354,#364,.T.);
#362 = VERTEX_POINT('',#363);
#363 = CARTESIAN_POINT('',(2.5,-1.464466094067,1.38));
#364 = LINE('',#365,#366);
#365 = CARTESIAN_POINT('',(3.75,-0.214466094067,1.38));
#366 = VECTOR('',#367,1.);
#367 = DIRECTION('',(-0.707106781187,-0.707106781187,0.));
#368 = ORIENTED_EDGE('',*,*,#369,.T.);
#369 = EDGE_CURVE('',#362,#213,#370,.T.);
#370 = LINE('',#371,#372);
#371 = CARTESIAN_POINT('',(2.5,-1.464466094067,0.74));
#372 = VECTOR('',#373,1.);
#373 = DIRECTION('',(0.,0.,1.));
#374 = ORIENTED_EDGE('',*,*,#212,.F.);
#375 = PLANE('',#376);
#376 = AXIS2_PLACEMENT_3D('',#377,#378,#379);
#377 = CARTESIAN_POINT('',(3.75,-0.214466094067,1.38));
#378 = DIRECTION('',(0.707106781187,-0.707106781187,0.));
#379 = DIRECTION('',(-0.707106781187,-0.707106781187,0.));
#380 = ADVANCED_FACE('',(#381),#415,.F.);
#381 = FACE_BOUND('',#382,.F.);
#382 = EDGE_LOOP('',(#383,#384,#392,#400,#408,#414));
#383 = ORIENTED_EDGE('',*,*,#353,.T.);
#384 = ORIENTED_EDGE('',*,*,#385,.T.);
#385 = EDGE_CURVE('',#354,#386,#388,.T.);
#386 = VERTEX_POINT('',#387);
#387 = CARTESIAN_POINT('',(2.5,-2.5,1.38));
#388 = LINE('',#389,#390);
#389 = CARTESIAN_POINT('',(0.625,-2.5,1.38));
#390 = VECTOR('',#391,1.);
#391 = DIRECTION('',(1.,-1.224646799147E-16,0.));
#392 = ORIENTED_EDGE('',*,*,#393,.F.);
#393 = EDGE_CURVE('',#394,#386,#396,.T.);
#394 = VERTEX_POINT('',#395);
#395 = CARTESIAN_POINT('',(2.5,-2.5,0.1));
#396 = LINE('',#397,#398);
#397 = CARTESIAN_POINT('',(2.5,-2.5,0.1));
#398 = VECTOR('',#399,1.);
#399 = DIRECTION('',(0.,0.,1.));
#400 = ORIENTED_EDGE('',*,*,#401,.F.);
#401 = EDGE_CURVE('',#402,#394,#404,.T.);
#402 = VERTEX_POINT('',#403);
#403 = CARTESIAN_POINT('',(-2.5,-2.5,0.1));
#404 = LINE('',#405,#406);
#405 = CARTESIAN_POINT('',(-2.5,-2.5,0.1));
#406 = VECTOR('',#407,1.);
#407 = DIRECTION('',(1.,-1.224646799147E-16,0.));
#408 = ORIENTED_EDGE('',*,*,#409,.T.);
#409 = EDGE_CURVE('',#402,#237,#410,.T.);
#410 = LINE('',#411,#412);
#411 = CARTESIAN_POINT('',(-2.5,-2.5,0.1));
#412 = VECTOR('',#413,1.);
#413 = DIRECTION('',(0.,0.,1.));
#414 = ORIENTED_EDGE('',*,*,#245,.T.);
#415 = PLANE('',#416);
#416 = AXIS2_PLACEMENT_3D('',#417,#418,#419);
#417 = CARTESIAN_POINT('',(-2.5,-2.5,0.1));
#418 = DIRECTION('',(1.224646799147E-16,1.,0.));
#419 = DIRECTION('',(1.,-1.224646799147E-16,0.));
#420 = ADVANCED_FACE('',(#421,#478,#512),#546,.F.);
#421 = FACE_BOUND('',#422,.F.);
#422 = EDGE_LOOP('',(#423,#431,#439,#447,#455,#463,#469,#470,#476,#477)
  );
#423 = ORIENTED_EDGE('',*,*,#424,.F.);
#424 = EDGE_CURVE('',#425,#262,#427,.T.);
#425 = VERTEX_POINT('',#426);
#426 = CARTESIAN_POINT('',(2.5,2.5,0.1));
#427 = LINE('',#428,#429);
#428 = CARTESIAN_POINT('',(2.5,2.5,0.1));
#429 = VECTOR('',#430,1.);
#430 = DIRECTION('',(0.,0.,1.));
#431 = ORIENTED_EDGE('',*,*,#432,.F.);
#432 = EDGE_CURVE('',#433,#425,#435,.T.);
#433 = VERTEX_POINT('',#434);
#434 = CARTESIAN_POINT('',(2.5,2.1,0.1));
#435 = LINE('',#436,#437);
#436 = CARTESIAN_POINT('',(2.5,-2.5,0.1));
#437 = VECTOR('',#438,1.);
#438 = DIRECTION('',(1.224646799147E-16,1.,0.));
#439 = ORIENTED_EDGE('',*,*,#440,.F.);
#440 = EDGE_CURVE('',#441,#433,#443,.T.);
#441 = VERTEX_POINT('',#442);
#442 = CARTESIAN_POINT('',(2.5,1.1,0.1));
#443 = LINE('',#444,#445);
#444 = CARTESIAN_POINT('',(2.5,-2.5,0.1));
#445 = VECTOR('',#446,1.);
#446 = DIRECTION('',(1.224646799147E-16,1.,0.));
#447 = ORIENTED_EDGE('',*,*,#448,.F.);
#448 = EDGE_CURVE('',#449,#441,#451,.T.);
#449 = VERTEX_POINT('',#450);
#450 = CARTESIAN_POINT('',(2.5,-1.1,0.1));
#451 = LINE('',#452,#453);
#452 = CARTESIAN_POINT('',(2.5,-2.5,0.1));
#453 = VECTOR('',#454,1.);
#454 = DIRECTION('',(1.224646799147E-16,1.,0.));
#455 = ORIENTED_EDGE('',*,*,#456,.F.);
#456 = EDGE_CURVE('',#457,#449,#459,.T.);
#457 = VERTEX_POINT('',#458);
#458 = CARTESIAN_POINT('',(2.5,-2.1,0.1));
#459 = LINE('',#460,#461);
#460 = CARTESIAN_POINT('',(2.5,-2.5,0.1));
#461 = VECTOR('',#462,1.);
#462 = DIRECTION('',(1.224646799147E-16,1.,0.));
#463 = ORIENTED_EDGE('',*,*,#464,.F.);
#464 = EDGE_CURVE('',#394,#457,#465,.T.);
#465 = LINE('',#466,#467);
#466 = CARTESIAN_POINT('',(2.5,-2.5,0.1));
#467 = VECTOR('',#468,1.);
#468 = DIRECTION('',(1.224646799147E-16,1.,0.));
#469 = ORIENTED_EDGE('',*,*,#393,.T.);
#470 = ORIENTED_EDGE('',*,*,#471,.T.);
#471 = EDGE_CURVE('',#386,#362,#472,.T.);
#472 = LINE('',#473,#474);
#473 = CARTESIAN_POINT('',(2.5,-3.125,1.38));
#474 = VECTOR('',#475,1.);
#475 = DIRECTION('',(1.224646799147E-16,1.,0.));
#476 = ORIENTED_EDGE('',*,*,#369,.T.);
#477 = ORIENTED_EDGE('',*,*,#261,.T.);
#478 = FACE_BOUND('',#479,.F.);
#479 = EDGE_LOOP('',(#480,#490,#498,#506));
#480 = ORIENTED_EDGE('',*,*,#481,.F.);
#481 = EDGE_CURVE('',#482,#484,#486,.T.);
#482 = VERTEX_POINT('',#483);
#483 = CARTESIAN_POINT('',(2.5,-2.1,0.6));
#484 = VERTEX_POINT('',#485);
#485 = CARTESIAN_POINT('',(2.5,-1.1,0.6));
#486 = LINE('',#487,#488);
#487 = CARTESIAN_POINT('',(2.5,-2.05,0.6));
#488 = VECTOR('',#489,1.);
#489 = DIRECTION('',(1.224646799147E-16,1.,0.));
#490 = ORIENTED_EDGE('',*,*,#491,.T.);
#491 = EDGE_CURVE('',#482,#492,#494,.T.);
#492 = VERTEX_POINT('',#493);
#493 = CARTESIAN_POINT('',(2.5,-2.1,0.5));
#494 = LINE('',#495,#496);
#495 = CARTESIAN_POINT('',(2.5,-2.1,5.E-02));
#496 = VECTOR('',#497,1.);
#497 = DIRECTION('',(-0.,0.,-1.));
#498 = ORIENTED_EDGE('',*,*,#499,.T.);
#499 = EDGE_CURVE('',#492,#500,#502,.T.);
#500 = VERTEX_POINT('',#501);
#501 = CARTESIAN_POINT('',(2.5,-1.1,0.5));
#502 = LINE('',#503,#504);
#503 = CARTESIAN_POINT('',(2.5,-2.05,0.5));
#504 = VECTOR('',#505,1.);
#505 = DIRECTION('',(1.224646799147E-16,1.,0.));
#506 = ORIENTED_EDGE('',*,*,#507,.T.);
#507 = EDGE_CURVE('',#500,#484,#508,.T.);
#508 = LINE('',#509,#510);
#509 = CARTESIAN_POINT('',(2.5,-1.1,5.E-02));
#510 = VECTOR('',#511,1.);
#511 = DIRECTION('',(0.,0.,1.));
#512 = FACE_BOUND('',#513,.F.);
#513 = EDGE_LOOP('',(#514,#524,#532,#540));
#514 = ORIENTED_EDGE('',*,*,#515,.T.);
#515 = EDGE_CURVE('',#516,#518,#520,.T.);
#516 = VERTEX_POINT('',#517);
#517 = CARTESIAN_POINT('',(2.5,1.1,0.5));
#518 = VERTEX_POINT('',#519);
#519 = CARTESIAN_POINT('',(2.5,2.1,0.5));
#520 = LINE('',#521,#522);
#521 = CARTESIAN_POINT('',(2.5,-0.45,0.5));
#522 = VECTOR('',#523,1.);
#523 = DIRECTION('',(1.224646799147E-16,1.,0.));
#524 = ORIENTED_EDGE('',*,*,#525,.T.);
#525 = EDGE_CURVE('',#518,#526,#528,.T.);
#526 = VERTEX_POINT('',#527);
#527 = CARTESIAN_POINT('',(2.5,2.1,0.6));
#528 = LINE('',#529,#530);
#529 = CARTESIAN_POINT('',(2.5,2.1,5.E-02));
#530 = VECTOR('',#531,1.);
#531 = DIRECTION('',(0.,0.,1.));
#532 = ORIENTED_EDGE('',*,*,#533,.F.);
#533 = EDGE_CURVE('',#534,#526,#536,.T.);
#534 = VERTEX_POINT('',#535);
#535 = CARTESIAN_POINT('',(2.5,1.1,0.6));
#536 = LINE('',#537,#538);
#537 = CARTESIAN_POINT('',(2.5,-0.45,0.6));
#538 = VECTOR('',#539,1.);
#539 = DIRECTION('',(1.224646799147E-16,1.,0.));
#540 = ORIENTED_EDGE('',*,*,#541,.T.);
#541 = EDGE_CURVE('',#534,#516,#542,.T.);
#542 = LINE('',#543,#544);
#543 = CARTESIAN_POINT('',(2.5,1.1,5.E-02));
#544 = VECTOR('',#545,1.);
#545 = DIRECTION('',(-0.,0.,-1.));
#546 = PLANE('',#547);
#547 = AXIS2_PLACEMENT_3D('',#548,#549,#550);
#548 = CARTESIAN_POINT('',(2.5,-2.5,0.1));
#549 = DIRECTION('',(-1.,1.224646799147E-16,0.));
#550 = DIRECTION('',(1.224646799147E-16,1.,0.));
#551 = ADVANCED_FACE('',(#552,#602,#636),#670,.F.);
#552 = FACE_BOUND('',#553,.F.);
#553 = EDGE_LOOP('',(#554,#562,#563,#564,#572,#580,#588,#596));
#554 = ORIENTED_EDGE('',*,*,#555,.T.);
#555 = EDGE_CURVE('',#556,#287,#558,.T.);
#556 = VERTEX_POINT('',#557);
#557 = CARTESIAN_POINT('',(-2.5,2.5,0.1));
#558 = LINE('',#559,#560);
#559 = CARTESIAN_POINT('',(-2.5,2.5,0.1));
#560 = VECTOR('',#561,1.);
#561 = DIRECTION('',(0.,0.,1.));
#562 = ORIENTED_EDGE('',*,*,#286,.T.);
#563 = ORIENTED_EDGE('',*,*,#409,.F.);
#564 = ORIENTED_EDGE('',*,*,#565,.F.);
#565 = EDGE_CURVE('',#566,#402,#568,.T.);
#566 = VERTEX_POINT('',#567);
#567 = CARTESIAN_POINT('',(-2.5,-2.1,0.1));
#568 = LINE('',#569,#570);
#569 = CARTESIAN_POINT('',(-2.5,2.5,0.1));
#570 = VECTOR('',#571,1.);
#571 = DIRECTION('',(-1.224646799147E-16,-1.,0.));
#572 = ORIENTED_EDGE('',*,*,#573,.F.);
#573 = EDGE_CURVE('',#574,#566,#576,.T.);
#574 = VERTEX_POINT('',#575);
#575 = CARTESIAN_POINT('',(-2.5,-1.1,0.1));
#576 = LINE('',#577,#578);
#577 = CARTESIAN_POINT('',(-2.5,2.5,0.1));
#578 = VECTOR('',#579,1.);
#579 = DIRECTION('',(-1.224646799147E-16,-1.,0.));
#580 = ORIENTED_EDGE('',*,*,#581,.F.);
#581 = EDGE_CURVE('',#582,#574,#584,.T.);
#582 = VERTEX_POINT('',#583);
#583 = CARTESIAN_POINT('',(-2.5,1.1,0.1));
#584 = LINE('',#585,#586);
#585 = CARTESIAN_POINT('',(-2.5,2.5,0.1));
#586 = VECTOR('',#587,1.);
#587 = DIRECTION('',(-1.224646799147E-16,-1.,0.));
#588 = ORIENTED_EDGE('',*,*,#589,.F.);
#589 = EDGE_CURVE('',#590,#582,#592,.T.);
#590 = VERTEX_POINT('',#591);
#591 = CARTESIAN_POINT('',(-2.5,2.1,0.1));
#592 = LINE('',#593,#594);
#593 = CARTESIAN_POINT('',(-2.5,2.5,0.1));
#594 = VECTOR('',#595,1.);
#595 = DIRECTION('',(-1.224646799147E-16,-1.,0.));
#596 = ORIENTED_EDGE('',*,*,#597,.F.);
#597 = EDGE_CURVE('',#556,#590,#598,.T.);
#598 = LINE('',#599,#600);
#599 = CARTESIAN_POINT('',(-2.5,2.5,0.1));
#600 = VECTOR('',#601,1.);
#601 = DIRECTION('',(-1.224646799147E-16,-1.,0.));
#602 = FACE_BOUND('',#603,.F.);
#603 = EDGE_LOOP('',(#604,#614,#622,#630));
#604 = ORIENTED_EDGE('',*,*,#605,.T.);
#605 = EDGE_CURVE('',#606,#608,#610,.T.);
#606 = VERTEX_POINT('',#607);
#607 = CARTESIAN_POINT('',(-2.5,-1.1,0.5));
#608 = VERTEX_POINT('',#609);
#609 = CARTESIAN_POINT('',(-2.5,-2.1,0.5));
#610 = LINE('',#611,#612);
#611 = CARTESIAN_POINT('',(-2.5,0.45,0.5));
#612 = VECTOR('',#613,1.);
#613 = DIRECTION('',(-1.224646799147E-16,-1.,0.));
#614 = ORIENTED_EDGE('',*,*,#615,.T.);
#615 = EDGE_CURVE('',#608,#616,#618,.T.);
#616 = VERTEX_POINT('',#617);
#617 = CARTESIAN_POINT('',(-2.5,-2.1,0.6));
#618 = LINE('',#619,#620);
#619 = CARTESIAN_POINT('',(-2.5,-2.1,5.E-02));
#620 = VECTOR('',#621,1.);
#621 = DIRECTION('',(0.,0.,1.));
#622 = ORIENTED_EDGE('',*,*,#623,.F.);
#623 = EDGE_CURVE('',#624,#616,#626,.T.);
#624 = VERTEX_POINT('',#625);
#625 = CARTESIAN_POINT('',(-2.5,-1.1,0.6));
#626 = LINE('',#627,#628);
#627 = CARTESIAN_POINT('',(-2.5,0.45,0.6));
#628 = VECTOR('',#629,1.);
#629 = DIRECTION('',(-1.224646799147E-16,-1.,0.));
#630 = ORIENTED_EDGE('',*,*,#631,.T.);
#631 = EDGE_CURVE('',#624,#606,#632,.T.);
#632 = LINE('',#633,#634);
#633 = CARTESIAN_POINT('',(-2.5,-1.1,5.E-02));
#634 = VECTOR('',#635,1.);
#635 = DIRECTION('',(-0.,0.,-1.));
#636 = FACE_BOUND('',#637,.F.);
#637 = EDGE_LOOP('',(#638,#648,#656,#664));
#638 = ORIENTED_EDGE('',*,*,#639,.F.);
#639 = EDGE_CURVE('',#640,#642,#644,.T.);
#640 = VERTEX_POINT('',#641);
#641 = CARTESIAN_POINT('',(-2.5,2.1,0.6));
#642 = VERTEX_POINT('',#643);
#643 = CARTESIAN_POINT('',(-2.5,1.1,0.6));
#644 = LINE('',#645,#646);
#645 = CARTESIAN_POINT('',(-2.5,2.05,0.6));
#646 = VECTOR('',#647,1.);
#647 = DIRECTION('',(-1.224646799147E-16,-1.,0.));
#648 = ORIENTED_EDGE('',*,*,#649,.T.);
#649 = EDGE_CURVE('',#640,#650,#652,.T.);
#650 = VERTEX_POINT('',#651);
#651 = CARTESIAN_POINT('',(-2.5,2.1,0.5));
#652 = LINE('',#653,#654);
#653 = CARTESIAN_POINT('',(-2.5,2.1,5.E-02));
#654 = VECTOR('',#655,1.);
#655 = DIRECTION('',(-0.,0.,-1.));
#656 = ORIENTED_EDGE('',*,*,#657,.T.);
#657 = EDGE_CURVE('',#650,#658,#660,.T.);
#658 = VERTEX_POINT('',#659);
#659 = CARTESIAN_POINT('',(-2.5,1.1,0.5));
#660 = LINE('',#661,#662);
#661 = CARTESIAN_POINT('',(-2.5,2.05,0.5));
#662 = VECTOR('',#663,1.);
#663 = DIRECTION('',(-1.224646799147E-16,-1.,0.));
#664 = ORIENTED_EDGE('',*,*,#665,.T.);
#665 = EDGE_CURVE('',#658,#642,#666,.T.);
#666 = LINE('',#667,#668);
#667 = CARTESIAN_POINT('',(-2.5,1.1,5.E-02));
#668 = VECTOR('',#669,1.);
#669 = DIRECTION('',(0.,0.,1.));
#670 = PLANE('',#671);
#671 = AXIS2_PLACEMENT_3D('',#672,#673,#674);
#672 = CARTESIAN_POINT('',(-2.5,2.5,0.1));
#673 = DIRECTION('',(1.,-1.224646799147E-16,0.));
#674 = DIRECTION('',(-1.224646799147E-16,-1.,0.));
#675 = ADVANCED_FACE('',(#676),#687,.F.);
#676 = FACE_BOUND('',#677,.F.);
#677 = EDGE_LOOP('',(#678,#679,#680,#681));
#678 = ORIENTED_EDGE('',*,*,#424,.T.);
#679 = ORIENTED_EDGE('',*,*,#311,.T.);
#680 = ORIENTED_EDGE('',*,*,#555,.F.);
#681 = ORIENTED_EDGE('',*,*,#682,.F.);
#682 = EDGE_CURVE('',#425,#556,#683,.T.);
#683 = LINE('',#684,#685);
#684 = CARTESIAN_POINT('',(2.5,2.5,0.1));
#685 = VECTOR('',#686,1.);
#686 = DIRECTION('',(-1.,1.224646799147E-16,0.));
#687 = PLANE('',#688);
#688 = AXIS2_PLACEMENT_3D('',#689,#690,#691);
#689 = CARTESIAN_POINT('',(2.5,2.5,0.1));
#690 = DIRECTION('',(-1.224646799147E-16,-1.,0.));
#691 = DIRECTION('',(-1.,1.224646799147E-16,0.));
#692 = ADVANCED_FACE('',(#693),#696,.T.);
#693 = FACE_BOUND('',#694,.T.);
#694 = EDGE_LOOP('',(#695));
#695 = ORIENTED_EDGE('',*,*,#338,.T.);
#696 = PLANE('',#697);
#697 = AXIS2_PLACEMENT_3D('',#698,#699,#700);
#698 = CARTESIAN_POINT('',(1.538370149107E-16,-1.370800865949E-16,1.3));
#699 = DIRECTION('',(-4.787743803777E-49,7.264797914051E-33,1.));
#700 = DIRECTION('',(-1.224646799147E-16,-1.,7.264797914051E-33));
#701 = ADVANCED_FACE('',(#702),#707,.T.);
#702 = FACE_BOUND('',#703,.T.);
#703 = EDGE_LOOP('',(#704,#705,#706));
#704 = ORIENTED_EDGE('',*,*,#471,.T.);
#705 = ORIENTED_EDGE('',*,*,#361,.T.);
#706 = ORIENTED_EDGE('',*,*,#385,.T.);
#707 = PLANE('',#708);
#708 = AXIS2_PLACEMENT_3D('',#709,#710,#711);
#709 = CARTESIAN_POINT('',(3.75,-3.75,1.38));
#710 = DIRECTION('',(0.,0.,1.));
#711 = DIRECTION('',(-0.707106781187,-0.707106781187,0.));
#712 = ADVANCED_FACE('',(#713),#875,.F.);
#713 = FACE_BOUND('',#714,.F.);
#714 = EDGE_LOOP('',(#715,#716,#717,#718,#726,#734,#742,#750,#756,#757,
    #765,#773,#781,#789,#795,#796,#797,#798,#806,#814,#822,#830,#836,
    #837,#845,#853,#861,#869));
#715 = ORIENTED_EDGE('',*,*,#432,.T.);
#716 = ORIENTED_EDGE('',*,*,#682,.T.);
#717 = ORIENTED_EDGE('',*,*,#597,.T.);
#718 = ORIENTED_EDGE('',*,*,#719,.F.);
#719 = EDGE_CURVE('',#720,#590,#722,.T.);
#720 = VERTEX_POINT('',#721);
#721 = CARTESIAN_POINT('',(-1.85,2.1,0.1));
#722 = LINE('',#723,#724);
#723 = CARTESIAN_POINT('',(-1.95,2.1,0.1));
#724 = VECTOR('',#725,1.);
#725 = DIRECTION('',(-1.,1.224646799147E-16,1.44444745829E-33));
#726 = ORIENTED_EDGE('',*,*,#727,.T.);
#727 = EDGE_CURVE('',#720,#728,#730,.T.);
#728 = VERTEX_POINT('',#729);
#729 = CARTESIAN_POINT('',(-1.7,2.1,0.1));
#730 = LINE('',#731,#732);
#731 = CARTESIAN_POINT('',(-0.85,2.1,0.1));
#732 = VECTOR('',#733,1.);
#733 = DIRECTION('',(1.,-1.224646799147E-16,0.));
#734 = ORIENTED_EDGE('',*,*,#735,.T.);
#735 = EDGE_CURVE('',#728,#736,#738,.T.);
#736 = VERTEX_POINT('',#737);
#737 = CARTESIAN_POINT('',(-1.7,1.1,0.1));
#738 = LINE('',#739,#740);
#739 = CARTESIAN_POINT('',(-1.7,0.55,0.1));
#740 = VECTOR('',#741,1.);
#741 = DIRECTION('',(-1.224646799147E-16,-1.,0.));
#742 = ORIENTED_EDGE('',*,*,#743,.T.);
#743 = EDGE_CURVE('',#736,#744,#746,.T.);
#744 = VERTEX_POINT('',#745);
#745 = CARTESIAN_POINT('',(-1.85,1.1,0.1));
#746 = LINE('',#747,#748);
#747 = CARTESIAN_POINT('',(-1.35,1.1,0.1));
#748 = VECTOR('',#749,1.);
#749 = DIRECTION('',(-1.,1.224646799147E-16,0.));
#750 = ORIENTED_EDGE('',*,*,#751,.F.);
#751 = EDGE_CURVE('',#582,#744,#752,.T.);
#752 = LINE('',#753,#754);
#753 = CARTESIAN_POINT('',(-2.45,1.1,0.1));
#754 = VECTOR('',#755,1.);
#755 = DIRECTION('',(1.,-1.224646799147E-16,-1.44444745829E-33));
#756 = ORIENTED_EDGE('',*,*,#581,.T.);
#757 = ORIENTED_EDGE('',*,*,#758,.F.);
#758 = EDGE_CURVE('',#759,#574,#761,.T.);
#759 = VERTEX_POINT('',#760);
#760 = CARTESIAN_POINT('',(-1.85,-1.1,0.1));
#761 = LINE('',#762,#763);
#762 = CARTESIAN_POINT('',(-1.95,-1.1,0.1));
#763 = VECTOR('',#764,1.);
#764 = DIRECTION('',(-1.,1.224646799147E-16,1.44444745829E-33));
#765 = ORIENTED_EDGE('',*,*,#766,.T.);
#766 = EDGE_CURVE('',#759,#767,#769,.T.);
#767 = VERTEX_POINT('',#768);
#768 = CARTESIAN_POINT('',(-1.7,-1.1,0.1));
#769 = LINE('',#770,#771);
#770 = CARTESIAN_POINT('',(-0.85,-1.1,0.1));
#771 = VECTOR('',#772,1.);
#772 = DIRECTION('',(1.,-1.224646799147E-16,0.));
#773 = ORIENTED_EDGE('',*,*,#774,.T.);
#774 = EDGE_CURVE('',#767,#775,#777,.T.);
#775 = VERTEX_POINT('',#776);
#776 = CARTESIAN_POINT('',(-1.7,-2.1,0.1));
#777 = LINE('',#778,#779);
#778 = CARTESIAN_POINT('',(-1.7,-1.05,0.1));
#779 = VECTOR('',#780,1.);
#780 = DIRECTION('',(-1.224646799147E-16,-1.,0.));
#781 = ORIENTED_EDGE('',*,*,#782,.T.);
#782 = EDGE_CURVE('',#775,#783,#785,.T.);
#783 = VERTEX_POINT('',#784);
#784 = CARTESIAN_POINT('',(-1.85,-2.1,0.1));
#785 = LINE('',#786,#787);
#786 = CARTESIAN_POINT('',(-1.35,-2.1,0.1));
#787 = VECTOR('',#788,1.);
#788 = DIRECTION('',(-1.,1.224646799147E-16,0.));
#789 = ORIENTED_EDGE('',*,*,#790,.F.);
#790 = EDGE_CURVE('',#566,#783,#791,.T.);
#791 = LINE('',#792,#793);
#792 = CARTESIAN_POINT('',(-2.45,-2.1,0.1));
#793 = VECTOR('',#794,1.);
#794 = DIRECTION('',(1.,-1.224646799147E-16,-1.44444745829E-33));
#795 = ORIENTED_EDGE('',*,*,#565,.T.);
#796 = ORIENTED_EDGE('',*,*,#401,.T.);
#797 = ORIENTED_EDGE('',*,*,#464,.T.);
#798 = ORIENTED_EDGE('',*,*,#799,.F.);
#799 = EDGE_CURVE('',#800,#457,#802,.T.);
#800 = VERTEX_POINT('',#801);
#801 = CARTESIAN_POINT('',(1.85,-2.1,0.1));
#802 = LINE('',#803,#804);
#803 = CARTESIAN_POINT('',(1.95,-2.1,0.1));
#804 = VECTOR('',#805,1.);
#805 = DIRECTION('',(1.,-1.224646799147E-16,-1.44444745829E-33));
#806 = ORIENTED_EDGE('',*,*,#807,.T.);
#807 = EDGE_CURVE('',#800,#808,#810,.T.);
#808 = VERTEX_POINT('',#809);
#809 = CARTESIAN_POINT('',(1.7,-2.1,0.1));
#810 = LINE('',#811,#812);
#811 = CARTESIAN_POINT('',(0.85,-2.1,0.1));
#812 = VECTOR('',#813,1.);
#813 = DIRECTION('',(-1.,1.224646799147E-16,0.));
#814 = ORIENTED_EDGE('',*,*,#815,.T.);
#815 = EDGE_CURVE('',#808,#816,#818,.T.);
#816 = VERTEX_POINT('',#817);
#817 = CARTESIAN_POINT('',(1.7,-1.1,0.1));
#818 = LINE('',#819,#820);
#819 = CARTESIAN_POINT('',(1.7,-0.55,0.1));
#820 = VECTOR('',#821,1.);
#821 = DIRECTION('',(1.224646799147E-16,1.,0.));
#822 = ORIENTED_EDGE('',*,*,#823,.T.);
#823 = EDGE_CURVE('',#816,#824,#826,.T.);
#824 = VERTEX_POINT('',#825);
#825 = CARTESIAN_POINT('',(1.85,-1.1,0.1));
#826 = LINE('',#827,#828);
#827 = CARTESIAN_POINT('',(1.35,-1.1,0.1));
#828 = VECTOR('',#829,1.);
#829 = DIRECTION('',(1.,-1.224646799147E-16,0.));
#830 = ORIENTED_EDGE('',*,*,#831,.F.);
#831 = EDGE_CURVE('',#449,#824,#832,.T.);
#832 = LINE('',#833,#834);
#833 = CARTESIAN_POINT('',(2.45,-1.1,0.1));
#834 = VECTOR('',#835,1.);
#835 = DIRECTION('',(-1.,1.224646799147E-16,1.44444745829E-33));
#836 = ORIENTED_EDGE('',*,*,#448,.T.);
#837 = ORIENTED_EDGE('',*,*,#838,.F.);
#838 = EDGE_CURVE('',#839,#441,#841,.T.);
#839 = VERTEX_POINT('',#840);
#840 = CARTESIAN_POINT('',(1.85,1.1,0.1));
#841 = LINE('',#842,#843);
#842 = CARTESIAN_POINT('',(1.95,1.1,0.1));
#843 = VECTOR('',#844,1.);
#844 = DIRECTION('',(1.,-1.224646799147E-16,-1.44444745829E-33));
#845 = ORIENTED_EDGE('',*,*,#846,.T.);
#846 = EDGE_CURVE('',#839,#847,#849,.T.);
#847 = VERTEX_POINT('',#848);
#848 = CARTESIAN_POINT('',(1.7,1.1,0.1));
#849 = LINE('',#850,#851);
#850 = CARTESIAN_POINT('',(0.85,1.1,0.1));
#851 = VECTOR('',#852,1.);
#852 = DIRECTION('',(-1.,1.224646799147E-16,0.));
#853 = ORIENTED_EDGE('',*,*,#854,.T.);
#854 = EDGE_CURVE('',#847,#855,#857,.T.);
#855 = VERTEX_POINT('',#856);
#856 = CARTESIAN_POINT('',(1.7,2.1,0.1));
#857 = LINE('',#858,#859);
#858 = CARTESIAN_POINT('',(1.7,1.05,0.1));
#859 = VECTOR('',#860,1.);
#860 = DIRECTION('',(1.224646799147E-16,1.,0.));
#861 = ORIENTED_EDGE('',*,*,#862,.T.);
#862 = EDGE_CURVE('',#855,#863,#865,.T.);
#863 = VERTEX_POINT('',#864);
#864 = CARTESIAN_POINT('',(1.85,2.1,0.1));
#865 = LINE('',#866,#867);
#866 = CARTESIAN_POINT('',(1.35,2.1,0.1));
#867 = VECTOR('',#868,1.);
#868 = DIRECTION('',(1.,-1.224646799147E-16,0.));
#869 = ORIENTED_EDGE('',*,*,#870,.F.);
#870 = EDGE_CURVE('',#433,#863,#871,.T.);
#871 = LINE('',#872,#873);
#872 = CARTESIAN_POINT('',(2.45,2.1,0.1));
#873 = VECTOR('',#874,1.);
#874 = DIRECTION('',(-1.,1.224646799147E-16,1.44444745829E-33));
#875 = PLANE('',#876);
#876 = AXIS2_PLACEMENT_3D('',#877,#878,#879);
#877 = CARTESIAN_POINT('',(0.,0.,0.1));
#878 = DIRECTION('',(0.,0.,1.));
#879 = DIRECTION('',(-1.,1.224646799147E-16,0.));
#880 = ADVANCED_FACE('',(#881),#906,.T.);
#881 = FACE_BOUND('',#882,.T.);
#882 = EDGE_LOOP('',(#883,#893,#899,#900));
#883 = ORIENTED_EDGE('',*,*,#884,.T.);
#884 = EDGE_CURVE('',#885,#887,#889,.T.);
#885 = VERTEX_POINT('',#886);
#886 = CARTESIAN_POINT('',(2.55,1.1,0.1));
#887 = VERTEX_POINT('',#888);
#888 = CARTESIAN_POINT('',(2.55,2.1,0.1));
#889 = LINE('',#890,#891);
#890 = CARTESIAN_POINT('',(2.55,1.,0.1));
#891 = VECTOR('',#892,1.);
#892 = DIRECTION('',(1.224646799147E-16,1.,0.));
#893 = ORIENTED_EDGE('',*,*,#894,.T.);
#894 = EDGE_CURVE('',#887,#433,#895,.T.);
#895 = LINE('',#896,#897);
#896 = CARTESIAN_POINT('',(2.45,2.1,0.1));
#897 = VECTOR('',#898,1.);
#898 = DIRECTION('',(-1.,1.224646799147E-16,1.44444745829E-33));
#899 = ORIENTED_EDGE('',*,*,#440,.F.);
#900 = ORIENTED_EDGE('',*,*,#901,.T.);
#901 = EDGE_CURVE('',#441,#885,#902,.T.);
#902 = LINE('',#903,#904);
#903 = CARTESIAN_POINT('',(1.95,1.1,0.1));
#904 = VECTOR('',#905,1.);
#905 = DIRECTION('',(1.,-1.224646799147E-16,-1.44444745829E-33));
#906 = PLANE('',#907);
#907 = AXIS2_PLACEMENT_3D('',#908,#909,#910);
#908 = CARTESIAN_POINT('',(2.2,1.6,0.1));
#909 = DIRECTION('',(1.44444745829E-33,-1.768937956332E-49,1.));
#910 = DIRECTION('',(-1.,1.224646799147E-16,1.44444745829E-33));
#911 = ADVANCED_FACE('',(#912),#937,.T.);
#912 = FACE_BOUND('',#913,.T.);
#913 = EDGE_LOOP('',(#914,#924,#930,#931));
#914 = ORIENTED_EDGE('',*,*,#915,.T.);
#915 = EDGE_CURVE('',#916,#918,#920,.T.);
#916 = VERTEX_POINT('',#917);
#917 = CARTESIAN_POINT('',(2.55,-2.1,0.1));
#918 = VERTEX_POINT('',#919);
#919 = CARTESIAN_POINT('',(2.55,-1.1,0.1));
#920 = LINE('',#921,#922);
#921 = CARTESIAN_POINT('',(2.55,-2.2,0.1));
#922 = VECTOR('',#923,1.);
#923 = DIRECTION('',(1.224646799147E-16,1.,0.));
#924 = ORIENTED_EDGE('',*,*,#925,.T.);
#925 = EDGE_CURVE('',#918,#449,#926,.T.);
#926 = LINE('',#927,#928);
#927 = CARTESIAN_POINT('',(2.45,-1.1,0.1));
#928 = VECTOR('',#929,1.);
#929 = DIRECTION('',(-1.,1.224646799147E-16,1.44444745829E-33));
#930 = ORIENTED_EDGE('',*,*,#456,.F.);
#931 = ORIENTED_EDGE('',*,*,#932,.T.);
#932 = EDGE_CURVE('',#457,#916,#933,.T.);
#933 = LINE('',#934,#935);
#934 = CARTESIAN_POINT('',(1.95,-2.1,0.1));
#935 = VECTOR('',#936,1.);
#936 = DIRECTION('',(1.,-1.224646799147E-16,-1.44444745829E-33));
#937 = PLANE('',#938);
#938 = AXIS2_PLACEMENT_3D('',#939,#940,#941);
#939 = CARTESIAN_POINT('',(2.2,-1.6,0.1));
#940 = DIRECTION('',(1.44444745829E-33,-1.768937956332E-49,1.));
#941 = DIRECTION('',(-1.,1.224646799147E-16,1.44444745829E-33));
#942 = ADVANCED_FACE('',(#943),#968,.T.);
#943 = FACE_BOUND('',#944,.T.);
#944 = EDGE_LOOP('',(#945,#955,#961,#962));
#945 = ORIENTED_EDGE('',*,*,#946,.T.);
#946 = EDGE_CURVE('',#947,#949,#951,.T.);
#947 = VERTEX_POINT('',#948);
#948 = CARTESIAN_POINT('',(2.65,-2.1,0.6));
#949 = VERTEX_POINT('',#950);
#950 = CARTESIAN_POINT('',(2.65,-1.1,0.6));
#951 = LINE('',#952,#953);
#952 = CARTESIAN_POINT('',(2.65,-2.1,0.6));
#953 = VECTOR('',#954,1.);
#954 = DIRECTION('',(1.224646799147E-16,1.,0.));
#955 = ORIENTED_EDGE('',*,*,#956,.T.);
#956 = EDGE_CURVE('',#949,#484,#957,.T.);
#957 = LINE('',#958,#959);
#958 = CARTESIAN_POINT('',(2.7,-1.1,0.6));
#959 = VECTOR('',#960,1.);
#960 = DIRECTION('',(-1.,1.224646799147E-16,0.));
#961 = ORIENTED_EDGE('',*,*,#481,.F.);
#962 = ORIENTED_EDGE('',*,*,#963,.T.);
#963 = EDGE_CURVE('',#482,#947,#964,.T.);
#964 = LINE('',#965,#966);
#965 = CARTESIAN_POINT('',(1.7,-2.1,0.6));
#966 = VECTOR('',#967,1.);
#967 = DIRECTION('',(1.,-1.224646799147E-16,0.));
#968 = PLANE('',#969);
#969 = AXIS2_PLACEMENT_3D('',#970,#971,#972);
#970 = CARTESIAN_POINT('',(2.2,-1.6,0.6));
#971 = DIRECTION('',(0.,0.,1.));
#972 = DIRECTION('',(-1.,1.224646799147E-16,0.));
#973 = ADVANCED_FACE('',(#974),#1053,.F.);
#974 = FACE_BOUND('',#975,.F.);
#975 = EDGE_LOOP('',(#976,#987,#995,#1002,#1003,#1004,#1012,#1021,#1029,
    #1036,#1037,#1038,#1039,#1047));
#976 = ORIENTED_EDGE('',*,*,#977,.F.);
#977 = EDGE_CURVE('',#978,#980,#982,.T.);
#978 = VERTEX_POINT('',#979);
#979 = CARTESIAN_POINT('',(2.7,-1.1,5.E-02));
#980 = VERTEX_POINT('',#981);
#981 = CARTESIAN_POINT('',(2.65,-1.1,-6.938893903907E-18));
#982 = CIRCLE('',#983,5.E-02);
#983 = AXIS2_PLACEMENT_3D('',#984,#985,#986);
#984 = CARTESIAN_POINT('',(2.65,-1.1,5.E-02));
#985 = DIRECTION('',(1.224646799147E-16,1.,0.));
#986 = DIRECTION('',(0.,0.,-1.));
#987 = ORIENTED_EDGE('',*,*,#988,.T.);
#988 = EDGE_CURVE('',#978,#989,#991,.T.);
#989 = VERTEX_POINT('',#990);
#990 = CARTESIAN_POINT('',(2.7,-1.1,0.55));
#991 = LINE('',#992,#993);
#992 = CARTESIAN_POINT('',(2.7,-1.1,0.));
#993 = VECTOR('',#994,1.);
#994 = DIRECTION('',(0.,0.,1.));
#995 = ORIENTED_EDGE('',*,*,#996,.T.);
#996 = EDGE_CURVE('',#989,#949,#997,.T.);
#997 = CIRCLE('',#998,5.E-02);
#998 = AXIS2_PLACEMENT_3D('',#999,#1000,#1001);
#999 = CARTESIAN_POINT('',(2.65,-1.1,0.55));
#1000 = DIRECTION('',(-1.224646799147E-16,-1.,0.));
#1001 = DIRECTION('',(-0.,0.,-1.));
#1002 = ORIENTED_EDGE('',*,*,#956,.T.);
#1003 = ORIENTED_EDGE('',*,*,#507,.F.);
#1004 = ORIENTED_EDGE('',*,*,#1005,.F.);
#1005 = EDGE_CURVE('',#1006,#500,#1008,.T.);
#1006 = VERTEX_POINT('',#1007);
#1007 = CARTESIAN_POINT('',(2.55,-1.1,0.5));
#1008 = LINE('',#1009,#1010);
#1009 = CARTESIAN_POINT('',(2.45,-1.1,0.5));
#1010 = VECTOR('',#1011,1.);
#1011 = DIRECTION('',(-1.,1.224646799147E-16,1.44444745829E-33));
#1012 = ORIENTED_EDGE('',*,*,#1013,.T.);
#1013 = EDGE_CURVE('',#1006,#1014,#1016,.T.);
#1014 = VERTEX_POINT('',#1015);
#1015 = CARTESIAN_POINT('',(2.6,-1.1,0.45));
#1016 = CIRCLE('',#1017,5.E-02);
#1017 = AXIS2_PLACEMENT_3D('',#1018,#1019,#1020);
#1018 = CARTESIAN_POINT('',(2.55,-1.1,0.45));
#1019 = DIRECTION('',(1.224646799147E-16,1.,0.));
#1020 = DIRECTION('',(1.,-1.224646799147E-16,0.));
#1021 = ORIENTED_EDGE('',*,*,#1022,.T.);
#1022 = EDGE_CURVE('',#1014,#1023,#1025,.T.);
#1023 = VERTEX_POINT('',#1024);
#1024 = CARTESIAN_POINT('',(2.6,-1.1,0.15));
#1025 = LINE('',#1026,#1027);
#1026 = CARTESIAN_POINT('',(2.6,-1.1,5.E-02));
#1027 = VECTOR('',#1028,1.);
#1028 = DIRECTION('',(0.,-0.,-1.));
#1029 = ORIENTED_EDGE('',*,*,#1030,.T.);
#1030 = EDGE_CURVE('',#1023,#918,#1031,.T.);
#1031 = CIRCLE('',#1032,5.E-02);
#1032 = AXIS2_PLACEMENT_3D('',#1033,#1034,#1035);
#1033 = CARTESIAN_POINT('',(2.55,-1.1,0.15));
#1034 = DIRECTION('',(1.224646799147E-16,1.,0.));
#1035 = DIRECTION('',(1.,-1.224646799147E-16,0.));
#1036 = ORIENTED_EDGE('',*,*,#925,.T.);
#1037 = ORIENTED_EDGE('',*,*,#831,.T.);
#1038 = ORIENTED_EDGE('',*,*,#823,.F.);
#1039 = ORIENTED_EDGE('',*,*,#1040,.F.);
#1040 = EDGE_CURVE('',#1041,#816,#1043,.T.);
#1041 = VERTEX_POINT('',#1042);
#1042 = CARTESIAN_POINT('',(1.7,-1.1,0.));
#1043 = LINE('',#1044,#1045);
#1044 = CARTESIAN_POINT('',(1.7,-1.1,0.));
#1045 = VECTOR('',#1046,1.);
#1046 = DIRECTION('',(0.,0.,1.));
#1047 = ORIENTED_EDGE('',*,*,#1048,.F.);
#1048 = EDGE_CURVE('',#980,#1041,#1049,.T.);
#1049 = LINE('',#1050,#1051);
#1050 = CARTESIAN_POINT('',(2.7,-1.1,0.));
#1051 = VECTOR('',#1052,1.);
#1052 = DIRECTION('',(-1.,1.224646799147E-16,0.));
#1053 = PLANE('',#1054);
#1054 = AXIS2_PLACEMENT_3D('',#1055,#1056,#1057);
#1055 = CARTESIAN_POINT('',(2.7,-1.1,0.));
#1056 = DIRECTION('',(-1.224646799147E-16,-1.,0.));
#1057 = DIRECTION('',(-1.,1.224646799147E-16,0.));
#1058 = ADVANCED_FACE('',(#1059),#1077,.F.);
#1059 = FACE_BOUND('',#1060,.F.);
#1060 = EDGE_LOOP('',(#1061,#1069,#1070,#1071));
#1061 = ORIENTED_EDGE('',*,*,#1062,.T.);
#1062 = EDGE_CURVE('',#1063,#1006,#1065,.T.);
#1063 = VERTEX_POINT('',#1064);
#1064 = CARTESIAN_POINT('',(2.55,-2.1,0.5));
#1065 = LINE('',#1066,#1067);
#1066 = CARTESIAN_POINT('',(2.55,-2.2,0.5));
#1067 = VECTOR('',#1068,1.);
#1068 = DIRECTION('',(1.224646799147E-16,1.,0.));
#1069 = ORIENTED_EDGE('',*,*,#1005,.T.);
#1070 = ORIENTED_EDGE('',*,*,#499,.F.);
#1071 = ORIENTED_EDGE('',*,*,#1072,.T.);
#1072 = EDGE_CURVE('',#492,#1063,#1073,.T.);
#1073 = LINE('',#1074,#1075);
#1074 = CARTESIAN_POINT('',(1.95,-2.1,0.5));
#1075 = VECTOR('',#1076,1.);
#1076 = DIRECTION('',(1.,-1.224646799147E-16,-1.44444745829E-33));
#1077 = PLANE('',#1078);
#1078 = AXIS2_PLACEMENT_3D('',#1079,#1080,#1081);
#1079 = CARTESIAN_POINT('',(2.2,-1.6,0.5));
#1080 = DIRECTION('',(1.44444745829E-33,-1.768937956332E-49,1.));
#1081 = DIRECTION('',(-1.,1.224646799147E-16,1.44444745829E-33));
#1082 = ADVANCED_FACE('',(#1083),#1155,.F.);
#1083 = FACE_BOUND('',#1084,.F.);
#1084 = EDGE_LOOP('',(#1085,#1095,#1104,#1112,#1118,#1119,#1120,#1121,
    #1130,#1138,#1145,#1146,#1147,#1148));
#1085 = ORIENTED_EDGE('',*,*,#1086,.F.);
#1086 = EDGE_CURVE('',#1087,#1089,#1091,.T.);
#1087 = VERTEX_POINT('',#1088);
#1088 = CARTESIAN_POINT('',(2.7,-2.1,5.E-02));
#1089 = VERTEX_POINT('',#1090);
#1090 = CARTESIAN_POINT('',(2.7,-2.1,0.55));
#1091 = LINE('',#1092,#1093);
#1092 = CARTESIAN_POINT('',(2.7,-2.1,0.));
#1093 = VECTOR('',#1094,1.);
#1094 = DIRECTION('',(0.,0.,1.));
#1095 = ORIENTED_EDGE('',*,*,#1096,.T.);
#1096 = EDGE_CURVE('',#1087,#1097,#1099,.T.);
#1097 = VERTEX_POINT('',#1098);
#1098 = CARTESIAN_POINT('',(2.65,-2.1,-6.938893903907E-18));
#1099 = CIRCLE('',#1100,5.E-02);
#1100 = AXIS2_PLACEMENT_3D('',#1101,#1102,#1103);
#1101 = CARTESIAN_POINT('',(2.65,-2.1,5.E-02));
#1102 = DIRECTION('',(1.224646799147E-16,1.,0.));
#1103 = DIRECTION('',(0.,0.,-1.));
#1104 = ORIENTED_EDGE('',*,*,#1105,.F.);
#1105 = EDGE_CURVE('',#1106,#1097,#1108,.T.);
#1106 = VERTEX_POINT('',#1107);
#1107 = CARTESIAN_POINT('',(1.7,-2.1,0.));
#1108 = LINE('',#1109,#1110);
#1109 = CARTESIAN_POINT('',(1.7,-2.1,0.));
#1110 = VECTOR('',#1111,1.);
#1111 = DIRECTION('',(1.,-1.224646799147E-16,0.));
#1112 = ORIENTED_EDGE('',*,*,#1113,.T.);
#1113 = EDGE_CURVE('',#1106,#808,#1114,.T.);
#1114 = LINE('',#1115,#1116);
#1115 = CARTESIAN_POINT('',(1.7,-2.1,0.));
#1116 = VECTOR('',#1117,1.);
#1117 = DIRECTION('',(0.,0.,1.));
#1118 = ORIENTED_EDGE('',*,*,#807,.F.);
#1119 = ORIENTED_EDGE('',*,*,#799,.T.);
#1120 = ORIENTED_EDGE('',*,*,#932,.T.);
#1121 = ORIENTED_EDGE('',*,*,#1122,.F.);
#1122 = EDGE_CURVE('',#1123,#916,#1125,.T.);
#1123 = VERTEX_POINT('',#1124);
#1124 = CARTESIAN_POINT('',(2.6,-2.1,0.15));
#1125 = CIRCLE('',#1126,5.E-02);
#1126 = AXIS2_PLACEMENT_3D('',#1127,#1128,#1129);
#1127 = CARTESIAN_POINT('',(2.55,-2.1,0.15));
#1128 = DIRECTION('',(1.224646799147E-16,1.,0.));
#1129 = DIRECTION('',(1.,-1.224646799147E-16,0.));
#1130 = ORIENTED_EDGE('',*,*,#1131,.T.);
#1131 = EDGE_CURVE('',#1123,#1132,#1134,.T.);
#1132 = VERTEX_POINT('',#1133);
#1133 = CARTESIAN_POINT('',(2.6,-2.1,0.45));
#1134 = LINE('',#1135,#1136);
#1135 = CARTESIAN_POINT('',(2.6,-2.1,5.E-02));
#1136 = VECTOR('',#1137,1.);
#1137 = DIRECTION('',(0.,0.,1.));
#1138 = ORIENTED_EDGE('',*,*,#1139,.F.);
#1139 = EDGE_CURVE('',#1063,#1132,#1140,.T.);
#1140 = CIRCLE('',#1141,5.E-02);
#1141 = AXIS2_PLACEMENT_3D('',#1142,#1143,#1144);
#1142 = CARTESIAN_POINT('',(2.55,-2.1,0.45));
#1143 = DIRECTION('',(1.224646799147E-16,1.,0.));
#1144 = DIRECTION('',(1.,-1.224646799147E-16,0.));
#1145 = ORIENTED_EDGE('',*,*,#1072,.F.);
#1146 = ORIENTED_EDGE('',*,*,#491,.F.);
#1147 = ORIENTED_EDGE('',*,*,#963,.T.);
#1148 = ORIENTED_EDGE('',*,*,#1149,.F.);
#1149 = EDGE_CURVE('',#1089,#947,#1150,.T.);
#1150 = CIRCLE('',#1151,5.E-02);
#1151 = AXIS2_PLACEMENT_3D('',#1152,#1153,#1154);
#1152 = CARTESIAN_POINT('',(2.65,-2.1,0.55));
#1153 = DIRECTION('',(-1.224646799147E-16,-1.,0.));
#1154 = DIRECTION('',(-0.,0.,-1.));
#1155 = PLANE('',#1156);
#1156 = AXIS2_PLACEMENT_3D('',#1157,#1158,#1159);
#1157 = CARTESIAN_POINT('',(1.7,-2.1,0.));
#1158 = DIRECTION('',(1.224646799147E-16,1.,0.));
#1159 = DIRECTION('',(1.,-1.224646799147E-16,0.));
#1160 = ADVANCED_FACE('',(#1161),#1186,.F.);
#1161 = FACE_BOUND('',#1162,.F.);
#1162 = EDGE_LOOP('',(#1163,#1173,#1179,#1180));
#1163 = ORIENTED_EDGE('',*,*,#1164,.T.);
#1164 = EDGE_CURVE('',#1165,#1167,#1169,.T.);
#1165 = VERTEX_POINT('',#1166);
#1166 = CARTESIAN_POINT('',(2.55,1.1,0.5));
#1167 = VERTEX_POINT('',#1168);
#1168 = CARTESIAN_POINT('',(2.55,2.1,0.5));
#1169 = LINE('',#1170,#1171);
#1170 = CARTESIAN_POINT('',(2.55,1.,0.5));
#1171 = VECTOR('',#1172,1.);
#1172 = DIRECTION('',(1.224646799147E-16,1.,0.));
#1173 = ORIENTED_EDGE('',*,*,#1174,.T.);
#1174 = EDGE_CURVE('',#1167,#518,#1175,.T.);
#1175 = LINE('',#1176,#1177);
#1176 = CARTESIAN_POINT('',(2.45,2.1,0.5));
#1177 = VECTOR('',#1178,1.);
#1178 = DIRECTION('',(-1.,1.224646799147E-16,1.44444745829E-33));
#1179 = ORIENTED_EDGE('',*,*,#515,.F.);
#1180 = ORIENTED_EDGE('',*,*,#1181,.T.);
#1181 = EDGE_CURVE('',#516,#1165,#1182,.T.);
#1182 = LINE('',#1183,#1184);
#1183 = CARTESIAN_POINT('',(1.95,1.1,0.5));
#1184 = VECTOR('',#1185,1.);
#1185 = DIRECTION('',(1.,-1.224646799147E-16,-1.44444745829E-33));
#1186 = PLANE('',#1187);
#1187 = AXIS2_PLACEMENT_3D('',#1188,#1189,#1190);
#1188 = CARTESIAN_POINT('',(2.2,1.6,0.5));
#1189 = DIRECTION('',(1.44444745829E-33,-1.768937956332E-49,1.));
#1190 = DIRECTION('',(-1.,1.224646799147E-16,1.44444745829E-33));
#1191 = ADVANCED_FACE('',(#1192),#1271,.F.);
#1192 = FACE_BOUND('',#1193,.F.);
#1193 = EDGE_LOOP('',(#1194,#1204,#1213,#1221,#1227,#1228,#1229,#1230,
    #1239,#1247,#1254,#1255,#1256,#1264));
#1194 = ORIENTED_EDGE('',*,*,#1195,.F.);
#1195 = EDGE_CURVE('',#1196,#1198,#1200,.T.);
#1196 = VERTEX_POINT('',#1197);
#1197 = CARTESIAN_POINT('',(2.7,1.1,5.E-02));
#1198 = VERTEX_POINT('',#1199);
#1199 = CARTESIAN_POINT('',(2.7,1.1,0.55));
#1200 = LINE('',#1201,#1202);
#1201 = CARTESIAN_POINT('',(2.7,1.1,0.));
#1202 = VECTOR('',#1203,1.);
#1203 = DIRECTION('',(0.,0.,1.));
#1204 = ORIENTED_EDGE('',*,*,#1205,.T.);
#1205 = EDGE_CURVE('',#1196,#1206,#1208,.T.);
#1206 = VERTEX_POINT('',#1207);
#1207 = CARTESIAN_POINT('',(2.65,1.1,-6.938893903907E-18));
#1208 = CIRCLE('',#1209,5.E-02);
#1209 = AXIS2_PLACEMENT_3D('',#1210,#1211,#1212);
#1210 = CARTESIAN_POINT('',(2.65,1.1,5.E-02));
#1211 = DIRECTION('',(1.224646799147E-16,1.,0.));
#1212 = DIRECTION('',(0.,0.,-1.));
#1213 = ORIENTED_EDGE('',*,*,#1214,.F.);
#1214 = EDGE_CURVE('',#1215,#1206,#1217,.T.);
#1215 = VERTEX_POINT('',#1216);
#1216 = CARTESIAN_POINT('',(1.7,1.1,0.));
#1217 = LINE('',#1218,#1219);
#1218 = CARTESIAN_POINT('',(1.7,1.1,0.));
#1219 = VECTOR('',#1220,1.);
#1220 = DIRECTION('',(1.,-1.224646799147E-16,0.));
#1221 = ORIENTED_EDGE('',*,*,#1222,.T.);
#1222 = EDGE_CURVE('',#1215,#847,#1223,.T.);
#1223 = LINE('',#1224,#1225);
#1224 = CARTESIAN_POINT('',(1.7,1.1,0.));
#1225 = VECTOR('',#1226,1.);
#1226 = DIRECTION('',(0.,0.,1.));
#1227 = ORIENTED_EDGE('',*,*,#846,.F.);
#1228 = ORIENTED_EDGE('',*,*,#838,.T.);
#1229 = ORIENTED_EDGE('',*,*,#901,.T.);
#1230 = ORIENTED_EDGE('',*,*,#1231,.F.);
#1231 = EDGE_CURVE('',#1232,#885,#1234,.T.);
#1232 = VERTEX_POINT('',#1233);
#1233 = CARTESIAN_POINT('',(2.6,1.1,0.15));
#1234 = CIRCLE('',#1235,5.E-02);
#1235 = AXIS2_PLACEMENT_3D('',#1236,#1237,#1238);
#1236 = CARTESIAN_POINT('',(2.55,1.1,0.15));
#1237 = DIRECTION('',(1.224646799147E-16,1.,0.));
#1238 = DIRECTION('',(1.,-1.224646799147E-16,0.));
#1239 = ORIENTED_EDGE('',*,*,#1240,.T.);
#1240 = EDGE_CURVE('',#1232,#1241,#1243,.T.);
#1241 = VERTEX_POINT('',#1242);
#1242 = CARTESIAN_POINT('',(2.6,1.1,0.45));
#1243 = LINE('',#1244,#1245);
#1244 = CARTESIAN_POINT('',(2.6,1.1,5.E-02));
#1245 = VECTOR('',#1246,1.);
#1246 = DIRECTION('',(0.,0.,1.));
#1247 = ORIENTED_EDGE('',*,*,#1248,.F.);
#1248 = EDGE_CURVE('',#1165,#1241,#1249,.T.);
#1249 = CIRCLE('',#1250,5.E-02);
#1250 = AXIS2_PLACEMENT_3D('',#1251,#1252,#1253);
#1251 = CARTESIAN_POINT('',(2.55,1.1,0.45));
#1252 = DIRECTION('',(1.224646799147E-16,1.,0.));
#1253 = DIRECTION('',(1.,-1.224646799147E-16,0.));
#1254 = ORIENTED_EDGE('',*,*,#1181,.F.);
#1255 = ORIENTED_EDGE('',*,*,#541,.F.);
#1256 = ORIENTED_EDGE('',*,*,#1257,.T.);
#1257 = EDGE_CURVE('',#534,#1258,#1260,.T.);
#1258 = VERTEX_POINT('',#1259);
#1259 = CARTESIAN_POINT('',(2.65,1.1,0.6));
#1260 = LINE('',#1261,#1262);
#1261 = CARTESIAN_POINT('',(1.7,1.1,0.6));
#1262 = VECTOR('',#1263,1.);
#1263 = DIRECTION('',(1.,-1.224646799147E-16,0.));
#1264 = ORIENTED_EDGE('',*,*,#1265,.F.);
#1265 = EDGE_CURVE('',#1198,#1258,#1266,.T.);
#1266 = CIRCLE('',#1267,5.E-02);
#1267 = AXIS2_PLACEMENT_3D('',#1268,#1269,#1270);
#1268 = CARTESIAN_POINT('',(2.65,1.1,0.55));
#1269 = DIRECTION('',(-1.224646799147E-16,-1.,0.));
#1270 = DIRECTION('',(-0.,0.,-1.));
#1271 = PLANE('',#1272);
#1272 = AXIS2_PLACEMENT_3D('',#1273,#1274,#1275);
#1273 = CARTESIAN_POINT('',(1.7,1.1,0.));
#1274 = DIRECTION('',(1.224646799147E-16,1.,0.));
#1275 = DIRECTION('',(1.,-1.224646799147E-16,0.));
#1276 = ADVANCED_FACE('',(#1277),#1295,.T.);
#1277 = FACE_BOUND('',#1278,.T.);
#1278 = EDGE_LOOP('',(#1279,#1287,#1293,#1294));
#1279 = ORIENTED_EDGE('',*,*,#1280,.T.);
#1280 = EDGE_CURVE('',#1258,#1281,#1283,.T.);
#1281 = VERTEX_POINT('',#1282);
#1282 = CARTESIAN_POINT('',(2.65,2.1,0.6));
#1283 = LINE('',#1284,#1285);
#1284 = CARTESIAN_POINT('',(2.65,1.1,0.6));
#1285 = VECTOR('',#1286,1.);
#1286 = DIRECTION('',(1.224646799147E-16,1.,0.));
#1287 = ORIENTED_EDGE('',*,*,#1288,.T.);
#1288 = EDGE_CURVE('',#1281,#526,#1289,.T.);
#1289 = LINE('',#1290,#1291);
#1290 = CARTESIAN_POINT('',(2.7,2.1,0.6));
#1291 = VECTOR('',#1292,1.);
#1292 = DIRECTION('',(-1.,1.224646799147E-16,0.));
#1293 = ORIENTED_EDGE('',*,*,#533,.F.);
#1294 = ORIENTED_EDGE('',*,*,#1257,.T.);
#1295 = PLANE('',#1296);
#1296 = AXIS2_PLACEMENT_3D('',#1297,#1298,#1299);
#1297 = CARTESIAN_POINT('',(2.2,1.6,0.6));
#1298 = DIRECTION('',(0.,0.,1.));
#1299 = DIRECTION('',(-1.,1.224646799147E-16,0.));
#1300 = ADVANCED_FACE('',(#1301),#1373,.F.);
#1301 = FACE_BOUND('',#1302,.F.);
#1302 = EDGE_LOOP('',(#1303,#1314,#1322,#1329,#1330,#1331,#1332,#1341,
    #1349,#1356,#1357,#1358,#1359,#1367));
#1303 = ORIENTED_EDGE('',*,*,#1304,.F.);
#1304 = EDGE_CURVE('',#1305,#1307,#1309,.T.);
#1305 = VERTEX_POINT('',#1306);
#1306 = CARTESIAN_POINT('',(2.7,2.1,5.E-02));
#1307 = VERTEX_POINT('',#1308);
#1308 = CARTESIAN_POINT('',(2.65,2.1,-6.938893903907E-18));
#1309 = CIRCLE('',#1310,5.E-02);
#1310 = AXIS2_PLACEMENT_3D('',#1311,#1312,#1313);
#1311 = CARTESIAN_POINT('',(2.65,2.1,5.E-02));
#1312 = DIRECTION('',(1.224646799147E-16,1.,0.));
#1313 = DIRECTION('',(0.,0.,-1.));
#1314 = ORIENTED_EDGE('',*,*,#1315,.T.);
#1315 = EDGE_CURVE('',#1305,#1316,#1318,.T.);
#1316 = VERTEX_POINT('',#1317);
#1317 = CARTESIAN_POINT('',(2.7,2.1,0.55));
#1318 = LINE('',#1319,#1320);
#1319 = CARTESIAN_POINT('',(2.7,2.1,0.));
#1320 = VECTOR('',#1321,1.);
#1321 = DIRECTION('',(0.,0.,1.));
#1322 = ORIENTED_EDGE('',*,*,#1323,.T.);
#1323 = EDGE_CURVE('',#1316,#1281,#1324,.T.);
#1324 = CIRCLE('',#1325,5.E-02);
#1325 = AXIS2_PLACEMENT_3D('',#1326,#1327,#1328);
#1326 = CARTESIAN_POINT('',(2.65,2.1,0.55));
#1327 = DIRECTION('',(-1.224646799147E-16,-1.,0.));
#1328 = DIRECTION('',(-0.,0.,-1.));
#1329 = ORIENTED_EDGE('',*,*,#1288,.T.);
#1330 = ORIENTED_EDGE('',*,*,#525,.F.);
#1331 = ORIENTED_EDGE('',*,*,#1174,.F.);
#1332 = ORIENTED_EDGE('',*,*,#1333,.T.);
#1333 = EDGE_CURVE('',#1167,#1334,#1336,.T.);
#1334 = VERTEX_POINT('',#1335);
#1335 = CARTESIAN_POINT('',(2.6,2.1,0.45));
#1336 = CIRCLE('',#1337,5.E-02);
#1337 = AXIS2_PLACEMENT_3D('',#1338,#1339,#1340);
#1338 = CARTESIAN_POINT('',(2.55,2.1,0.45));
#1339 = DIRECTION('',(1.224646799147E-16,1.,0.));
#1340 = DIRECTION('',(1.,-1.224646799147E-16,0.));
#1341 = ORIENTED_EDGE('',*,*,#1342,.T.);
#1342 = EDGE_CURVE('',#1334,#1343,#1345,.T.);
#1343 = VERTEX_POINT('',#1344);
#1344 = CARTESIAN_POINT('',(2.6,2.1,0.15));
#1345 = LINE('',#1346,#1347);
#1346 = CARTESIAN_POINT('',(2.6,2.1,5.E-02));
#1347 = VECTOR('',#1348,1.);
#1348 = DIRECTION('',(0.,-0.,-1.));
#1349 = ORIENTED_EDGE('',*,*,#1350,.T.);
#1350 = EDGE_CURVE('',#1343,#887,#1351,.T.);
#1351 = CIRCLE('',#1352,5.E-02);
#1352 = AXIS2_PLACEMENT_3D('',#1353,#1354,#1355);
#1353 = CARTESIAN_POINT('',(2.55,2.1,0.15));
#1354 = DIRECTION('',(1.224646799147E-16,1.,0.));
#1355 = DIRECTION('',(1.,-1.224646799147E-16,0.));
#1356 = ORIENTED_EDGE('',*,*,#894,.T.);
#1357 = ORIENTED_EDGE('',*,*,#870,.T.);
#1358 = ORIENTED_EDGE('',*,*,#862,.F.);
#1359 = ORIENTED_EDGE('',*,*,#1360,.F.);
#1360 = EDGE_CURVE('',#1361,#855,#1363,.T.);
#1361 = VERTEX_POINT('',#1362);
#1362 = CARTESIAN_POINT('',(1.7,2.1,0.));
#1363 = LINE('',#1364,#1365);
#1364 = CARTESIAN_POINT('',(1.7,2.1,0.));
#1365 = VECTOR('',#1366,1.);
#1366 = DIRECTION('',(0.,0.,1.));
#1367 = ORIENTED_EDGE('',*,*,#1368,.F.);
#1368 = EDGE_CURVE('',#1307,#1361,#1369,.T.);
#1369 = LINE('',#1370,#1371);
#1370 = CARTESIAN_POINT('',(2.7,2.1,0.));
#1371 = VECTOR('',#1372,1.);
#1372 = DIRECTION('',(-1.,1.224646799147E-16,0.));
#1373 = PLANE('',#1374);
#1374 = AXIS2_PLACEMENT_3D('',#1375,#1376,#1377);
#1375 = CARTESIAN_POINT('',(2.7,2.1,0.));
#1376 = DIRECTION('',(-1.224646799147E-16,-1.,0.));
#1377 = DIRECTION('',(-1.,1.224646799147E-16,0.));
#1378 = ADVANCED_FACE('',(#1379),#1404,.T.);
#1379 = FACE_BOUND('',#1380,.T.);
#1380 = EDGE_LOOP('',(#1381,#1382,#1390,#1398));
#1381 = ORIENTED_EDGE('',*,*,#589,.F.);
#1382 = ORIENTED_EDGE('',*,*,#1383,.T.);
#1383 = EDGE_CURVE('',#590,#1384,#1386,.T.);
#1384 = VERTEX_POINT('',#1385);
#1385 = CARTESIAN_POINT('',(-2.55,2.1,0.1));
#1386 = LINE('',#1387,#1388);
#1387 = CARTESIAN_POINT('',(-1.95,2.1,0.1));
#1388 = VECTOR('',#1389,1.);
#1389 = DIRECTION('',(-1.,1.224646799147E-16,1.44444745829E-33));
#1390 = ORIENTED_EDGE('',*,*,#1391,.T.);
#1391 = EDGE_CURVE('',#1384,#1392,#1394,.T.);
#1392 = VERTEX_POINT('',#1393);
#1393 = CARTESIAN_POINT('',(-2.55,1.1,0.1));
#1394 = LINE('',#1395,#1396);
#1395 = CARTESIAN_POINT('',(-2.55,2.2,0.1));
#1396 = VECTOR('',#1397,1.);
#1397 = DIRECTION('',(-1.224646799147E-16,-1.,0.));
#1398 = ORIENTED_EDGE('',*,*,#1399,.T.);
#1399 = EDGE_CURVE('',#1392,#582,#1400,.T.);
#1400 = LINE('',#1401,#1402);
#1401 = CARTESIAN_POINT('',(-2.45,1.1,0.1));
#1402 = VECTOR('',#1403,1.);
#1403 = DIRECTION('',(1.,-1.224646799147E-16,-1.44444745829E-33));
#1404 = PLANE('',#1405);
#1405 = AXIS2_PLACEMENT_3D('',#1406,#1407,#1408);
#1406 = CARTESIAN_POINT('',(-2.2,1.6,0.1));
#1407 = DIRECTION('',(1.44444745829E-33,-1.768937956332E-49,1.));
#1408 = DIRECTION('',(-1.,1.224646799147E-16,1.44444745829E-33));
#1409 = ADVANCED_FACE('',(#1410),#1435,.T.);
#1410 = FACE_BOUND('',#1411,.T.);
#1411 = EDGE_LOOP('',(#1412,#1413,#1421,#1429));
#1412 = ORIENTED_EDGE('',*,*,#573,.F.);
#1413 = ORIENTED_EDGE('',*,*,#1414,.T.);
#1414 = EDGE_CURVE('',#574,#1415,#1417,.T.);
#1415 = VERTEX_POINT('',#1416);
#1416 = CARTESIAN_POINT('',(-2.55,-1.1,0.1));
#1417 = LINE('',#1418,#1419);
#1418 = CARTESIAN_POINT('',(-1.95,-1.1,0.1));
#1419 = VECTOR('',#1420,1.);
#1420 = DIRECTION('',(-1.,1.224646799147E-16,1.44444745829E-33));
#1421 = ORIENTED_EDGE('',*,*,#1422,.T.);
#1422 = EDGE_CURVE('',#1415,#1423,#1425,.T.);
#1423 = VERTEX_POINT('',#1424);
#1424 = CARTESIAN_POINT('',(-2.55,-2.1,0.1));
#1425 = LINE('',#1426,#1427);
#1426 = CARTESIAN_POINT('',(-2.55,-1.,0.1));
#1427 = VECTOR('',#1428,1.);
#1428 = DIRECTION('',(-1.224646799147E-16,-1.,0.));
#1429 = ORIENTED_EDGE('',*,*,#1430,.T.);
#1430 = EDGE_CURVE('',#1423,#566,#1431,.T.);
#1431 = LINE('',#1432,#1433);
#1432 = CARTESIAN_POINT('',(-2.45,-2.1,0.1));
#1433 = VECTOR('',#1434,1.);
#1434 = DIRECTION('',(1.,-1.224646799147E-16,-1.44444745829E-33));
#1435 = PLANE('',#1436);
#1436 = AXIS2_PLACEMENT_3D('',#1437,#1438,#1439);
#1437 = CARTESIAN_POINT('',(-2.2,-1.6,0.1));
#1438 = DIRECTION('',(1.44444745829E-33,-1.768937956332E-49,1.));
#1439 = DIRECTION('',(-1.,1.224646799147E-16,1.44444745829E-33));
#1440 = ADVANCED_FACE('',(#1441),#1466,.F.);
#1441 = FACE_BOUND('',#1442,.F.);
#1442 = EDGE_LOOP('',(#1443,#1444,#1452,#1460));
#1443 = ORIENTED_EDGE('',*,*,#605,.F.);
#1444 = ORIENTED_EDGE('',*,*,#1445,.T.);
#1445 = EDGE_CURVE('',#606,#1446,#1448,.T.);
#1446 = VERTEX_POINT('',#1447);
#1447 = CARTESIAN_POINT('',(-2.55,-1.1,0.5));
#1448 = LINE('',#1449,#1450);
#1449 = CARTESIAN_POINT('',(-1.95,-1.1,0.5));
#1450 = VECTOR('',#1451,1.);
#1451 = DIRECTION('',(-1.,1.224646799147E-16,1.44444745829E-33));
#1452 = ORIENTED_EDGE('',*,*,#1453,.T.);
#1453 = EDGE_CURVE('',#1446,#1454,#1456,.T.);
#1454 = VERTEX_POINT('',#1455);
#1455 = CARTESIAN_POINT('',(-2.55,-2.1,0.5));
#1456 = LINE('',#1457,#1458);
#1457 = CARTESIAN_POINT('',(-2.55,-1.,0.5));
#1458 = VECTOR('',#1459,1.);
#1459 = DIRECTION('',(-1.224646799147E-16,-1.,0.));
#1460 = ORIENTED_EDGE('',*,*,#1461,.T.);
#1461 = EDGE_CURVE('',#1454,#608,#1462,.T.);
#1462 = LINE('',#1463,#1464);
#1463 = CARTESIAN_POINT('',(-2.45,-2.1,0.5));
#1464 = VECTOR('',#1465,1.);
#1465 = DIRECTION('',(1.,-1.224646799147E-16,-1.44444745829E-33));
#1466 = PLANE('',#1467);
#1467 = AXIS2_PLACEMENT_3D('',#1468,#1469,#1470);
#1468 = CARTESIAN_POINT('',(-2.2,-1.6,0.5));
#1469 = DIRECTION('',(1.44444745829E-33,-1.768937956332E-49,1.));
#1470 = DIRECTION('',(-1.,1.224646799147E-16,1.44444745829E-33));
#1471 = ADVANCED_FACE('',(#1472),#1551,.F.);
#1472 = FACE_BOUND('',#1473,.F.);
#1473 = EDGE_LOOP('',(#1474,#1484,#1493,#1501,#1507,#1508,#1509,#1510,
    #1519,#1527,#1534,#1535,#1536,#1544));
#1474 = ORIENTED_EDGE('',*,*,#1475,.F.);
#1475 = EDGE_CURVE('',#1476,#1478,#1480,.T.);
#1476 = VERTEX_POINT('',#1477);
#1477 = CARTESIAN_POINT('',(-2.7,-1.1,5.E-02));
#1478 = VERTEX_POINT('',#1479);
#1479 = CARTESIAN_POINT('',(-2.7,-1.1,0.55));
#1480 = LINE('',#1481,#1482);
#1481 = CARTESIAN_POINT('',(-2.7,-1.1,0.));
#1482 = VECTOR('',#1483,1.);
#1483 = DIRECTION('',(0.,0.,1.));
#1484 = ORIENTED_EDGE('',*,*,#1485,.T.);
#1485 = EDGE_CURVE('',#1476,#1486,#1488,.T.);
#1486 = VERTEX_POINT('',#1487);
#1487 = CARTESIAN_POINT('',(-2.65,-1.1,-6.938893903907E-18));
#1488 = CIRCLE('',#1489,5.E-02);
#1489 = AXIS2_PLACEMENT_3D('',#1490,#1491,#1492);
#1490 = CARTESIAN_POINT('',(-2.65,-1.1,5.E-02));
#1491 = DIRECTION('',(-1.224646799147E-16,-1.,0.));
#1492 = DIRECTION('',(0.,0.,1.));
#1493 = ORIENTED_EDGE('',*,*,#1494,.F.);
#1494 = EDGE_CURVE('',#1495,#1486,#1497,.T.);
#1495 = VERTEX_POINT('',#1496);
#1496 = CARTESIAN_POINT('',(-1.7,-1.1,0.));
#1497 = LINE('',#1498,#1499);
#1498 = CARTESIAN_POINT('',(-1.7,-1.1,0.));
#1499 = VECTOR('',#1500,1.);
#1500 = DIRECTION('',(-1.,1.224646799147E-16,0.));
#1501 = ORIENTED_EDGE('',*,*,#1502,.T.);
#1502 = EDGE_CURVE('',#1495,#767,#1503,.T.);
#1503 = LINE('',#1504,#1505);
#1504 = CARTESIAN_POINT('',(-1.7,-1.1,0.));
#1505 = VECTOR('',#1506,1.);
#1506 = DIRECTION('',(0.,0.,1.));
#1507 = ORIENTED_EDGE('',*,*,#766,.F.);
#1508 = ORIENTED_EDGE('',*,*,#758,.T.);
#1509 = ORIENTED_EDGE('',*,*,#1414,.T.);
#1510 = ORIENTED_EDGE('',*,*,#1511,.F.);
#1511 = EDGE_CURVE('',#1512,#1415,#1514,.T.);
#1512 = VERTEX_POINT('',#1513);
#1513 = CARTESIAN_POINT('',(-2.6,-1.1,0.15));
#1514 = CIRCLE('',#1515,5.E-02);
#1515 = AXIS2_PLACEMENT_3D('',#1516,#1517,#1518);
#1516 = CARTESIAN_POINT('',(-2.55,-1.1,0.15));
#1517 = DIRECTION('',(-1.224646799147E-16,-1.,-1.893756253922E-65));
#1518 = DIRECTION('',(-1.44444745829E-33,1.768937956331E-49,-1.));
#1519 = ORIENTED_EDGE('',*,*,#1520,.T.);
#1520 = EDGE_CURVE('',#1512,#1521,#1523,.T.);
#1521 = VERTEX_POINT('',#1522);
#1522 = CARTESIAN_POINT('',(-2.6,-1.1,0.45));
#1523 = LINE('',#1524,#1525);
#1524 = CARTESIAN_POINT('',(-2.6,-1.1,5.E-02));
#1525 = VECTOR('',#1526,1.);
#1526 = DIRECTION('',(0.,0.,1.));
#1527 = ORIENTED_EDGE('',*,*,#1528,.F.);
#1528 = EDGE_CURVE('',#1446,#1521,#1529,.T.);
#1529 = CIRCLE('',#1530,5.E-02);
#1530 = AXIS2_PLACEMENT_3D('',#1531,#1532,#1533);
#1531 = CARTESIAN_POINT('',(-2.55,-1.1,0.45));
#1532 = DIRECTION('',(-1.224646799147E-16,-1.,0.));
#1533 = DIRECTION('',(-1.,1.224646799147E-16,0.));
#1534 = ORIENTED_EDGE('',*,*,#1445,.F.);
#1535 = ORIENTED_EDGE('',*,*,#631,.F.);
#1536 = ORIENTED_EDGE('',*,*,#1537,.T.);
#1537 = EDGE_CURVE('',#624,#1538,#1540,.T.);
#1538 = VERTEX_POINT('',#1539);
#1539 = CARTESIAN_POINT('',(-2.65,-1.1,0.6));
#1540 = LINE('',#1541,#1542);
#1541 = CARTESIAN_POINT('',(-1.7,-1.1,0.6));
#1542 = VECTOR('',#1543,1.);
#1543 = DIRECTION('',(-1.,1.224646799147E-16,0.));
#1544 = ORIENTED_EDGE('',*,*,#1545,.T.);
#1545 = EDGE_CURVE('',#1538,#1478,#1546,.T.);
#1546 = CIRCLE('',#1547,5.E-02);
#1547 = AXIS2_PLACEMENT_3D('',#1548,#1549,#1550);
#1548 = CARTESIAN_POINT('',(-2.65,-1.1,0.55));
#1549 = DIRECTION('',(-1.224646799147E-16,-1.,0.));
#1550 = DIRECTION('',(0.,0.,1.));
#1551 = PLANE('',#1552);
#1552 = AXIS2_PLACEMENT_3D('',#1553,#1554,#1555);
#1553 = CARTESIAN_POINT('',(-1.7,-1.1,0.));
#1554 = DIRECTION('',(-1.224646799147E-16,-1.,0.));
#1555 = DIRECTION('',(-1.,1.224646799147E-16,0.));
#1556 = ADVANCED_FACE('',(#1557),#1575,.T.);
#1557 = FACE_BOUND('',#1558,.T.);
#1558 = EDGE_LOOP('',(#1559,#1560,#1561,#1569));
#1559 = ORIENTED_EDGE('',*,*,#623,.F.);
#1560 = ORIENTED_EDGE('',*,*,#1537,.T.);
#1561 = ORIENTED_EDGE('',*,*,#1562,.T.);
#1562 = EDGE_CURVE('',#1538,#1563,#1565,.T.);
#1563 = VERTEX_POINT('',#1564);
#1564 = CARTESIAN_POINT('',(-2.65,-2.1,0.6));
#1565 = LINE('',#1566,#1567);
#1566 = CARTESIAN_POINT('',(-2.65,-1.1,0.6));
#1567 = VECTOR('',#1568,1.);
#1568 = DIRECTION('',(-1.224646799147E-16,-1.,0.));
#1569 = ORIENTED_EDGE('',*,*,#1570,.T.);
#1570 = EDGE_CURVE('',#1563,#616,#1571,.T.);
#1571 = LINE('',#1572,#1573);
#1572 = CARTESIAN_POINT('',(-2.7,-2.1,0.6));
#1573 = VECTOR('',#1574,1.);
#1574 = DIRECTION('',(1.,-1.224646799147E-16,0.));
#1575 = PLANE('',#1576);
#1576 = AXIS2_PLACEMENT_3D('',#1577,#1578,#1579);
#1577 = CARTESIAN_POINT('',(-2.2,-1.6,0.6));
#1578 = DIRECTION('',(0.,0.,1.));
#1579 = DIRECTION('',(-1.,1.224646799147E-16,0.));
#1580 = ADVANCED_FACE('',(#1581),#1653,.F.);
#1581 = FACE_BOUND('',#1582,.F.);
#1582 = EDGE_LOOP('',(#1583,#1594,#1602,#1609,#1610,#1611,#1612,#1621,
    #1629,#1636,#1637,#1638,#1639,#1647));
#1583 = ORIENTED_EDGE('',*,*,#1584,.F.);
#1584 = EDGE_CURVE('',#1585,#1587,#1589,.T.);
#1585 = VERTEX_POINT('',#1586);
#1586 = CARTESIAN_POINT('',(-2.7,-2.1,5.E-02));
#1587 = VERTEX_POINT('',#1588);
#1588 = CARTESIAN_POINT('',(-2.65,-2.1,-6.938893903907E-18));
#1589 = CIRCLE('',#1590,5.E-02);
#1590 = AXIS2_PLACEMENT_3D('',#1591,#1592,#1593);
#1591 = CARTESIAN_POINT('',(-2.65,-2.1,5.E-02));
#1592 = DIRECTION('',(-1.224646799147E-16,-1.,0.));
#1593 = DIRECTION('',(0.,0.,1.));
#1594 = ORIENTED_EDGE('',*,*,#1595,.T.);
#1595 = EDGE_CURVE('',#1585,#1596,#1598,.T.);
#1596 = VERTEX_POINT('',#1597);
#1597 = CARTESIAN_POINT('',(-2.7,-2.1,0.55));
#1598 = LINE('',#1599,#1600);
#1599 = CARTESIAN_POINT('',(-2.7,-2.1,0.));
#1600 = VECTOR('',#1601,1.);
#1601 = DIRECTION('',(0.,0.,1.));
#1602 = ORIENTED_EDGE('',*,*,#1603,.F.);
#1603 = EDGE_CURVE('',#1563,#1596,#1604,.T.);
#1604 = CIRCLE('',#1605,5.E-02);
#1605 = AXIS2_PLACEMENT_3D('',#1606,#1607,#1608);
#1606 = CARTESIAN_POINT('',(-2.65,-2.1,0.55));
#1607 = DIRECTION('',(-1.224646799147E-16,-1.,0.));
#1608 = DIRECTION('',(0.,0.,1.));
#1609 = ORIENTED_EDGE('',*,*,#1570,.T.);
#1610 = ORIENTED_EDGE('',*,*,#615,.F.);
#1611 = ORIENTED_EDGE('',*,*,#1461,.F.);
#1612 = ORIENTED_EDGE('',*,*,#1613,.T.);
#1613 = EDGE_CURVE('',#1454,#1614,#1616,.T.);
#1614 = VERTEX_POINT('',#1615);
#1615 = CARTESIAN_POINT('',(-2.6,-2.1,0.45));
#1616 = CIRCLE('',#1617,5.E-02);
#1617 = AXIS2_PLACEMENT_3D('',#1618,#1619,#1620);
#1618 = CARTESIAN_POINT('',(-2.55,-2.1,0.45));
#1619 = DIRECTION('',(-1.224646799147E-16,-1.,0.));
#1620 = DIRECTION('',(-1.,1.224646799147E-16,0.));
#1621 = ORIENTED_EDGE('',*,*,#1622,.T.);
#1622 = EDGE_CURVE('',#1614,#1623,#1625,.T.);
#1623 = VERTEX_POINT('',#1624);
#1624 = CARTESIAN_POINT('',(-2.6,-2.1,0.15));
#1625 = LINE('',#1626,#1627);
#1626 = CARTESIAN_POINT('',(-2.6,-2.1,5.E-02));
#1627 = VECTOR('',#1628,1.);
#1628 = DIRECTION('',(0.,0.,-1.));
#1629 = ORIENTED_EDGE('',*,*,#1630,.T.);
#1630 = EDGE_CURVE('',#1623,#1423,#1631,.T.);
#1631 = CIRCLE('',#1632,5.E-02);
#1632 = AXIS2_PLACEMENT_3D('',#1633,#1634,#1635);
#1633 = CARTESIAN_POINT('',(-2.55,-2.1,0.15));
#1634 = DIRECTION('',(-1.224646799147E-16,-1.,-1.893756253922E-65));
#1635 = DIRECTION('',(-1.44444745829E-33,1.768937956331E-49,-1.));
#1636 = ORIENTED_EDGE('',*,*,#1430,.T.);
#1637 = ORIENTED_EDGE('',*,*,#790,.T.);
#1638 = ORIENTED_EDGE('',*,*,#782,.F.);
#1639 = ORIENTED_EDGE('',*,*,#1640,.F.);
#1640 = EDGE_CURVE('',#1641,#775,#1643,.T.);
#1641 = VERTEX_POINT('',#1642);
#1642 = CARTESIAN_POINT('',(-1.7,-2.1,0.));
#1643 = LINE('',#1644,#1645);
#1644 = CARTESIAN_POINT('',(-1.7,-2.1,0.));
#1645 = VECTOR('',#1646,1.);
#1646 = DIRECTION('',(0.,0.,1.));
#1647 = ORIENTED_EDGE('',*,*,#1648,.F.);
#1648 = EDGE_CURVE('',#1587,#1641,#1649,.T.);
#1649 = LINE('',#1650,#1651);
#1650 = CARTESIAN_POINT('',(-2.7,-2.1,0.));
#1651 = VECTOR('',#1652,1.);
#1652 = DIRECTION('',(1.,-1.224646799147E-16,0.));
#1653 = PLANE('',#1654);
#1654 = AXIS2_PLACEMENT_3D('',#1655,#1656,#1657);
#1655 = CARTESIAN_POINT('',(-2.7,-2.1,0.));
#1656 = DIRECTION('',(1.224646799147E-16,1.,0.));
#1657 = DIRECTION('',(1.,-1.224646799147E-16,0.));
#1658 = ADVANCED_FACE('',(#1659),#1684,.T.);
#1659 = FACE_BOUND('',#1660,.T.);
#1660 = EDGE_LOOP('',(#1661,#1662,#1670,#1678));
#1661 = ORIENTED_EDGE('',*,*,#639,.F.);
#1662 = ORIENTED_EDGE('',*,*,#1663,.T.);
#1663 = EDGE_CURVE('',#640,#1664,#1666,.T.);
#1664 = VERTEX_POINT('',#1665);
#1665 = CARTESIAN_POINT('',(-2.65,2.1,0.6));
#1666 = LINE('',#1667,#1668);
#1667 = CARTESIAN_POINT('',(-1.7,2.1,0.6));
#1668 = VECTOR('',#1669,1.);
#1669 = DIRECTION('',(-1.,1.224646799147E-16,0.));
#1670 = ORIENTED_EDGE('',*,*,#1671,.T.);
#1671 = EDGE_CURVE('',#1664,#1672,#1674,.T.);
#1672 = VERTEX_POINT('',#1673);
#1673 = CARTESIAN_POINT('',(-2.65,1.1,0.6));
#1674 = LINE('',#1675,#1676);
#1675 = CARTESIAN_POINT('',(-2.65,2.1,0.6));
#1676 = VECTOR('',#1677,1.);
#1677 = DIRECTION('',(-1.224646799147E-16,-1.,0.));
#1678 = ORIENTED_EDGE('',*,*,#1679,.T.);
#1679 = EDGE_CURVE('',#1672,#642,#1680,.T.);
#1680 = LINE('',#1681,#1682);
#1681 = CARTESIAN_POINT('',(-2.7,1.1,0.6));
#1682 = VECTOR('',#1683,1.);
#1683 = DIRECTION('',(1.,-1.224646799147E-16,0.));
#1684 = PLANE('',#1685);
#1685 = AXIS2_PLACEMENT_3D('',#1686,#1687,#1688);
#1686 = CARTESIAN_POINT('',(-2.2,1.6,0.6));
#1687 = DIRECTION('',(0.,0.,1.));
#1688 = DIRECTION('',(-1.,1.224646799147E-16,0.));
#1689 = ADVANCED_FACE('',(#1690),#1769,.F.);
#1690 = FACE_BOUND('',#1691,.F.);
#1691 = EDGE_LOOP('',(#1692,#1703,#1711,#1718,#1719,#1720,#1728,#1737,
    #1745,#1752,#1753,#1754,#1755,#1763));
#1692 = ORIENTED_EDGE('',*,*,#1693,.F.);
#1693 = EDGE_CURVE('',#1694,#1696,#1698,.T.);
#1694 = VERTEX_POINT('',#1695);
#1695 = CARTESIAN_POINT('',(-2.7,1.1,5.E-02));
#1696 = VERTEX_POINT('',#1697);
#1697 = CARTESIAN_POINT('',(-2.65,1.1,-6.938893903907E-18));
#1698 = CIRCLE('',#1699,5.E-02);
#1699 = AXIS2_PLACEMENT_3D('',#1700,#1701,#1702);
#1700 = CARTESIAN_POINT('',(-2.65,1.1,5.E-02));
#1701 = DIRECTION('',(-1.224646799147E-16,-1.,0.));
#1702 = DIRECTION('',(0.,0.,1.));
#1703 = ORIENTED_EDGE('',*,*,#1704,.T.);
#1704 = EDGE_CURVE('',#1694,#1705,#1707,.T.);
#1705 = VERTEX_POINT('',#1706);
#1706 = CARTESIAN_POINT('',(-2.7,1.1,0.55));
#1707 = LINE('',#1708,#1709);
#1708 = CARTESIAN_POINT('',(-2.7,1.1,0.));
#1709 = VECTOR('',#1710,1.);
#1710 = DIRECTION('',(0.,0.,1.));
#1711 = ORIENTED_EDGE('',*,*,#1712,.F.);
#1712 = EDGE_CURVE('',#1672,#1705,#1713,.T.);
#1713 = CIRCLE('',#1714,5.E-02);
#1714 = AXIS2_PLACEMENT_3D('',#1715,#1716,#1717);
#1715 = CARTESIAN_POINT('',(-2.65,1.1,0.55));
#1716 = DIRECTION('',(-1.224646799147E-16,-1.,0.));
#1717 = DIRECTION('',(0.,0.,1.));
#1718 = ORIENTED_EDGE('',*,*,#1679,.T.);
#1719 = ORIENTED_EDGE('',*,*,#665,.F.);
#1720 = ORIENTED_EDGE('',*,*,#1721,.F.);
#1721 = EDGE_CURVE('',#1722,#658,#1724,.T.);
#1722 = VERTEX_POINT('',#1723);
#1723 = CARTESIAN_POINT('',(-2.55,1.1,0.5));
#1724 = LINE('',#1725,#1726);
#1725 = CARTESIAN_POINT('',(-2.45,1.1,0.5));
#1726 = VECTOR('',#1727,1.);
#1727 = DIRECTION('',(1.,-1.224646799147E-16,-1.44444745829E-33));
#1728 = ORIENTED_EDGE('',*,*,#1729,.T.);
#1729 = EDGE_CURVE('',#1722,#1730,#1732,.T.);
#1730 = VERTEX_POINT('',#1731);
#1731 = CARTESIAN_POINT('',(-2.6,1.1,0.45));
#1732 = CIRCLE('',#1733,5.E-02);
#1733 = AXIS2_PLACEMENT_3D('',#1734,#1735,#1736);
#1734 = CARTESIAN_POINT('',(-2.55,1.1,0.45));
#1735 = DIRECTION('',(-1.224646799147E-16,-1.,0.));
#1736 = DIRECTION('',(-1.,1.224646799147E-16,0.));
#1737 = ORIENTED_EDGE('',*,*,#1738,.T.);
#1738 = EDGE_CURVE('',#1730,#1739,#1741,.T.);
#1739 = VERTEX_POINT('',#1740);
#1740 = CARTESIAN_POINT('',(-2.6,1.1,0.15));
#1741 = LINE('',#1742,#1743);
#1742 = CARTESIAN_POINT('',(-2.6,1.1,5.E-02));
#1743 = VECTOR('',#1744,1.);
#1744 = DIRECTION('',(0.,0.,-1.));
#1745 = ORIENTED_EDGE('',*,*,#1746,.T.);
#1746 = EDGE_CURVE('',#1739,#1392,#1747,.T.);
#1747 = CIRCLE('',#1748,5.E-02);
#1748 = AXIS2_PLACEMENT_3D('',#1749,#1750,#1751);
#1749 = CARTESIAN_POINT('',(-2.55,1.1,0.15));
#1750 = DIRECTION('',(-1.224646799147E-16,-1.,-1.893756253922E-65));
#1751 = DIRECTION('',(-1.44444745829E-33,1.768937956331E-49,-1.));
#1752 = ORIENTED_EDGE('',*,*,#1399,.T.);
#1753 = ORIENTED_EDGE('',*,*,#751,.T.);
#1754 = ORIENTED_EDGE('',*,*,#743,.F.);
#1755 = ORIENTED_EDGE('',*,*,#1756,.F.);
#1756 = EDGE_CURVE('',#1757,#736,#1759,.T.);
#1757 = VERTEX_POINT('',#1758);
#1758 = CARTESIAN_POINT('',(-1.7,1.1,0.));
#1759 = LINE('',#1760,#1761);
#1760 = CARTESIAN_POINT('',(-1.7,1.1,0.));
#1761 = VECTOR('',#1762,1.);
#1762 = DIRECTION('',(0.,0.,1.));
#1763 = ORIENTED_EDGE('',*,*,#1764,.F.);
#1764 = EDGE_CURVE('',#1696,#1757,#1765,.T.);
#1765 = LINE('',#1766,#1767);
#1766 = CARTESIAN_POINT('',(-2.7,1.1,0.));
#1767 = VECTOR('',#1768,1.);
#1768 = DIRECTION('',(1.,-1.224646799147E-16,0.));
#1769 = PLANE('',#1770);
#1770 = AXIS2_PLACEMENT_3D('',#1771,#1772,#1773);
#1771 = CARTESIAN_POINT('',(-2.7,1.1,0.));
#1772 = DIRECTION('',(1.224646799147E-16,1.,0.));
#1773 = DIRECTION('',(1.,-1.224646799147E-16,0.));
#1774 = ADVANCED_FACE('',(#1775),#1793,.F.);
#1775 = FACE_BOUND('',#1776,.F.);
#1776 = EDGE_LOOP('',(#1777,#1778,#1786,#1792));
#1777 = ORIENTED_EDGE('',*,*,#657,.F.);
#1778 = ORIENTED_EDGE('',*,*,#1779,.T.);
#1779 = EDGE_CURVE('',#650,#1780,#1782,.T.);
#1780 = VERTEX_POINT('',#1781);
#1781 = CARTESIAN_POINT('',(-2.55,2.1,0.5));
#1782 = LINE('',#1783,#1784);
#1783 = CARTESIAN_POINT('',(-1.95,2.1,0.5));
#1784 = VECTOR('',#1785,1.);
#1785 = DIRECTION('',(-1.,1.224646799147E-16,1.44444745829E-33));
#1786 = ORIENTED_EDGE('',*,*,#1787,.T.);
#1787 = EDGE_CURVE('',#1780,#1722,#1788,.T.);
#1788 = LINE('',#1789,#1790);
#1789 = CARTESIAN_POINT('',(-2.55,2.2,0.5));
#1790 = VECTOR('',#1791,1.);
#1791 = DIRECTION('',(-1.224646799147E-16,-1.,0.));
#1792 = ORIENTED_EDGE('',*,*,#1721,.T.);
#1793 = PLANE('',#1794);
#1794 = AXIS2_PLACEMENT_3D('',#1795,#1796,#1797);
#1795 = CARTESIAN_POINT('',(-2.2,1.6,0.5));
#1796 = DIRECTION('',(1.44444745829E-33,-1.768937956332E-49,1.));
#1797 = DIRECTION('',(-1.,1.224646799147E-16,1.44444745829E-33));
#1798 = ADVANCED_FACE('',(#1799),#1871,.F.);
#1799 = FACE_BOUND('',#1800,.F.);
#1800 = EDGE_LOOP('',(#1801,#1811,#1820,#1828,#1834,#1835,#1836,#1837,
    #1846,#1854,#1861,#1862,#1863,#1864));
#1801 = ORIENTED_EDGE('',*,*,#1802,.F.);
#1802 = EDGE_CURVE('',#1803,#1805,#1807,.T.);
#1803 = VERTEX_POINT('',#1804);
#1804 = CARTESIAN_POINT('',(-2.7,2.1,5.E-02));
#1805 = VERTEX_POINT('',#1806);
#1806 = CARTESIAN_POINT('',(-2.7,2.1,0.55));
#1807 = LINE('',#1808,#1809);
#1808 = CARTESIAN_POINT('',(-2.7,2.1,0.));
#1809 = VECTOR('',#1810,1.);
#1810 = DIRECTION('',(0.,0.,1.));
#1811 = ORIENTED_EDGE('',*,*,#1812,.T.);
#1812 = EDGE_CURVE('',#1803,#1813,#1815,.T.);
#1813 = VERTEX_POINT('',#1814);
#1814 = CARTESIAN_POINT('',(-2.65,2.1,-6.938893903907E-18));
#1815 = CIRCLE('',#1816,5.E-02);
#1816 = AXIS2_PLACEMENT_3D('',#1817,#1818,#1819);
#1817 = CARTESIAN_POINT('',(-2.65,2.1,5.E-02));
#1818 = DIRECTION('',(-1.224646799147E-16,-1.,0.));
#1819 = DIRECTION('',(0.,0.,1.));
#1820 = ORIENTED_EDGE('',*,*,#1821,.F.);
#1821 = EDGE_CURVE('',#1822,#1813,#1824,.T.);
#1822 = VERTEX_POINT('',#1823);
#1823 = CARTESIAN_POINT('',(-1.7,2.1,0.));
#1824 = LINE('',#1825,#1826);
#1825 = CARTESIAN_POINT('',(-1.7,2.1,0.));
#1826 = VECTOR('',#1827,1.);
#1827 = DIRECTION('',(-1.,1.224646799147E-16,0.));
#1828 = ORIENTED_EDGE('',*,*,#1829,.T.);
#1829 = EDGE_CURVE('',#1822,#728,#1830,.T.);
#1830 = LINE('',#1831,#1832);
#1831 = CARTESIAN_POINT('',(-1.7,2.1,0.));
#1832 = VECTOR('',#1833,1.);
#1833 = DIRECTION('',(0.,0.,1.));
#1834 = ORIENTED_EDGE('',*,*,#727,.F.);
#1835 = ORIENTED_EDGE('',*,*,#719,.T.);
#1836 = ORIENTED_EDGE('',*,*,#1383,.T.);
#1837 = ORIENTED_EDGE('',*,*,#1838,.F.);
#1838 = EDGE_CURVE('',#1839,#1384,#1841,.T.);
#1839 = VERTEX_POINT('',#1840);
#1840 = CARTESIAN_POINT('',(-2.6,2.1,0.15));
#1841 = CIRCLE('',#1842,5.E-02);
#1842 = AXIS2_PLACEMENT_3D('',#1843,#1844,#1845);
#1843 = CARTESIAN_POINT('',(-2.55,2.1,0.15));
#1844 = DIRECTION('',(-1.224646799147E-16,-1.,-1.893756253922E-65));
#1845 = DIRECTION('',(-1.44444745829E-33,1.768937956331E-49,-1.));
#1846 = ORIENTED_EDGE('',*,*,#1847,.T.);
#1847 = EDGE_CURVE('',#1839,#1848,#1850,.T.);
#1848 = VERTEX_POINT('',#1849);
#1849 = CARTESIAN_POINT('',(-2.6,2.1,0.45));
#1850 = LINE('',#1851,#1852);
#1851 = CARTESIAN_POINT('',(-2.6,2.1,5.E-02));
#1852 = VECTOR('',#1853,1.);
#1853 = DIRECTION('',(0.,0.,1.));
#1854 = ORIENTED_EDGE('',*,*,#1855,.F.);
#1855 = EDGE_CURVE('',#1780,#1848,#1856,.T.);
#1856 = CIRCLE('',#1857,5.E-02);
#1857 = AXIS2_PLACEMENT_3D('',#1858,#1859,#1860);
#1858 = CARTESIAN_POINT('',(-2.55,2.1,0.45));
#1859 = DIRECTION('',(-1.224646799147E-16,-1.,0.));
#1860 = DIRECTION('',(-1.,1.224646799147E-16,0.));
#1861 = ORIENTED_EDGE('',*,*,#1779,.F.);
#1862 = ORIENTED_EDGE('',*,*,#649,.F.);
#1863 = ORIENTED_EDGE('',*,*,#1663,.T.);
#1864 = ORIENTED_EDGE('',*,*,#1865,.T.);
#1865 = EDGE_CURVE('',#1664,#1805,#1866,.T.);
#1866 = CIRCLE('',#1867,5.E-02);
#1867 = AXIS2_PLACEMENT_3D('',#1868,#1869,#1870);
#1868 = CARTESIAN_POINT('',(-2.65,2.1,0.55));
#1869 = DIRECTION('',(-1.224646799147E-16,-1.,0.));
#1870 = DIRECTION('',(0.,0.,1.));
#1871 = PLANE('',#1872);
#1872 = AXIS2_PLACEMENT_3D('',#1873,#1874,#1875);
#1873 = CARTESIAN_POINT('',(-1.7,2.1,0.));
#1874 = DIRECTION('',(-1.224646799147E-16,-1.,0.));
#1875 = DIRECTION('',(-1.,1.224646799147E-16,0.));
#1876 = ADVANCED_FACE('',(#1877),#1888,.F.);
#1877 = FACE_BOUND('',#1878,.F.);
#1878 = EDGE_LOOP('',(#1879,#1885,#1886,#1887));
#1879 = ORIENTED_EDGE('',*,*,#1880,.F.);
#1880 = EDGE_CURVE('',#1361,#1215,#1881,.T.);
#1881 = LINE('',#1882,#1883);
#1882 = CARTESIAN_POINT('',(1.7,2.1,0.));
#1883 = VECTOR('',#1884,1.);
#1884 = DIRECTION('',(-1.224646799147E-16,-1.,0.));
#1885 = ORIENTED_EDGE('',*,*,#1360,.T.);
#1886 = ORIENTED_EDGE('',*,*,#854,.F.);
#1887 = ORIENTED_EDGE('',*,*,#1222,.F.);
#1888 = PLANE('',#1889);
#1889 = AXIS2_PLACEMENT_3D('',#1890,#1891,#1892);
#1890 = CARTESIAN_POINT('',(1.7,2.1,0.));
#1891 = DIRECTION('',(1.,-1.224646799147E-16,0.));
#1892 = DIRECTION('',(-1.224646799147E-16,-1.,0.));
#1893 = ADVANCED_FACE('',(#1894),#1905,.F.);
#1894 = FACE_BOUND('',#1895,.F.);
#1895 = EDGE_LOOP('',(#1896,#1902,#1903,#1904));
#1896 = ORIENTED_EDGE('',*,*,#1897,.F.);
#1897 = EDGE_CURVE('',#1041,#1106,#1898,.T.);
#1898 = LINE('',#1899,#1900);
#1899 = CARTESIAN_POINT('',(1.7,-1.1,0.));
#1900 = VECTOR('',#1901,1.);
#1901 = DIRECTION('',(-1.224646799147E-16,-1.,0.));
#1902 = ORIENTED_EDGE('',*,*,#1040,.T.);
#1903 = ORIENTED_EDGE('',*,*,#815,.F.);
#1904 = ORIENTED_EDGE('',*,*,#1113,.F.);
#1905 = PLANE('',#1906);
#1906 = AXIS2_PLACEMENT_3D('',#1907,#1908,#1909);
#1907 = CARTESIAN_POINT('',(1.7,-1.1,0.));
#1908 = DIRECTION('',(1.,-1.224646799147E-16,0.));
#1909 = DIRECTION('',(-1.224646799147E-16,-1.,0.));
#1910 = ADVANCED_FACE('',(#1911),#1922,.F.);
#1911 = FACE_BOUND('',#1912,.F.);
#1912 = EDGE_LOOP('',(#1913,#1919,#1920,#1921));
#1913 = ORIENTED_EDGE('',*,*,#1914,.F.);
#1914 = EDGE_CURVE('',#1641,#1495,#1915,.T.);
#1915 = LINE('',#1916,#1917);
#1916 = CARTESIAN_POINT('',(-1.7,-2.1,0.));
#1917 = VECTOR('',#1918,1.);
#1918 = DIRECTION('',(1.224646799147E-16,1.,0.));
#1919 = ORIENTED_EDGE('',*,*,#1640,.T.);
#1920 = ORIENTED_EDGE('',*,*,#774,.F.);
#1921 = ORIENTED_EDGE('',*,*,#1502,.F.);
#1922 = PLANE('',#1923);
#1923 = AXIS2_PLACEMENT_3D('',#1924,#1925,#1926);
#1924 = CARTESIAN_POINT('',(-1.7,-2.1,0.));
#1925 = DIRECTION('',(-1.,1.224646799147E-16,0.));
#1926 = DIRECTION('',(1.224646799147E-16,1.,0.));
#1927 = ADVANCED_FACE('',(#1928),#1939,.F.);
#1928 = FACE_BOUND('',#1929,.F.);
#1929 = EDGE_LOOP('',(#1930,#1936,#1937,#1938));
#1930 = ORIENTED_EDGE('',*,*,#1931,.F.);
#1931 = EDGE_CURVE('',#1757,#1822,#1932,.T.);
#1932 = LINE('',#1933,#1934);
#1933 = CARTESIAN_POINT('',(-1.7,1.1,0.));
#1934 = VECTOR('',#1935,1.);
#1935 = DIRECTION('',(1.224646799147E-16,1.,0.));
#1936 = ORIENTED_EDGE('',*,*,#1756,.T.);
#1937 = ORIENTED_EDGE('',*,*,#735,.F.);
#1938 = ORIENTED_EDGE('',*,*,#1829,.F.);
#1939 = PLANE('',#1940);
#1940 = AXIS2_PLACEMENT_3D('',#1941,#1942,#1943);
#1941 = CARTESIAN_POINT('',(-1.7,1.1,0.));
#1942 = DIRECTION('',(-1.,1.224646799147E-16,0.));
#1943 = DIRECTION('',(1.224646799147E-16,1.,0.));
#1944 = ADVANCED_FACE('',(#1945),#1956,.F.);
#1945 = FACE_BOUND('',#1946,.F.);
#1946 = EDGE_LOOP('',(#1947,#1948,#1949,#1950));
#1947 = ORIENTED_EDGE('',*,*,#1231,.T.);
#1948 = ORIENTED_EDGE('',*,*,#884,.T.);
#1949 = ORIENTED_EDGE('',*,*,#1350,.F.);
#1950 = ORIENTED_EDGE('',*,*,#1951,.F.);
#1951 = EDGE_CURVE('',#1232,#1343,#1952,.T.);
#1952 = LINE('',#1953,#1954);
#1953 = CARTESIAN_POINT('',(2.6,1.,0.15));
#1954 = VECTOR('',#1955,1.);
#1955 = DIRECTION('',(1.224646799147E-16,1.,0.));
#1956 = CYLINDRICAL_SURFACE('',#1957,5.E-02);
#1957 = AXIS2_PLACEMENT_3D('',#1958,#1959,#1960);
#1958 = CARTESIAN_POINT('',(2.55,1.,0.15));
#1959 = DIRECTION('',(1.224646799147E-16,1.,0.));
#1960 = DIRECTION('',(1.,-1.224646799147E-16,0.));
#1961 = ADVANCED_FACE('',(#1962),#1973,.F.);
#1962 = FACE_BOUND('',#1963,.F.);
#1963 = EDGE_LOOP('',(#1964,#1965,#1966,#1967));
#1964 = ORIENTED_EDGE('',*,*,#1122,.T.);
#1965 = ORIENTED_EDGE('',*,*,#915,.T.);
#1966 = ORIENTED_EDGE('',*,*,#1030,.F.);
#1967 = ORIENTED_EDGE('',*,*,#1968,.F.);
#1968 = EDGE_CURVE('',#1123,#1023,#1969,.T.);
#1969 = LINE('',#1970,#1971);
#1970 = CARTESIAN_POINT('',(2.6,-2.2,0.15));
#1971 = VECTOR('',#1972,1.);
#1972 = DIRECTION('',(1.224646799147E-16,1.,0.));
#1973 = CYLINDRICAL_SURFACE('',#1974,5.E-02);
#1974 = AXIS2_PLACEMENT_3D('',#1975,#1976,#1977);
#1975 = CARTESIAN_POINT('',(2.55,-2.2,0.15));
#1976 = DIRECTION('',(1.224646799147E-16,1.,0.));
#1977 = DIRECTION('',(1.,-1.224646799147E-16,0.));
#1978 = ADVANCED_FACE('',(#1979),#1990,.T.);
#1979 = FACE_BOUND('',#1980,.T.);
#1980 = EDGE_LOOP('',(#1981,#1987,#1988,#1989));
#1981 = ORIENTED_EDGE('',*,*,#1982,.T.);
#1982 = EDGE_CURVE('',#1089,#989,#1983,.T.);
#1983 = LINE('',#1984,#1985);
#1984 = CARTESIAN_POINT('',(2.7,-2.1,0.55));
#1985 = VECTOR('',#1986,1.);
#1986 = DIRECTION('',(1.224646799147E-16,1.,0.));
#1987 = ORIENTED_EDGE('',*,*,#996,.T.);
#1988 = ORIENTED_EDGE('',*,*,#946,.F.);
#1989 = ORIENTED_EDGE('',*,*,#1149,.F.);
#1990 = CYLINDRICAL_SURFACE('',#1991,5.E-02);
#1991 = AXIS2_PLACEMENT_3D('',#1992,#1993,#1994);
#1992 = CARTESIAN_POINT('',(2.65,-2.1,0.55));
#1993 = DIRECTION('',(1.224646799147E-16,1.,0.));
#1994 = DIRECTION('',(1.,-1.224646799147E-16,0.));
#1995 = ADVANCED_FACE('',(#1996),#2012,.T.);
#1996 = FACE_BOUND('',#1997,.T.);
#1997 = EDGE_LOOP('',(#1998,#1999,#2005,#2006));
#1998 = ORIENTED_EDGE('',*,*,#1096,.T.);
#1999 = ORIENTED_EDGE('',*,*,#2000,.T.);
#2000 = EDGE_CURVE('',#1097,#980,#2001,.T.);
#2001 = LINE('',#2002,#2003);
#2002 = CARTESIAN_POINT('',(2.65,-2.1,-6.938893903907E-18));
#2003 = VECTOR('',#2004,1.);
#2004 = DIRECTION('',(1.224646799147E-16,1.,0.));
#2005 = ORIENTED_EDGE('',*,*,#977,.F.);
#2006 = ORIENTED_EDGE('',*,*,#2007,.F.);
#2007 = EDGE_CURVE('',#1087,#978,#2008,.T.);
#2008 = LINE('',#2009,#2010);
#2009 = CARTESIAN_POINT('',(2.7,-2.1,5.E-02));
#2010 = VECTOR('',#2011,1.);
#2011 = DIRECTION('',(1.224646799147E-16,1.,0.));
#2012 = CYLINDRICAL_SURFACE('',#2013,5.E-02);
#2013 = AXIS2_PLACEMENT_3D('',#2014,#2015,#2016);
#2014 = CARTESIAN_POINT('',(2.65,-2.1,5.E-02));
#2015 = DIRECTION('',(1.224646799147E-16,1.,0.));
#2016 = DIRECTION('',(1.,-1.224646799147E-16,0.));
#2017 = ADVANCED_FACE('',(#2018),#2024,.F.);
#2018 = FACE_BOUND('',#2019,.F.);
#2019 = EDGE_LOOP('',(#2020,#2021,#2022,#2023));
#2020 = ORIENTED_EDGE('',*,*,#1048,.T.);
#2021 = ORIENTED_EDGE('',*,*,#1897,.T.);
#2022 = ORIENTED_EDGE('',*,*,#1105,.T.);
#2023 = ORIENTED_EDGE('',*,*,#2000,.T.);
#2024 = PLANE('',#2025);
#2025 = AXIS2_PLACEMENT_3D('',#2026,#2027,#2028);
#2026 = CARTESIAN_POINT('',(2.2,-1.6,0.));
#2027 = DIRECTION('',(0.,0.,1.));
#2028 = DIRECTION('',(-1.,1.224646799147E-16,0.));
#2029 = ADVANCED_FACE('',(#2030),#2041,.T.);
#2030 = FACE_BOUND('',#2031,.T.);
#2031 = EDGE_LOOP('',(#2032,#2033,#2034,#2040));
#2032 = ORIENTED_EDGE('',*,*,#1968,.F.);
#2033 = ORIENTED_EDGE('',*,*,#1131,.T.);
#2034 = ORIENTED_EDGE('',*,*,#2035,.T.);
#2035 = EDGE_CURVE('',#1132,#1014,#2036,.T.);
#2036 = LINE('',#2037,#2038);
#2037 = CARTESIAN_POINT('',(2.6,-2.2,0.45));
#2038 = VECTOR('',#2039,1.);
#2039 = DIRECTION('',(1.224646799147E-16,1.,0.));
#2040 = ORIENTED_EDGE('',*,*,#1022,.T.);
#2041 = PLANE('',#2042);
#2042 = AXIS2_PLACEMENT_3D('',#2043,#2044,#2045);
#2043 = CARTESIAN_POINT('',(2.6,-2.2,0.1));
#2044 = DIRECTION('',(-1.,1.224646799147E-16,0.));
#2045 = DIRECTION('',(1.224646799147E-16,1.,0.));
#2046 = ADVANCED_FACE('',(#2047),#2053,.F.);
#2047 = FACE_BOUND('',#2048,.F.);
#2048 = EDGE_LOOP('',(#2049,#2050,#2051,#2052));
#2049 = ORIENTED_EDGE('',*,*,#2035,.T.);
#2050 = ORIENTED_EDGE('',*,*,#1013,.F.);
#2051 = ORIENTED_EDGE('',*,*,#1062,.F.);
#2052 = ORIENTED_EDGE('',*,*,#1139,.T.);
#2053 = CYLINDRICAL_SURFACE('',#2054,5.E-02);
#2054 = AXIS2_PLACEMENT_3D('',#2055,#2056,#2057);
#2055 = CARTESIAN_POINT('',(2.55,-2.2,0.45));
#2056 = DIRECTION('',(1.224646799147E-16,1.,0.));
#2057 = DIRECTION('',(1.,-1.224646799147E-16,0.));
#2058 = ADVANCED_FACE('',(#2059),#2065,.F.);
#2059 = FACE_BOUND('',#2060,.F.);
#2060 = EDGE_LOOP('',(#2061,#2062,#2063,#2064));
#2061 = ORIENTED_EDGE('',*,*,#1086,.T.);
#2062 = ORIENTED_EDGE('',*,*,#1982,.T.);
#2063 = ORIENTED_EDGE('',*,*,#988,.F.);
#2064 = ORIENTED_EDGE('',*,*,#2007,.F.);
#2065 = PLANE('',#2066);
#2066 = AXIS2_PLACEMENT_3D('',#2067,#2068,#2069);
#2067 = CARTESIAN_POINT('',(2.7,-2.1,0.));
#2068 = DIRECTION('',(-1.,1.224646799147E-16,0.));
#2069 = DIRECTION('',(1.224646799147E-16,1.,0.));
#2070 = ADVANCED_FACE('',(#2071),#2082,.F.);
#2071 = FACE_BOUND('',#2072,.F.);
#2072 = EDGE_LOOP('',(#2073,#2079,#2080,#2081));
#2073 = ORIENTED_EDGE('',*,*,#2074,.T.);
#2074 = EDGE_CURVE('',#1241,#1334,#2075,.T.);
#2075 = LINE('',#2076,#2077);
#2076 = CARTESIAN_POINT('',(2.6,1.,0.45));
#2077 = VECTOR('',#2078,1.);
#2078 = DIRECTION('',(1.224646799147E-16,1.,0.));
#2079 = ORIENTED_EDGE('',*,*,#1333,.F.);
#2080 = ORIENTED_EDGE('',*,*,#1164,.F.);
#2081 = ORIENTED_EDGE('',*,*,#1248,.T.);
#2082 = CYLINDRICAL_SURFACE('',#2083,5.E-02);
#2083 = AXIS2_PLACEMENT_3D('',#2084,#2085,#2086);
#2084 = CARTESIAN_POINT('',(2.55,1.,0.45));
#2085 = DIRECTION('',(1.224646799147E-16,1.,0.));
#2086 = DIRECTION('',(1.,-1.224646799147E-16,0.));
#2087 = ADVANCED_FACE('',(#2088),#2104,.F.);
#2088 = FACE_BOUND('',#2089,.F.);
#2089 = EDGE_LOOP('',(#2090,#2091,#2097,#2098));
#2090 = ORIENTED_EDGE('',*,*,#1195,.T.);
#2091 = ORIENTED_EDGE('',*,*,#2092,.T.);
#2092 = EDGE_CURVE('',#1198,#1316,#2093,.T.);
#2093 = LINE('',#2094,#2095);
#2094 = CARTESIAN_POINT('',(2.7,1.1,0.55));
#2095 = VECTOR('',#2096,1.);
#2096 = DIRECTION('',(1.224646799147E-16,1.,0.));
#2097 = ORIENTED_EDGE('',*,*,#1315,.F.);
#2098 = ORIENTED_EDGE('',*,*,#2099,.F.);
#2099 = EDGE_CURVE('',#1196,#1305,#2100,.T.);
#2100 = LINE('',#2101,#2102);
#2101 = CARTESIAN_POINT('',(2.7,1.1,5.E-02));
#2102 = VECTOR('',#2103,1.);
#2103 = DIRECTION('',(1.224646799147E-16,1.,0.));
#2104 = PLANE('',#2105);
#2105 = AXIS2_PLACEMENT_3D('',#2106,#2107,#2108);
#2106 = CARTESIAN_POINT('',(2.7,1.1,0.));
#2107 = DIRECTION('',(-1.,1.224646799147E-16,0.));
#2108 = DIRECTION('',(1.224646799147E-16,1.,0.));
#2109 = ADVANCED_FACE('',(#2110),#2116,.T.);
#2110 = FACE_BOUND('',#2111,.T.);
#2111 = EDGE_LOOP('',(#2112,#2113,#2114,#2115));
#2112 = ORIENTED_EDGE('',*,*,#2092,.T.);
#2113 = ORIENTED_EDGE('',*,*,#1323,.T.);
#2114 = ORIENTED_EDGE('',*,*,#1280,.F.);
#2115 = ORIENTED_EDGE('',*,*,#1265,.F.);
#2116 = CYLINDRICAL_SURFACE('',#2117,5.E-02);
#2117 = AXIS2_PLACEMENT_3D('',#2118,#2119,#2120);
#2118 = CARTESIAN_POINT('',(2.65,1.1,0.55));
#2119 = DIRECTION('',(1.224646799147E-16,1.,0.));
#2120 = DIRECTION('',(1.,-1.224646799147E-16,0.));
#2121 = ADVANCED_FACE('',(#2122),#2128,.T.);
#2122 = FACE_BOUND('',#2123,.T.);
#2123 = EDGE_LOOP('',(#2124,#2125,#2126,#2127));
#2124 = ORIENTED_EDGE('',*,*,#1951,.F.);
#2125 = ORIENTED_EDGE('',*,*,#1240,.T.);
#2126 = ORIENTED_EDGE('',*,*,#2074,.T.);
#2127 = ORIENTED_EDGE('',*,*,#1342,.T.);
#2128 = PLANE('',#2129);
#2129 = AXIS2_PLACEMENT_3D('',#2130,#2131,#2132);
#2130 = CARTESIAN_POINT('',(2.6,1.,0.1));
#2131 = DIRECTION('',(-1.,1.224646799147E-16,0.));
#2132 = DIRECTION('',(1.224646799147E-16,1.,0.));
#2133 = ADVANCED_FACE('',(#2134),#2145,.F.);
#2134 = FACE_BOUND('',#2135,.F.);
#2135 = EDGE_LOOP('',(#2136,#2137,#2138,#2139));
#2136 = ORIENTED_EDGE('',*,*,#1368,.T.);
#2137 = ORIENTED_EDGE('',*,*,#1880,.T.);
#2138 = ORIENTED_EDGE('',*,*,#1214,.T.);
#2139 = ORIENTED_EDGE('',*,*,#2140,.T.);
#2140 = EDGE_CURVE('',#1206,#1307,#2141,.T.);
#2141 = LINE('',#2142,#2143);
#2142 = CARTESIAN_POINT('',(2.65,1.1,-6.938893903907E-18));
#2143 = VECTOR('',#2144,1.);
#2144 = DIRECTION('',(1.224646799147E-16,1.,0.));
#2145 = PLANE('',#2146);
#2146 = AXIS2_PLACEMENT_3D('',#2147,#2148,#2149);
#2147 = CARTESIAN_POINT('',(2.2,1.6,0.));
#2148 = DIRECTION('',(0.,0.,1.));
#2149 = DIRECTION('',(-1.,1.224646799147E-16,0.));
#2150 = ADVANCED_FACE('',(#2151),#2157,.T.);
#2151 = FACE_BOUND('',#2152,.T.);
#2152 = EDGE_LOOP('',(#2153,#2154,#2155,#2156));
#2153 = ORIENTED_EDGE('',*,*,#1205,.T.);
#2154 = ORIENTED_EDGE('',*,*,#2140,.T.);
#2155 = ORIENTED_EDGE('',*,*,#1304,.F.);
#2156 = ORIENTED_EDGE('',*,*,#2099,.F.);
#2157 = CYLINDRICAL_SURFACE('',#2158,5.E-02);
#2158 = AXIS2_PLACEMENT_3D('',#2159,#2160,#2161);
#2159 = CARTESIAN_POINT('',(2.65,1.1,5.E-02));
#2160 = DIRECTION('',(1.224646799147E-16,1.,0.));
#2161 = DIRECTION('',(1.,-1.224646799147E-16,0.));
#2162 = ADVANCED_FACE('',(#2163),#2174,.F.);
#2163 = FACE_BOUND('',#2164,.F.);
#2164 = EDGE_LOOP('',(#2165,#2166,#2172,#2173));
#2165 = ORIENTED_EDGE('',*,*,#1746,.F.);
#2166 = ORIENTED_EDGE('',*,*,#2167,.F.);
#2167 = EDGE_CURVE('',#1839,#1739,#2168,.T.);
#2168 = LINE('',#2169,#2170);
#2169 = CARTESIAN_POINT('',(-2.6,2.2,0.15));
#2170 = VECTOR('',#2171,1.);
#2171 = DIRECTION('',(-1.224646799147E-16,-1.,0.));
#2172 = ORIENTED_EDGE('',*,*,#1838,.T.);
#2173 = ORIENTED_EDGE('',*,*,#1391,.T.);
#2174 = CYLINDRICAL_SURFACE('',#2175,5.E-02);
#2175 = AXIS2_PLACEMENT_3D('',#2176,#2177,#2178);
#2176 = CARTESIAN_POINT('',(-2.55,2.2,0.15));
#2177 = DIRECTION('',(-1.224646799147E-16,-1.,0.));
#2178 = DIRECTION('',(-1.44444745829E-33,1.768937956331E-49,-1.));
#2179 = ADVANCED_FACE('',(#2180),#2191,.F.);
#2180 = FACE_BOUND('',#2181,.F.);
#2181 = EDGE_LOOP('',(#2182,#2183,#2189,#2190));
#2182 = ORIENTED_EDGE('',*,*,#1630,.F.);
#2183 = ORIENTED_EDGE('',*,*,#2184,.F.);
#2184 = EDGE_CURVE('',#1512,#1623,#2185,.T.);
#2185 = LINE('',#2186,#2187);
#2186 = CARTESIAN_POINT('',(-2.6,-1.,0.15));
#2187 = VECTOR('',#2188,1.);
#2188 = DIRECTION('',(-1.224646799147E-16,-1.,0.));
#2189 = ORIENTED_EDGE('',*,*,#1511,.T.);
#2190 = ORIENTED_EDGE('',*,*,#1422,.T.);
#2191 = CYLINDRICAL_SURFACE('',#2192,5.E-02);
#2192 = AXIS2_PLACEMENT_3D('',#2193,#2194,#2195);
#2193 = CARTESIAN_POINT('',(-2.55,-1.,0.15));
#2194 = DIRECTION('',(-1.224646799147E-16,-1.,0.));
#2195 = DIRECTION('',(-1.44444745829E-33,1.768937956331E-49,-1.));
#2196 = ADVANCED_FACE('',(#2197),#2208,.F.);
#2197 = FACE_BOUND('',#2198,.F.);
#2198 = EDGE_LOOP('',(#2199,#2205,#2206,#2207));
#2199 = ORIENTED_EDGE('',*,*,#2200,.T.);
#2200 = EDGE_CURVE('',#1521,#1614,#2201,.T.);
#2201 = LINE('',#2202,#2203);
#2202 = CARTESIAN_POINT('',(-2.6,-1.,0.45));
#2203 = VECTOR('',#2204,1.);
#2204 = DIRECTION('',(-1.224646799147E-16,-1.,0.));
#2205 = ORIENTED_EDGE('',*,*,#1613,.F.);
#2206 = ORIENTED_EDGE('',*,*,#1453,.F.);
#2207 = ORIENTED_EDGE('',*,*,#1528,.T.);
#2208 = CYLINDRICAL_SURFACE('',#2209,5.E-02);
#2209 = AXIS2_PLACEMENT_3D('',#2210,#2211,#2212);
#2210 = CARTESIAN_POINT('',(-2.55,-1.,0.45));
#2211 = DIRECTION('',(-1.224646799147E-16,-1.,0.));
#2212 = DIRECTION('',(-1.,1.224646799147E-16,0.));
#2213 = ADVANCED_FACE('',(#2214),#2230,.F.);
#2214 = FACE_BOUND('',#2215,.F.);
#2215 = EDGE_LOOP('',(#2216,#2217,#2223,#2224));
#2216 = ORIENTED_EDGE('',*,*,#1475,.T.);
#2217 = ORIENTED_EDGE('',*,*,#2218,.T.);
#2218 = EDGE_CURVE('',#1478,#1596,#2219,.T.);
#2219 = LINE('',#2220,#2221);
#2220 = CARTESIAN_POINT('',(-2.7,-1.1,0.55));
#2221 = VECTOR('',#2222,1.);
#2222 = DIRECTION('',(-1.224646799147E-16,-1.,0.));
#2223 = ORIENTED_EDGE('',*,*,#1595,.F.);
#2224 = ORIENTED_EDGE('',*,*,#2225,.F.);
#2225 = EDGE_CURVE('',#1476,#1585,#2226,.T.);
#2226 = LINE('',#2227,#2228);
#2227 = CARTESIAN_POINT('',(-2.7,-1.1,5.E-02));
#2228 = VECTOR('',#2229,1.);
#2229 = DIRECTION('',(-1.224646799147E-16,-1.,0.));
#2230 = PLANE('',#2231);
#2231 = AXIS2_PLACEMENT_3D('',#2232,#2233,#2234);
#2232 = CARTESIAN_POINT('',(-2.7,-1.1,0.));
#2233 = DIRECTION('',(1.,-1.224646799147E-16,0.));
#2234 = DIRECTION('',(-1.224646799147E-16,-1.,0.));
#2235 = ADVANCED_FACE('',(#2236),#2242,.T.);
#2236 = FACE_BOUND('',#2237,.T.);
#2237 = EDGE_LOOP('',(#2238,#2239,#2240,#2241));
#2238 = ORIENTED_EDGE('',*,*,#1545,.T.);
#2239 = ORIENTED_EDGE('',*,*,#2218,.T.);
#2240 = ORIENTED_EDGE('',*,*,#1603,.F.);
#2241 = ORIENTED_EDGE('',*,*,#1562,.F.);
#2242 = CYLINDRICAL_SURFACE('',#2243,5.E-02);
#2243 = AXIS2_PLACEMENT_3D('',#2244,#2245,#2246);
#2244 = CARTESIAN_POINT('',(-2.65,-1.1,0.55));
#2245 = DIRECTION('',(-1.224646799147E-16,-1.,0.));
#2246 = DIRECTION('',(0.,0.,1.));
#2247 = ADVANCED_FACE('',(#2248),#2254,.T.);
#2248 = FACE_BOUND('',#2249,.T.);
#2249 = EDGE_LOOP('',(#2250,#2251,#2252,#2253));
#2250 = ORIENTED_EDGE('',*,*,#2184,.F.);
#2251 = ORIENTED_EDGE('',*,*,#1520,.T.);
#2252 = ORIENTED_EDGE('',*,*,#2200,.T.);
#2253 = ORIENTED_EDGE('',*,*,#1622,.T.);
#2254 = PLANE('',#2255);
#2255 = AXIS2_PLACEMENT_3D('',#2256,#2257,#2258);
#2256 = CARTESIAN_POINT('',(-2.6,-1.,0.1));
#2257 = DIRECTION('',(1.,-1.224646799147E-16,0.));
#2258 = DIRECTION('',(-1.224646799147E-16,-1.,0.));
#2259 = ADVANCED_FACE('',(#2260),#2271,.F.);
#2260 = FACE_BOUND('',#2261,.F.);
#2261 = EDGE_LOOP('',(#2262,#2263,#2269,#2270));
#2262 = ORIENTED_EDGE('',*,*,#1494,.T.);
#2263 = ORIENTED_EDGE('',*,*,#2264,.T.);
#2264 = EDGE_CURVE('',#1486,#1587,#2265,.T.);
#2265 = LINE('',#2266,#2267);
#2266 = CARTESIAN_POINT('',(-2.65,-1.1,-6.938893903907E-18));
#2267 = VECTOR('',#2268,1.);
#2268 = DIRECTION('',(-1.224646799147E-16,-1.,0.));
#2269 = ORIENTED_EDGE('',*,*,#1648,.T.);
#2270 = ORIENTED_EDGE('',*,*,#1914,.T.);
#2271 = PLANE('',#2272);
#2272 = AXIS2_PLACEMENT_3D('',#2273,#2274,#2275);
#2273 = CARTESIAN_POINT('',(-2.2,-1.6,0.));
#2274 = DIRECTION('',(0.,0.,1.));
#2275 = DIRECTION('',(-1.,1.224646799147E-16,0.));
#2276 = ADVANCED_FACE('',(#2277),#2283,.T.);
#2277 = FACE_BOUND('',#2278,.T.);
#2278 = EDGE_LOOP('',(#2279,#2280,#2281,#2282));
#2279 = ORIENTED_EDGE('',*,*,#1485,.T.);
#2280 = ORIENTED_EDGE('',*,*,#2264,.T.);
#2281 = ORIENTED_EDGE('',*,*,#1584,.F.);
#2282 = ORIENTED_EDGE('',*,*,#2225,.F.);
#2283 = CYLINDRICAL_SURFACE('',#2284,5.E-02);
#2284 = AXIS2_PLACEMENT_3D('',#2285,#2286,#2287);
#2285 = CARTESIAN_POINT('',(-2.65,-1.1,5.E-02));
#2286 = DIRECTION('',(-1.224646799147E-16,-1.,0.));
#2287 = DIRECTION('',(-1.,1.224646799147E-16,0.));
#2288 = ADVANCED_FACE('',(#2289),#2300,.T.);
#2289 = FACE_BOUND('',#2290,.T.);
#2290 = EDGE_LOOP('',(#2291,#2292,#2298,#2299));
#2291 = ORIENTED_EDGE('',*,*,#1865,.T.);
#2292 = ORIENTED_EDGE('',*,*,#2293,.T.);
#2293 = EDGE_CURVE('',#1805,#1705,#2294,.T.);
#2294 = LINE('',#2295,#2296);
#2295 = CARTESIAN_POINT('',(-2.7,2.1,0.55));
#2296 = VECTOR('',#2297,1.);
#2297 = DIRECTION('',(-1.224646799147E-16,-1.,0.));
#2298 = ORIENTED_EDGE('',*,*,#1712,.F.);
#2299 = ORIENTED_EDGE('',*,*,#1671,.F.);
#2300 = CYLINDRICAL_SURFACE('',#2301,5.E-02);
#2301 = AXIS2_PLACEMENT_3D('',#2302,#2303,#2304);
#2302 = CARTESIAN_POINT('',(-2.65,2.1,0.55));
#2303 = DIRECTION('',(-1.224646799147E-16,-1.,0.));
#2304 = DIRECTION('',(0.,0.,1.));
#2305 = ADVANCED_FACE('',(#2306),#2322,.T.);
#2306 = FACE_BOUND('',#2307,.T.);
#2307 = EDGE_LOOP('',(#2308,#2309,#2315,#2316));
#2308 = ORIENTED_EDGE('',*,*,#1812,.T.);
#2309 = ORIENTED_EDGE('',*,*,#2310,.T.);
#2310 = EDGE_CURVE('',#1813,#1696,#2311,.T.);
#2311 = LINE('',#2312,#2313);
#2312 = CARTESIAN_POINT('',(-2.65,2.1,-6.938893903907E-18));
#2313 = VECTOR('',#2314,1.);
#2314 = DIRECTION('',(-1.224646799147E-16,-1.,0.));
#2315 = ORIENTED_EDGE('',*,*,#1693,.F.);
#2316 = ORIENTED_EDGE('',*,*,#2317,.F.);
#2317 = EDGE_CURVE('',#1803,#1694,#2318,.T.);
#2318 = LINE('',#2319,#2320);
#2319 = CARTESIAN_POINT('',(-2.7,2.1,5.E-02));
#2320 = VECTOR('',#2321,1.);
#2321 = DIRECTION('',(-1.224646799147E-16,-1.,0.));
#2322 = CYLINDRICAL_SURFACE('',#2323,5.E-02);
#2323 = AXIS2_PLACEMENT_3D('',#2324,#2325,#2326);
#2324 = CARTESIAN_POINT('',(-2.65,2.1,5.E-02));
#2325 = DIRECTION('',(-1.224646799147E-16,-1.,0.));
#2326 = DIRECTION('',(-1.,1.224646799147E-16,0.));
#2327 = ADVANCED_FACE('',(#2328),#2334,.F.);
#2328 = FACE_BOUND('',#2329,.F.);
#2329 = EDGE_LOOP('',(#2330,#2331,#2332,#2333));
#2330 = ORIENTED_EDGE('',*,*,#1821,.T.);
#2331 = ORIENTED_EDGE('',*,*,#2310,.T.);
#2332 = ORIENTED_EDGE('',*,*,#1764,.T.);
#2333 = ORIENTED_EDGE('',*,*,#1931,.T.);
#2334 = PLANE('',#2335);
#2335 = AXIS2_PLACEMENT_3D('',#2336,#2337,#2338);
#2336 = CARTESIAN_POINT('',(-2.2,1.6,0.));
#2337 = DIRECTION('',(0.,0.,1.));
#2338 = DIRECTION('',(-1.,1.224646799147E-16,0.));
#2339 = ADVANCED_FACE('',(#2340),#2351,.T.);
#2340 = FACE_BOUND('',#2341,.T.);
#2341 = EDGE_LOOP('',(#2342,#2343,#2344,#2350));
#2342 = ORIENTED_EDGE('',*,*,#2167,.F.);
#2343 = ORIENTED_EDGE('',*,*,#1847,.T.);
#2344 = ORIENTED_EDGE('',*,*,#2345,.T.);
#2345 = EDGE_CURVE('',#1848,#1730,#2346,.T.);
#2346 = LINE('',#2347,#2348);
#2347 = CARTESIAN_POINT('',(-2.6,2.2,0.45));
#2348 = VECTOR('',#2349,1.);
#2349 = DIRECTION('',(-1.224646799147E-16,-1.,0.));
#2350 = ORIENTED_EDGE('',*,*,#1738,.T.);
#2351 = PLANE('',#2352);
#2352 = AXIS2_PLACEMENT_3D('',#2353,#2354,#2355);
#2353 = CARTESIAN_POINT('',(-2.6,2.2,0.1));
#2354 = DIRECTION('',(1.,-1.224646799147E-16,0.));
#2355 = DIRECTION('',(-1.224646799147E-16,-1.,0.));
#2356 = ADVANCED_FACE('',(#2357),#2363,.F.);
#2357 = FACE_BOUND('',#2358,.F.);
#2358 = EDGE_LOOP('',(#2359,#2360,#2361,#2362));
#2359 = ORIENTED_EDGE('',*,*,#2345,.T.);
#2360 = ORIENTED_EDGE('',*,*,#1729,.F.);
#2361 = ORIENTED_EDGE('',*,*,#1787,.F.);
#2362 = ORIENTED_EDGE('',*,*,#1855,.T.);
#2363 = CYLINDRICAL_SURFACE('',#2364,5.E-02);
#2364 = AXIS2_PLACEMENT_3D('',#2365,#2366,#2367);
#2365 = CARTESIAN_POINT('',(-2.55,2.2,0.45));
#2366 = DIRECTION('',(-1.224646799147E-16,-1.,0.));
#2367 = DIRECTION('',(-1.,1.224646799147E-16,0.));
#2368 = ADVANCED_FACE('',(#2369),#2375,.F.);
#2369 = FACE_BOUND('',#2370,.F.);
#2370 = EDGE_LOOP('',(#2371,#2372,#2373,#2374));
#2371 = ORIENTED_EDGE('',*,*,#1802,.T.);
#2372 = ORIENTED_EDGE('',*,*,#2293,.T.);
#2373 = ORIENTED_EDGE('',*,*,#1704,.F.);
#2374 = ORIENTED_EDGE('',*,*,#2317,.F.);
#2375 = PLANE('',#2376);
#2376 = AXIS2_PLACEMENT_3D('',#2377,#2378,#2379);
#2377 = CARTESIAN_POINT('',(-2.7,2.1,0.));
#2378 = DIRECTION('',(1.,-1.224646799147E-16,0.));
#2379 = DIRECTION('',(-1.224646799147E-16,-1.,0.));
#2380 = ( GEOMETRIC_REPRESENTATION_CONTEXT(3) 
GLOBAL_UNCERTAINTY_ASSIGNED_CONTEXT((#2384)) 
GLOBAL_UNIT_ASSIGNED_CONTEXT((#2381,#2382,#2383)) REPRESENTATION_CONTEXT
('Context #1','3D Context with UNIT and UNCERTAINTY') );
#2381 = ( LENGTH_UNIT() NAMED_UNIT(*) SI_UNIT(.MILLI.,.METRE.) );
#2382 = ( NAMED_UNIT(*) PLANE_ANGLE_UNIT() SI_UNIT($,.RADIAN.) );
#2383 = ( NAMED_UNIT(*) SI_UNIT($,.STERADIAN.) SOLID_ANGLE_UNIT() );
#2384 = UNCERTAINTY_MEASURE_WITH_UNIT(LENGTH_MEASURE(1.E-07),#2381,
  'distance_accuracy_value','confusion accuracy');
#2385 = CONTEXT_DEPENDENT_SHAPE_REPRESENTATION(#2386,#2388);
#2386 = ( REPRESENTATION_RELATIONSHIP('','',#112,#10) 
REPRESENTATION_RELATIONSHIP_WITH_TRANSFORMATION(#2387) 
SHAPE_REPRESENTATION_RELATIONSHIP() );
#2387 = ITEM_DEFINED_TRANSFORMATION('','',#11,#15);
#2388 = PRODUCT_DEFINITION_SHAPE('Placement','Placement of an item',
  #2389);
#2389 = NEXT_ASSEMBLY_USAGE_OCCURRENCE('1','D18','',#5,#107,$);
#2390 = PRODUCT_RELATED_PRODUCT_CATEGORY('part',$,(#109));
#2391 = CONTEXT_DEPENDENT_SHAPE_REPRESENTATION(#2392,#2394);
#2392 = ( REPRESENTATION_RELATIONSHIP('','',#112,#10) 
REPRESENTATION_RELATIONSHIP_WITH_TRANSFORMATION(#2393) 
SHAPE_REPRESENTATION_RELATIONSHIP() );
#2393 = ITEM_DEFINED_TRANSFORMATION('','',#11,#19);
#2394 = PRODUCT_DEFINITION_SHAPE('Placement','Placement of an item',
  #2395);
#2395 = NEXT_ASSEMBLY_USAGE_OCCURRENCE('2','D11','',#5,#107,$);
#2396 = CONTEXT_DEPENDENT_SHAPE_REPRESENTATION(#2397,#2399);
#2397 = ( REPRESENTATION_RELATIONSHIP('','',#112,#10) 
REPRESENTATION_RELATIONSHIP_WITH_TRANSFORMATION(#2398) 
SHAPE_REPRESENTATION_RELATIONSHIP() );
#2398 = ITEM_DEFINED_TRANSFORMATION('','',#11,#23);
#2399 = PRODUCT_DEFINITION_SHAPE('Placement','Placement of an item',
  #2400);
#2400 = NEXT_ASSEMBLY_USAGE_OCCURRENCE('3','D13','',#5,#107,$);
#2401 = CONTEXT_DEPENDENT_SHAPE_REPRESENTATION(#2402,#2404);
#2402 = ( REPRESENTATION_RELATIONSHIP('','',#112,#10) 
REPRESENTATION_RELATIONSHIP_WITH_TRANSFORMATION(#2403) 
SHAPE_REPRESENTATION_RELATIONSHIP() );
#2403 = ITEM_DEFINED_TRANSFORMATION('','',#11,#27);
#2404 = PRODUCT_DEFINITION_SHAPE('Placement','Placement of an item',
  #2405);
#2405 = NEXT_ASSEMBLY_USAGE_OCCURRENCE('4','D8','',#5,#107,$);
#2406 = CONTEXT_DEPENDENT_SHAPE_REPRESENTATION(#2407,#2409);
#2407 = ( REPRESENTATION_RELATIONSHIP('','',#112,#10) 
REPRESENTATION_RELATIONSHIP_WITH_TRANSFORMATION(#2408) 
SHAPE_REPRESENTATION_RELATIONSHIP() );
#2408 = ITEM_DEFINED_TRANSFORMATION('','',#11,#31);
#2409 = PRODUCT_DEFINITION_SHAPE('Placement','Placement of an item',
  #2410);
#2410 = NEXT_ASSEMBLY_USAGE_OCCURRENCE('5','D3','',#5,#107,$);
#2411 = CONTEXT_DEPENDENT_SHAPE_REPRESENTATION(#2412,#2414);
#2412 = ( REPRESENTATION_RELATIONSHIP('','',#112,#10) 
REPRESENTATION_RELATIONSHIP_WITH_TRANSFORMATION(#2413) 
SHAPE_REPRESENTATION_RELATIONSHIP() );
#2413 = ITEM_DEFINED_TRANSFORMATION('','',#11,#35);
#2414 = PRODUCT_DEFINITION_SHAPE('Placement','Placement of an item',
  #2415);
#2415 = NEXT_ASSEMBLY_USAGE_OCCURRENCE('6','D9','',#5,#107,$);
#2416 = CONTEXT_DEPENDENT_SHAPE_REPRESENTATION(#2417,#2419);
#2417 = ( REPRESENTATION_RELATIONSHIP('','',#112,#10) 
REPRESENTATION_RELATIONSHIP_WITH_TRANSFORMATION(#2418) 
SHAPE_REPRESENTATION_RELATIONSHIP() );
#2418 = ITEM_DEFINED_TRANSFORMATION('','',#11,#39);
#2419 = PRODUCT_DEFINITION_SHAPE('Placement','Placement of an item',
  #2420);
#2420 = NEXT_ASSEMBLY_USAGE_OCCURRENCE('7','D6','',#5,#107,$);
#2421 = CONTEXT_DEPENDENT_SHAPE_REPRESENTATION(#2422,#2424);
#2422 = ( REPRESENTATION_RELATIONSHIP('','',#112,#10) 
REPRESENTATION_RELATIONSHIP_WITH_TRANSFORMATION(#2423) 
SHAPE_REPRESENTATION_RELATIONSHIP() );
#2423 = ITEM_DEFINED_TRANSFORMATION('','',#11,#43);
#2424 = PRODUCT_DEFINITION_SHAPE('Placement','Placement of an item',
  #2425);
#2425 = NEXT_ASSEMBLY_USAGE_OCCURRENCE('8','D5','',#5,#107,$);
#2426 = CONTEXT_DEPENDENT_SHAPE_REPRESENTATION(#2427,#2429);
#2427 = ( REPRESENTATION_RELATIONSHIP('','',#112,#10) 
REPRESENTATION_RELATIONSHIP_WITH_TRANSFORMATION(#2428) 
SHAPE_REPRESENTATION_RELATIONSHIP() );
#2428 = ITEM_DEFINED_TRANSFORMATION('','',#11,#47);
#2429 = PRODUCT_DEFINITION_SHAPE('Placement','Placement of an item',
  #2430);
#2430 = NEXT_ASSEMBLY_USAGE_OCCURRENCE('9','D4','',#5,#107,$);
#2431 = CONTEXT_DEPENDENT_SHAPE_REPRESENTATION(#2432,#2434);
#2432 = ( REPRESENTATION_RELATIONSHIP('','',#112,#10) 
REPRESENTATION_RELATIONSHIP_WITH_TRANSFORMATION(#2433) 
SHAPE_REPRESENTATION_RELATIONSHIP() );
#2433 = ITEM_DEFINED_TRANSFORMATION('','',#11,#51);
#2434 = PRODUCT_DEFINITION_SHAPE('Placement','Placement of an item',
  #2435);
#2435 = NEXT_ASSEMBLY_USAGE_OCCURRENCE('10','D10','',#5,#107,$);
#2436 = CONTEXT_DEPENDENT_SHAPE_REPRESENTATION(#2437,#2439);
#2437 = ( REPRESENTATION_RELATIONSHIP('','',#112,#10) 
REPRESENTATION_RELATIONSHIP_WITH_TRANSFORMATION(#2438) 
SHAPE_REPRESENTATION_RELATIONSHIP() );
#2438 = ITEM_DEFINED_TRANSFORMATION('','',#11,#55);
#2439 = PRODUCT_DEFINITION_SHAPE('Placement','Placement of an item',
  #2440);
#2440 = NEXT_ASSEMBLY_USAGE_OCCURRENCE('11','D17','',#5,#107,$);
#2441 = CONTEXT_DEPENDENT_SHAPE_REPRESENTATION(#2442,#2444);
#2442 = ( REPRESENTATION_RELATIONSHIP('','',#112,#10) 
REPRESENTATION_RELATIONSHIP_WITH_TRANSFORMATION(#2443) 
SHAPE_REPRESENTATION_RELATIONSHIP() );
#2443 = ITEM_DEFINED_TRANSFORMATION('','',#11,#59);
#2444 = PRODUCT_DEFINITION_SHAPE('Placement','Placement of an item',
  #2445);
#2445 = NEXT_ASSEMBLY_USAGE_OCCURRENCE('12','D19','',#5,#107,$);
#2446 = CONTEXT_DEPENDENT_SHAPE_REPRESENTATION(#2447,#2449);
#2447 = ( REPRESENTATION_RELATIONSHIP('','',#112,#10) 
REPRESENTATION_RELATIONSHIP_WITH_TRANSFORMATION(#2448) 
SHAPE_REPRESENTATION_RELATIONSHIP() );
#2448 = ITEM_DEFINED_TRANSFORMATION('','',#11,#63);
#2449 = PRODUCT_DEFINITION_SHAPE('Placement','Placement of an item',
  #2450);
#2450 = NEXT_ASSEMBLY_USAGE_OCCURRENCE('13','D2','',#5,#107,$);
#2451 = CONTEXT_DEPENDENT_SHAPE_REPRESENTATION(#2452,#2454);
#2452 = ( REPRESENTATION_RELATIONSHIP('','',#112,#10) 
REPRESENTATION_RELATIONSHIP_WITH_TRANSFORMATION(#2453) 
SHAPE_REPRESENTATION_RELATIONSHIP() );
#2453 = ITEM_DEFINED_TRANSFORMATION('','',#11,#67);
#2454 = PRODUCT_DEFINITION_SHAPE('Placement','Placement of an item',
  #2455);
#2455 = NEXT_ASSEMBLY_USAGE_OCCURRENCE('14','D16','',#5,#107,$);
#2456 = CONTEXT_DEPENDENT_SHAPE_REPRESENTATION(#2457,#2459);
#2457 = ( REPRESENTATION_RELATIONSHIP('','',#112,#10) 
REPRESENTATION_RELATIONSHIP_WITH_TRANSFORMATION(#2458) 
SHAPE_REPRESENTATION_RELATIONSHIP() );
#2458 = ITEM_DEFINED_TRANSFORMATION('','',#11,#71);
#2459 = PRODUCT_DEFINITION_SHAPE('Placement','Placement of an item',
  #2460);
#2460 = NEXT_ASSEMBLY_USAGE_OCCURRENCE('15','D12','',#5,#107,$);
#2461 = CONTEXT_DEPENDENT_SHAPE_REPRESENTATION(#2462,#2464);
#2462 = ( REPRESENTATION_RELATIONSHIP('','',#112,#10) 
REPRESENTATION_RELATIONSHIP_WITH_TRANSFORMATION(#2463) 
SHAPE_REPRESENTATION_RELATIONSHIP() );
#2463 = ITEM_DEFINED_TRANSFORMATION('','',#11,#75);
#2464 = PRODUCT_DEFINITION_SHAPE('Placement','Placement of an item',
  #2465);
#2465 = NEXT_ASSEMBLY_USAGE_OCCURRENCE('16','D20','',#5,#107,$);
#2466 = CONTEXT_DEPENDENT_SHAPE_REPRESENTATION(#2467,#2469);
#2467 = ( REPRESENTATION_RELATIONSHIP('','',#112,#10) 
REPRESENTATION_RELATIONSHIP_WITH_TRANSFORMATION(#2468) 
SHAPE_REPRESENTATION_RELATIONSHIP() );
#2468 = ITEM_DEFINED_TRANSFORMATION('','',#11,#79);
#2469 = PRODUCT_DEFINITION_SHAPE('Placement','Placement of an item',
  #2470);
#2470 = NEXT_ASSEMBLY_USAGE_OCCURRENCE('17','D15','',#5,#107,$);
#2471 = CONTEXT_DEPENDENT_SHAPE_REPRESENTATION(#2472,#2474);
#2472 = ( REPRESENTATION_RELATIONSHIP('','',#112,#10) 
REPRESENTATION_RELATIONSHIP_WITH_TRANSFORMATION(#2473) 
SHAPE_REPRESENTATION_RELATIONSHIP() );
#2473 = ITEM_DEFINED_TRANSFORMATION('','',#11,#83);
#2474 = PRODUCT_DEFINITION_SHAPE('Placement','Placement of an item',
  #2475);
#2475 = NEXT_ASSEMBLY_USAGE_OCCURRENCE('18','D7','',#5,#107,$);
#2476 = CONTEXT_DEPENDENT_SHAPE_REPRESENTATION(#2477,#2479);
#2477 = ( REPRESENTATION_RELATIONSHIP('','',#112,#10) 
REPRESENTATION_RELATIONSHIP_WITH_TRANSFORMATION(#2478) 
SHAPE_REPRESENTATION_RELATIONSHIP() );
#2478 = ITEM_DEFINED_TRANSFORMATION('','',#11,#87);
#2479 = PRODUCT_DEFINITION_SHAPE('Placement','Placement of an item',
  #2480);
#2480 = NEXT_ASSEMBLY_USAGE_OCCURRENCE('19','D14','',#5,#107,$);
#2481 = CONTEXT_DEPENDENT_SHAPE_REPRESENTATION(#2482,#2484);
#2482 = ( REPRESENTATION_RELATIONSHIP('','',#112,#10) 
REPRESENTATION_RELATIONSHIP_WITH_TRANSFORMATION(#2483) 
SHAPE_REPRESENTATION_RELATIONSHIP() );
#2483 = ITEM_DEFINED_TRANSFORMATION('','',#11,#91);
#2484 = PRODUCT_DEFINITION_SHAPE('Placement','Placement of an item',
  #2485);
#2485 = NEXT_ASSEMBLY_USAGE_OCCURRENCE('20','D1','',#5,#107,$);
#2486 = SHAPE_DEFINITION_REPRESENTATION(#2487,#2493);
#2487 = PRODUCT_DEFINITION_SHAPE('','',#2488);
#2488 = PRODUCT_DEFINITION('design','',#2489,#2492);
#2489 = PRODUCT_DEFINITION_FORMATION('','',#2490);
#2490 = PRODUCT('shrieker_PCB','shrieker_PCB','',(#2491));
#2491 = PRODUCT_CONTEXT('',#2,'mechanical');
#2492 = PRODUCT_DEFINITION_CONTEXT('part definition',#2,'design');
#2493 = ADVANCED_BREP_SHAPE_REPRESENTATION('',(#11,#2494),#2780);
#2494 = MANIFOLD_SOLID_BREP('',#2495);
#2495 = CLOSED_SHELL('',(#2496,#2536,#2567,#2598,#2620,#2660,#2691,#2722
    ,#2744,#2762));
#2496 = ADVANCED_FACE('',(#2497),#2531,.T.);
#2497 = FACE_BOUND('',#2498,.T.);
#2498 = EDGE_LOOP('',(#2499,#2509,#2517,#2525));
#2499 = ORIENTED_EDGE('',*,*,#2500,.T.);
#2500 = EDGE_CURVE('',#2501,#2503,#2505,.T.);
#2501 = VERTEX_POINT('',#2502);
#2502 = CARTESIAN_POINT('',(238.,-108.,0.));
#2503 = VERTEX_POINT('',#2504);
#2504 = CARTESIAN_POINT('',(238.,-108.,1.51));
#2505 = LINE('',#2506,#2507);
#2506 = CARTESIAN_POINT('',(238.,-108.,0.));
#2507 = VECTOR('',#2508,1.);
#2508 = DIRECTION('',(0.,0.,1.));
#2509 = ORIENTED_EDGE('',*,*,#2510,.T.);
#2510 = EDGE_CURVE('',#2503,#2511,#2513,.T.);
#2511 = VERTEX_POINT('',#2512);
#2512 = CARTESIAN_POINT('',(190.,-108.,1.51));
#2513 = LINE('',#2514,#2515);
#2514 = CARTESIAN_POINT('',(238.,-108.,1.51));
#2515 = VECTOR('',#2516,1.);
#2516 = DIRECTION('',(-1.,0.,0.));
#2517 = ORIENTED_EDGE('',*,*,#2518,.F.);
#2518 = EDGE_CURVE('',#2519,#2511,#2521,.T.);
#2519 = VERTEX_POINT('',#2520);
#2520 = CARTESIAN_POINT('',(190.,-108.,0.));
#2521 = LINE('',#2522,#2523);
#2522 = CARTESIAN_POINT('',(190.,-108.,0.));
#2523 = VECTOR('',#2524,1.);
#2524 = DIRECTION('',(0.,0.,1.));
#2525 = ORIENTED_EDGE('',*,*,#2526,.F.);
#2526 = EDGE_CURVE('',#2501,#2519,#2527,.T.);
#2527 = LINE('',#2528,#2529);
#2528 = CARTESIAN_POINT('',(238.,-108.,0.));
#2529 = VECTOR('',#2530,1.);
#2530 = DIRECTION('',(-1.,0.,0.));
#2531 = PLANE('',#2532);
#2532 = AXIS2_PLACEMENT_3D('',#2533,#2534,#2535);
#2533 = CARTESIAN_POINT('',(238.,-108.,0.));
#2534 = DIRECTION('',(0.,-1.,0.));
#2535 = DIRECTION('',(-1.,0.,0.));
#2536 = ADVANCED_FACE('',(#2537),#2562,.T.);
#2537 = FACE_BOUND('',#2538,.T.);
#2538 = EDGE_LOOP('',(#2539,#2540,#2548,#2556));
#2539 = ORIENTED_EDGE('',*,*,#2518,.T.);
#2540 = ORIENTED_EDGE('',*,*,#2541,.T.);
#2541 = EDGE_CURVE('',#2511,#2542,#2544,.T.);
#2542 = VERTEX_POINT('',#2543);
#2543 = CARTESIAN_POINT('',(190.,-60.,1.51));
#2544 = LINE('',#2545,#2546);
#2545 = CARTESIAN_POINT('',(190.,-108.,1.51));
#2546 = VECTOR('',#2547,1.);
#2547 = DIRECTION('',(0.,1.,0.));
#2548 = ORIENTED_EDGE('',*,*,#2549,.F.);
#2549 = EDGE_CURVE('',#2550,#2542,#2552,.T.);
#2550 = VERTEX_POINT('',#2551);
#2551 = CARTESIAN_POINT('',(190.,-60.,0.));
#2552 = LINE('',#2553,#2554);
#2553 = CARTESIAN_POINT('',(190.,-60.,0.));
#2554 = VECTOR('',#2555,1.);
#2555 = DIRECTION('',(0.,0.,1.));
#2556 = ORIENTED_EDGE('',*,*,#2557,.F.);
#2557 = EDGE_CURVE('',#2519,#2550,#2558,.T.);
#2558 = LINE('',#2559,#2560);
#2559 = CARTESIAN_POINT('',(190.,-108.,0.));
#2560 = VECTOR('',#2561,1.);
#2561 = DIRECTION('',(0.,1.,0.));
#2562 = PLANE('',#2563);
#2563 = AXIS2_PLACEMENT_3D('',#2564,#2565,#2566);
#2564 = CARTESIAN_POINT('',(190.,-108.,0.));
#2565 = DIRECTION('',(-1.,0.,0.));
#2566 = DIRECTION('',(0.,1.,0.));
#2567 = ADVANCED_FACE('',(#2568),#2593,.T.);
#2568 = FACE_BOUND('',#2569,.T.);
#2569 = EDGE_LOOP('',(#2570,#2571,#2579,#2587));
#2570 = ORIENTED_EDGE('',*,*,#2549,.T.);
#2571 = ORIENTED_EDGE('',*,*,#2572,.T.);
#2572 = EDGE_CURVE('',#2542,#2573,#2575,.T.);
#2573 = VERTEX_POINT('',#2574);
#2574 = CARTESIAN_POINT('',(238.,-60.,1.51));
#2575 = LINE('',#2576,#2577);
#2576 = CARTESIAN_POINT('',(190.,-60.,1.51));
#2577 = VECTOR('',#2578,1.);
#2578 = DIRECTION('',(1.,0.,0.));
#2579 = ORIENTED_EDGE('',*,*,#2580,.F.);
#2580 = EDGE_CURVE('',#2581,#2573,#2583,.T.);
#2581 = VERTEX_POINT('',#2582);
#2582 = CARTESIAN_POINT('',(238.,-60.,0.));
#2583 = LINE('',#2584,#2585);
#2584 = CARTESIAN_POINT('',(238.,-60.,0.));
#2585 = VECTOR('',#2586,1.);
#2586 = DIRECTION('',(0.,0.,1.));
#2587 = ORIENTED_EDGE('',*,*,#2588,.F.);
#2588 = EDGE_CURVE('',#2550,#2581,#2589,.T.);
#2589 = LINE('',#2590,#2591);
#2590 = CARTESIAN_POINT('',(190.,-60.,0.));
#2591 = VECTOR('',#2592,1.);
#2592 = DIRECTION('',(1.,0.,0.));
#2593 = PLANE('',#2594);
#2594 = AXIS2_PLACEMENT_3D('',#2595,#2596,#2597);
#2595 = CARTESIAN_POINT('',(190.,-60.,0.));
#2596 = DIRECTION('',(0.,1.,0.));
#2597 = DIRECTION('',(1.,0.,0.));
#2598 = ADVANCED_FACE('',(#2599),#2615,.T.);
#2599 = FACE_BOUND('',#2600,.T.);
#2600 = EDGE_LOOP('',(#2601,#2602,#2608,#2609));
#2601 = ORIENTED_EDGE('',*,*,#2580,.T.);
#2602 = ORIENTED_EDGE('',*,*,#2603,.T.);
#2603 = EDGE_CURVE('',#2573,#2503,#2604,.T.);
#2604 = LINE('',#2605,#2606);
#2605 = CARTESIAN_POINT('',(238.,-60.,1.51));
#2606 = VECTOR('',#2607,1.);
#2607 = DIRECTION('',(0.,-1.,0.));
#2608 = ORIENTED_EDGE('',*,*,#2500,.F.);
#2609 = ORIENTED_EDGE('',*,*,#2610,.F.);
#2610 = EDGE_CURVE('',#2581,#2501,#2611,.T.);
#2611 = LINE('',#2612,#2613);
#2612 = CARTESIAN_POINT('',(238.,-60.,0.));
#2613 = VECTOR('',#2614,1.);
#2614 = DIRECTION('',(0.,-1.,0.));
#2615 = PLANE('',#2616);
#2616 = AXIS2_PLACEMENT_3D('',#2617,#2618,#2619);
#2617 = CARTESIAN_POINT('',(238.,-60.,0.));
#2618 = DIRECTION('',(1.,0.,-0.));
#2619 = DIRECTION('',(0.,-1.,0.));
#2620 = ADVANCED_FACE('',(#2621),#2655,.T.);
#2621 = FACE_BOUND('',#2622,.T.);
#2622 = EDGE_LOOP('',(#2623,#2633,#2641,#2649));
#2623 = ORIENTED_EDGE('',*,*,#2624,.T.);
#2624 = EDGE_CURVE('',#2625,#2627,#2629,.T.);
#2625 = VERTEX_POINT('',#2626);
#2626 = CARTESIAN_POINT('',(200.,-100.,0.));
#2627 = VERTEX_POINT('',#2628);
#2628 = CARTESIAN_POINT('',(200.,-100.,1.51));
#2629 = LINE('',#2630,#2631);
#2630 = CARTESIAN_POINT('',(200.,-100.,0.));
#2631 = VECTOR('',#2632,1.);
#2632 = DIRECTION('',(0.,0.,1.));
#2633 = ORIENTED_EDGE('',*,*,#2634,.T.);
#2634 = EDGE_CURVE('',#2627,#2635,#2637,.T.);
#2635 = VERTEX_POINT('',#2636);
#2636 = CARTESIAN_POINT('',(229.,-100.,1.51));
#2637 = LINE('',#2638,#2639);
#2638 = CARTESIAN_POINT('',(200.,-100.,1.51));
#2639 = VECTOR('',#2640,1.);
#2640 = DIRECTION('',(1.,0.,0.));
#2641 = ORIENTED_EDGE('',*,*,#2642,.F.);
#2642 = EDGE_CURVE('',#2643,#2635,#2645,.T.);
#2643 = VERTEX_POINT('',#2644);
#2644 = CARTESIAN_POINT('',(229.,-100.,0.));
#2645 = LINE('',#2646,#2647);
#2646 = CARTESIAN_POINT('',(229.,-100.,0.));
#2647 = VECTOR('',#2648,1.);
#2648 = DIRECTION('',(0.,0.,1.));
#2649 = ORIENTED_EDGE('',*,*,#2650,.F.);
#2650 = EDGE_CURVE('',#2625,#2643,#2651,.T.);
#2651 = LINE('',#2652,#2653);
#2652 = CARTESIAN_POINT('',(200.,-100.,0.));
#2653 = VECTOR('',#2654,1.);
#2654 = DIRECTION('',(1.,0.,0.));
#2655 = PLANE('',#2656);
#2656 = AXIS2_PLACEMENT_3D('',#2657,#2658,#2659);
#2657 = CARTESIAN_POINT('',(200.,-100.,0.));
#2658 = DIRECTION('',(0.,1.,0.));
#2659 = DIRECTION('',(1.,0.,0.));
#2660 = ADVANCED_FACE('',(#2661),#2686,.T.);
#2661 = FACE_BOUND('',#2662,.T.);
#2662 = EDGE_LOOP('',(#2663,#2664,#2672,#2680));
#2663 = ORIENTED_EDGE('',*,*,#2642,.T.);
#2664 = ORIENTED_EDGE('',*,*,#2665,.T.);
#2665 = EDGE_CURVE('',#2635,#2666,#2668,.T.);
#2666 = VERTEX_POINT('',#2667);
#2667 = CARTESIAN_POINT('',(229.,-68.,1.51));
#2668 = LINE('',#2669,#2670);
#2669 = CARTESIAN_POINT('',(229.,-100.,1.51));
#2670 = VECTOR('',#2671,1.);
#2671 = DIRECTION('',(0.,1.,0.));
#2672 = ORIENTED_EDGE('',*,*,#2673,.F.);
#2673 = EDGE_CURVE('',#2674,#2666,#2676,.T.);
#2674 = VERTEX_POINT('',#2675);
#2675 = CARTESIAN_POINT('',(229.,-68.,0.));
#2676 = LINE('',#2677,#2678);
#2677 = CARTESIAN_POINT('',(229.,-68.,0.));
#2678 = VECTOR('',#2679,1.);
#2679 = DIRECTION('',(0.,0.,1.));
#2680 = ORIENTED_EDGE('',*,*,#2681,.F.);
#2681 = EDGE_CURVE('',#2643,#2674,#2682,.T.);
#2682 = LINE('',#2683,#2684);
#2683 = CARTESIAN_POINT('',(229.,-100.,0.));
#2684 = VECTOR('',#2685,1.);
#2685 = DIRECTION('',(0.,1.,0.));
#2686 = PLANE('',#2687);
#2687 = AXIS2_PLACEMENT_3D('',#2688,#2689,#2690);
#2688 = CARTESIAN_POINT('',(229.,-100.,0.));
#2689 = DIRECTION('',(-1.,0.,0.));
#2690 = DIRECTION('',(0.,1.,0.));
#2691 = ADVANCED_FACE('',(#2692),#2717,.T.);
#2692 = FACE_BOUND('',#2693,.T.);
#2693 = EDGE_LOOP('',(#2694,#2695,#2703,#2711));
#2694 = ORIENTED_EDGE('',*,*,#2673,.T.);
#2695 = ORIENTED_EDGE('',*,*,#2696,.T.);
#2696 = EDGE_CURVE('',#2666,#2697,#2699,.T.);
#2697 = VERTEX_POINT('',#2698);
#2698 = CARTESIAN_POINT('',(200.,-68.,1.51));
#2699 = LINE('',#2700,#2701);
#2700 = CARTESIAN_POINT('',(229.,-68.,1.51));
#2701 = VECTOR('',#2702,1.);
#2702 = DIRECTION('',(-1.,0.,0.));
#2703 = ORIENTED_EDGE('',*,*,#2704,.F.);
#2704 = EDGE_CURVE('',#2705,#2697,#2707,.T.);
#2705 = VERTEX_POINT('',#2706);
#2706 = CARTESIAN_POINT('',(200.,-68.,0.));
#2707 = LINE('',#2708,#2709);
#2708 = CARTESIAN_POINT('',(200.,-68.,0.));
#2709 = VECTOR('',#2710,1.);
#2710 = DIRECTION('',(0.,0.,1.));
#2711 = ORIENTED_EDGE('',*,*,#2712,.F.);
#2712 = EDGE_CURVE('',#2674,#2705,#2713,.T.);
#2713 = LINE('',#2714,#2715);
#2714 = CARTESIAN_POINT('',(229.,-68.,0.));
#2715 = VECTOR('',#2716,1.);
#2716 = DIRECTION('',(-1.,0.,0.));
#2717 = PLANE('',#2718);
#2718 = AXIS2_PLACEMENT_3D('',#2719,#2720,#2721);
#2719 = CARTESIAN_POINT('',(229.,-68.,0.));
#2720 = DIRECTION('',(0.,-1.,0.));
#2721 = DIRECTION('',(-1.,0.,0.));
#2722 = ADVANCED_FACE('',(#2723),#2739,.T.);
#2723 = FACE_BOUND('',#2724,.T.);
#2724 = EDGE_LOOP('',(#2725,#2726,#2732,#2733));
#2725 = ORIENTED_EDGE('',*,*,#2704,.T.);
#2726 = ORIENTED_EDGE('',*,*,#2727,.T.);
#2727 = EDGE_CURVE('',#2697,#2627,#2728,.T.);
#2728 = LINE('',#2729,#2730);
#2729 = CARTESIAN_POINT('',(200.,-68.,1.51));
#2730 = VECTOR('',#2731,1.);
#2731 = DIRECTION('',(0.,-1.,0.));
#2732 = ORIENTED_EDGE('',*,*,#2624,.F.);
#2733 = ORIENTED_EDGE('',*,*,#2734,.F.);
#2734 = EDGE_CURVE('',#2705,#2625,#2735,.T.);
#2735 = LINE('',#2736,#2737);
#2736 = CARTESIAN_POINT('',(200.,-68.,0.));
#2737 = VECTOR('',#2738,1.);
#2738 = DIRECTION('',(0.,-1.,0.));
#2739 = PLANE('',#2740);
#2740 = AXIS2_PLACEMENT_3D('',#2741,#2742,#2743);
#2741 = CARTESIAN_POINT('',(200.,-68.,0.));
#2742 = DIRECTION('',(1.,0.,-0.));
#2743 = DIRECTION('',(0.,-1.,0.));
#2744 = ADVANCED_FACE('',(#2745,#2751),#2757,.F.);
#2745 = FACE_BOUND('',#2746,.T.);
#2746 = EDGE_LOOP('',(#2747,#2748,#2749,#2750));
#2747 = ORIENTED_EDGE('',*,*,#2526,.T.);
#2748 = ORIENTED_EDGE('',*,*,#2557,.T.);
#2749 = ORIENTED_EDGE('',*,*,#2588,.T.);
#2750 = ORIENTED_EDGE('',*,*,#2610,.T.);
#2751 = FACE_BOUND('',#2752,.T.);
#2752 = EDGE_LOOP('',(#2753,#2754,#2755,#2756));
#2753 = ORIENTED_EDGE('',*,*,#2650,.T.);
#2754 = ORIENTED_EDGE('',*,*,#2681,.T.);
#2755 = ORIENTED_EDGE('',*,*,#2712,.T.);
#2756 = ORIENTED_EDGE('',*,*,#2734,.T.);
#2757 = PLANE('',#2758);
#2758 = AXIS2_PLACEMENT_3D('',#2759,#2760,#2761);
#2759 = CARTESIAN_POINT('',(0.,0.,0.));
#2760 = DIRECTION('',(0.,0.,1.));
#2761 = DIRECTION('',(1.,0.,-0.));
#2762 = ADVANCED_FACE('',(#2763,#2769),#2775,.T.);
#2763 = FACE_BOUND('',#2764,.F.);
#2764 = EDGE_LOOP('',(#2765,#2766,#2767,#2768));
#2765 = ORIENTED_EDGE('',*,*,#2510,.T.);
#2766 = ORIENTED_EDGE('',*,*,#2541,.T.);
#2767 = ORIENTED_EDGE('',*,*,#2572,.T.);
#2768 = ORIENTED_EDGE('',*,*,#2603,.T.);
#2769 = FACE_BOUND('',#2770,.F.);
#2770 = EDGE_LOOP('',(#2771,#2772,#2773,#2774));
#2771 = ORIENTED_EDGE('',*,*,#2634,.T.);
#2772 = ORIENTED_EDGE('',*,*,#2665,.T.);
#2773 = ORIENTED_EDGE('',*,*,#2696,.T.);
#2774 = ORIENTED_EDGE('',*,*,#2727,.T.);
#2775 = PLANE('',#2776);
#2776 = AXIS2_PLACEMENT_3D('',#2777,#2778,#2779);
#2777 = CARTESIAN_POINT('',(0.,0.,1.51));
#2778 = DIRECTION('',(0.,0.,1.));
#2779 = DIRECTION('',(1.,0.,-0.));
#2780 = ( GEOMETRIC_REPRESENTATION_CONTEXT(3) 
GLOBAL_UNCERTAINTY_ASSIGNED_CONTEXT((#2784)) 
GLOBAL_UNIT_ASSIGNED_CONTEXT((#2781,#2782,#2783)) REPRESENTATION_CONTEXT
('Context #1','3D Context with UNIT and UNCERTAINTY') );
#2781 = ( LENGTH_UNIT() NAMED_UNIT(*) SI_UNIT(.MILLI.,.METRE.) );
#2782 = ( NAMED_UNIT(*) PLANE_ANGLE_UNIT() SI_UNIT($,.RADIAN.) );
#2783 = ( NAMED_UNIT(*) SI_UNIT($,.STERADIAN.) SOLID_ANGLE_UNIT() );
#2784 = UNCERTAINTY_MEASURE_WITH_UNIT(LENGTH_MEASURE(1.E-07),#2781,
  'distance_accuracy_value','confusion accuracy');
#2785 = CONTEXT_DEPENDENT_SHAPE_REPRESENTATION(#2786,#2788);
#2786 = ( REPRESENTATION_RELATIONSHIP('','',#2493,#10) 
REPRESENTATION_RELATIONSHIP_WITH_TRANSFORMATION(#2787) 
SHAPE_REPRESENTATION_RELATIONSHIP() );
#2787 = ITEM_DEFINED_TRANSFORMATION('','',#11,#95);
#2788 = PRODUCT_DEFINITION_SHAPE('Placement','Placement of an item',
  #2789);
#2789 = NEXT_ASSEMBLY_USAGE_OCCURRENCE('21','=>[0:1:1:3]','',#5,#2488,$
  );
#2790 = PRODUCT_RELATED_PRODUCT_CATEGORY('part',$,(#2490));
#2791 = MECHANICAL_DESIGN_GEOMETRIC_PRESENTATION_REPRESENTATION('',(
    #2792,#2800,#2807,#2814,#2821,#2828,#2835,#2842,#2849,#2856,#2863,
    #2870,#2877,#2884,#2892,#2899,#2906,#2914,#2921,#2928,#2935,#2942,
    #2949,#2956,#2963,#2970,#2977,#2984,#2991,#2998,#3005,#3012,#3019,
    #3026,#3033,#3040,#3047,#3054,#3061,#3068,#3075,#3082,#3089,#3096,
    #3103,#3110,#3117,#3124,#3131,#3138,#3145,#3152,#3159,#3166,#3173,
    #3180,#3187,#3194,#3201,#3208,#3215,#3222,#3229,#3236,#3243,#3250,
    #3257,#3264),#2380);
#2792 = STYLED_ITEM('color',(#2793),#115);
#2793 = PRESENTATION_STYLE_ASSIGNMENT((#2794));
#2794 = SURFACE_STYLE_USAGE(.BOTH.,#2795);
#2795 = SURFACE_SIDE_STYLE('',(#2796));
#2796 = SURFACE_STYLE_FILL_AREA(#2797);
#2797 = FILL_AREA_STYLE('',(#2798));
#2798 = FILL_AREA_STYLE_COLOUR('',#2799);
#2799 = COLOUR_RGB('',0.894999966383,0.890999961016,0.813000030345);
#2800 = STYLED_ITEM('color',(#2801),#174);
#2801 = PRESENTATION_STYLE_ASSIGNMENT((#2802));
#2802 = SURFACE_STYLE_USAGE(.BOTH.,#2803);
#2803 = SURFACE_SIDE_STYLE('',(#2804));
#2804 = SURFACE_STYLE_FILL_AREA(#2805);
#2805 = FILL_AREA_STYLE('',(#2806));
#2806 = FILL_AREA_STYLE_COLOUR('',#2799);
#2807 = STYLED_ITEM('color',(#2808),#199);
#2808 = PRESENTATION_STYLE_ASSIGNMENT((#2809));
#2809 = SURFACE_STYLE_USAGE(.BOTH.,#2810);
#2810 = SURFACE_SIDE_STYLE('',(#2811));
#2811 = SURFACE_STYLE_FILL_AREA(#2812);
#2812 = FILL_AREA_STYLE('',(#2813));
#2813 = FILL_AREA_STYLE_COLOUR('',#2799);
#2814 = STYLED_ITEM('color',(#2815),#232);
#2815 = PRESENTATION_STYLE_ASSIGNMENT((#2816));
#2816 = SURFACE_STYLE_USAGE(.BOTH.,#2817);
#2817 = SURFACE_SIDE_STYLE('',(#2818));
#2818 = SURFACE_STYLE_FILL_AREA(#2819);
#2819 = FILL_AREA_STYLE('',(#2820));
#2820 = FILL_AREA_STYLE_COLOUR('',#2799);
#2821 = STYLED_ITEM('color',(#2822),#257);
#2822 = PRESENTATION_STYLE_ASSIGNMENT((#2823));
#2823 = SURFACE_STYLE_USAGE(.BOTH.,#2824);
#2824 = SURFACE_SIDE_STYLE('',(#2825));
#2825 = SURFACE_STYLE_FILL_AREA(#2826);
#2826 = FILL_AREA_STYLE('',(#2827));
#2827 = FILL_AREA_STYLE_COLOUR('',#2799);
#2828 = STYLED_ITEM('color',(#2829),#282);
#2829 = PRESENTATION_STYLE_ASSIGNMENT((#2830));
#2830 = SURFACE_STYLE_USAGE(.BOTH.,#2831);
#2831 = SURFACE_SIDE_STYLE('',(#2832));
#2832 = SURFACE_STYLE_FILL_AREA(#2833);
#2833 = FILL_AREA_STYLE('',(#2834));
#2834 = FILL_AREA_STYLE_COLOUR('',#2799);
#2835 = STYLED_ITEM('color',(#2836),#307);
#2836 = PRESENTATION_STYLE_ASSIGNMENT((#2837));
#2837 = SURFACE_STYLE_USAGE(.BOTH.,#2838);
#2838 = SURFACE_SIDE_STYLE('',(#2839));
#2839 = SURFACE_STYLE_FILL_AREA(#2840);
#2840 = FILL_AREA_STYLE('',(#2841));
#2841 = FILL_AREA_STYLE_COLOUR('',#2799);
#2842 = STYLED_ITEM('color',(#2843),#324);
#2843 = PRESENTATION_STYLE_ASSIGNMENT((#2844));
#2844 = SURFACE_STYLE_USAGE(.BOTH.,#2845);
#2845 = SURFACE_SIDE_STYLE('',(#2846));
#2846 = SURFACE_STYLE_FILL_AREA(#2847);
#2847 = FILL_AREA_STYLE('',(#2848));
#2848 = FILL_AREA_STYLE_COLOUR('',#2799);
#2849 = STYLED_ITEM('color',(#2850),#349);
#2850 = PRESENTATION_STYLE_ASSIGNMENT((#2851));
#2851 = SURFACE_STYLE_USAGE(.BOTH.,#2852);
#2852 = SURFACE_SIDE_STYLE('',(#2853));
#2853 = SURFACE_STYLE_FILL_AREA(#2854);
#2854 = FILL_AREA_STYLE('',(#2855));
#2855 = FILL_AREA_STYLE_COLOUR('',#2799);
#2856 = STYLED_ITEM('color',(#2857),#380);
#2857 = PRESENTATION_STYLE_ASSIGNMENT((#2858));
#2858 = SURFACE_STYLE_USAGE(.BOTH.,#2859);
#2859 = SURFACE_SIDE_STYLE('',(#2860));
#2860 = SURFACE_STYLE_FILL_AREA(#2861);
#2861 = FILL_AREA_STYLE('',(#2862));
#2862 = FILL_AREA_STYLE_COLOUR('',#2799);
#2863 = STYLED_ITEM('color',(#2864),#420);
#2864 = PRESENTATION_STYLE_ASSIGNMENT((#2865));
#2865 = SURFACE_STYLE_USAGE(.BOTH.,#2866);
#2866 = SURFACE_SIDE_STYLE('',(#2867));
#2867 = SURFACE_STYLE_FILL_AREA(#2868);
#2868 = FILL_AREA_STYLE('',(#2869));
#2869 = FILL_AREA_STYLE_COLOUR('',#2799);
#2870 = STYLED_ITEM('color',(#2871),#551);
#2871 = PRESENTATION_STYLE_ASSIGNMENT((#2872));
#2872 = SURFACE_STYLE_USAGE(.BOTH.,#2873);
#2873 = SURFACE_SIDE_STYLE('',(#2874));
#2874 = SURFACE_STYLE_FILL_AREA(#2875);
#2875 = FILL_AREA_STYLE('',(#2876));
#2876 = FILL_AREA_STYLE_COLOUR('',#2799);
#2877 = STYLED_ITEM('color',(#2878),#675);
#2878 = PRESENTATION_STYLE_ASSIGNMENT((#2879));
#2879 = SURFACE_STYLE_USAGE(.BOTH.,#2880);
#2880 = SURFACE_SIDE_STYLE('',(#2881));
#2881 = SURFACE_STYLE_FILL_AREA(#2882);
#2882 = FILL_AREA_STYLE('',(#2883));
#2883 = FILL_AREA_STYLE_COLOUR('',#2799);
#2884 = STYLED_ITEM('color',(#2885),#692);
#2885 = PRESENTATION_STYLE_ASSIGNMENT((#2886));
#2886 = SURFACE_STYLE_USAGE(.BOTH.,#2887);
#2887 = SURFACE_SIDE_STYLE('',(#2888));
#2888 = SURFACE_STYLE_FILL_AREA(#2889);
#2889 = FILL_AREA_STYLE('',(#2890));
#2890 = FILL_AREA_STYLE_COLOUR('',#2891);
#2891 = COLOUR_RGB('',0.136999991899,0.40200001271,0.726999997272);
#2892 = STYLED_ITEM('color',(#2893),#701);
#2893 = PRESENTATION_STYLE_ASSIGNMENT((#2894));
#2894 = SURFACE_STYLE_USAGE(.BOTH.,#2895);
#2895 = SURFACE_SIDE_STYLE('',(#2896));
#2896 = SURFACE_STYLE_FILL_AREA(#2897);
#2897 = FILL_AREA_STYLE('',(#2898));
#2898 = FILL_AREA_STYLE_COLOUR('',#2799);
#2899 = STYLED_ITEM('color',(#2900),#712);
#2900 = PRESENTATION_STYLE_ASSIGNMENT((#2901));
#2901 = SURFACE_STYLE_USAGE(.BOTH.,#2902);
#2902 = SURFACE_SIDE_STYLE('',(#2903));
#2903 = SURFACE_STYLE_FILL_AREA(#2904);
#2904 = FILL_AREA_STYLE('',(#2905));
#2905 = FILL_AREA_STYLE_COLOUR('',#2799);
#2906 = STYLED_ITEM('color',(#2907),#880);
#2907 = PRESENTATION_STYLE_ASSIGNMENT((#2908));
#2908 = SURFACE_STYLE_USAGE(.BOTH.,#2909);
#2909 = SURFACE_SIDE_STYLE('',(#2910));
#2910 = SURFACE_STYLE_FILL_AREA(#2911);
#2911 = FILL_AREA_STYLE('',(#2912));
#2912 = FILL_AREA_STYLE_COLOUR('',#2913);
#2913 = COLOUR_RGB('',0.823999987314,0.819999987296,0.781000009244);
#2914 = STYLED_ITEM('color',(#2915),#911);
#2915 = PRESENTATION_STYLE_ASSIGNMENT((#2916));
#2916 = SURFACE_STYLE_USAGE(.BOTH.,#2917);
#2917 = SURFACE_SIDE_STYLE('',(#2918));
#2918 = SURFACE_STYLE_FILL_AREA(#2919);
#2919 = FILL_AREA_STYLE('',(#2920));
#2920 = FILL_AREA_STYLE_COLOUR('',#2913);
#2921 = STYLED_ITEM('color',(#2922),#942);
#2922 = PRESENTATION_STYLE_ASSIGNMENT((#2923));
#2923 = SURFACE_STYLE_USAGE(.BOTH.,#2924);
#2924 = SURFACE_SIDE_STYLE('',(#2925));
#2925 = SURFACE_STYLE_FILL_AREA(#2926);
#2926 = FILL_AREA_STYLE('',(#2927));
#2927 = FILL_AREA_STYLE_COLOUR('',#2913);
#2928 = STYLED_ITEM('color',(#2929),#973);
#2929 = PRESENTATION_STYLE_ASSIGNMENT((#2930));
#2930 = SURFACE_STYLE_USAGE(.BOTH.,#2931);
#2931 = SURFACE_SIDE_STYLE('',(#2932));
#2932 = SURFACE_STYLE_FILL_AREA(#2933);
#2933 = FILL_AREA_STYLE('',(#2934));
#2934 = FILL_AREA_STYLE_COLOUR('',#2913);
#2935 = STYLED_ITEM('color',(#2936),#1058);
#2936 = PRESENTATION_STYLE_ASSIGNMENT((#2937));
#2937 = SURFACE_STYLE_USAGE(.BOTH.,#2938);
#2938 = SURFACE_SIDE_STYLE('',(#2939));
#2939 = SURFACE_STYLE_FILL_AREA(#2940);
#2940 = FILL_AREA_STYLE('',(#2941));
#2941 = FILL_AREA_STYLE_COLOUR('',#2913);
#2942 = STYLED_ITEM('color',(#2943),#1082);
#2943 = PRESENTATION_STYLE_ASSIGNMENT((#2944));
#2944 = SURFACE_STYLE_USAGE(.BOTH.,#2945);
#2945 = SURFACE_SIDE_STYLE('',(#2946));
#2946 = SURFACE_STYLE_FILL_AREA(#2947);
#2947 = FILL_AREA_STYLE('',(#2948));
#2948 = FILL_AREA_STYLE_COLOUR('',#2913);
#2949 = STYLED_ITEM('color',(#2950),#1160);
#2950 = PRESENTATION_STYLE_ASSIGNMENT((#2951));
#2951 = SURFACE_STYLE_USAGE(.BOTH.,#2952);
#2952 = SURFACE_SIDE_STYLE('',(#2953));
#2953 = SURFACE_STYLE_FILL_AREA(#2954);
#2954 = FILL_AREA_STYLE('',(#2955));
#2955 = FILL_AREA_STYLE_COLOUR('',#2913);
#2956 = STYLED_ITEM('color',(#2957),#1191);
#2957 = PRESENTATION_STYLE_ASSIGNMENT((#2958));
#2958 = SURFACE_STYLE_USAGE(.BOTH.,#2959);
#2959 = SURFACE_SIDE_STYLE('',(#2960));
#2960 = SURFACE_STYLE_FILL_AREA(#2961);
#2961 = FILL_AREA_STYLE('',(#2962));
#2962 = FILL_AREA_STYLE_COLOUR('',#2913);
#2963 = STYLED_ITEM('color',(#2964),#1276);
#2964 = PRESENTATION_STYLE_ASSIGNMENT((#2965));
#2965 = SURFACE_STYLE_USAGE(.BOTH.,#2966);
#2966 = SURFACE_SIDE_STYLE('',(#2967));
#2967 = SURFACE_STYLE_FILL_AREA(#2968);
#2968 = FILL_AREA_STYLE('',(#2969));
#2969 = FILL_AREA_STYLE_COLOUR('',#2913);
#2970 = STYLED_ITEM('color',(#2971),#1300);
#2971 = PRESENTATION_STYLE_ASSIGNMENT((#2972));
#2972 = SURFACE_STYLE_USAGE(.BOTH.,#2973);
#2973 = SURFACE_SIDE_STYLE('',(#2974));
#2974 = SURFACE_STYLE_FILL_AREA(#2975);
#2975 = FILL_AREA_STYLE('',(#2976));
#2976 = FILL_AREA_STYLE_COLOUR('',#2913);
#2977 = STYLED_ITEM('color',(#2978),#1378);
#2978 = PRESENTATION_STYLE_ASSIGNMENT((#2979));
#2979 = SURFACE_STYLE_USAGE(.BOTH.,#2980);
#2980 = SURFACE_SIDE_STYLE('',(#2981));
#2981 = SURFACE_STYLE_FILL_AREA(#2982);
#2982 = FILL_AREA_STYLE('',(#2983));
#2983 = FILL_AREA_STYLE_COLOUR('',#2913);
#2984 = STYLED_ITEM('color',(#2985),#1409);
#2985 = PRESENTATION_STYLE_ASSIGNMENT((#2986));
#2986 = SURFACE_STYLE_USAGE(.BOTH.,#2987);
#2987 = SURFACE_SIDE_STYLE('',(#2988));
#2988 = SURFACE_STYLE_FILL_AREA(#2989);
#2989 = FILL_AREA_STYLE('',(#2990));
#2990 = FILL_AREA_STYLE_COLOUR('',#2913);
#2991 = STYLED_ITEM('color',(#2992),#1440);
#2992 = PRESENTATION_STYLE_ASSIGNMENT((#2993));
#2993 = SURFACE_STYLE_USAGE(.BOTH.,#2994);
#2994 = SURFACE_SIDE_STYLE('',(#2995));
#2995 = SURFACE_STYLE_FILL_AREA(#2996);
#2996 = FILL_AREA_STYLE('',(#2997));
#2997 = FILL_AREA_STYLE_COLOUR('',#2913);
#2998 = STYLED_ITEM('color',(#2999),#1471);
#2999 = PRESENTATION_STYLE_ASSIGNMENT((#3000));
#3000 = SURFACE_STYLE_USAGE(.BOTH.,#3001);
#3001 = SURFACE_SIDE_STYLE('',(#3002));
#3002 = SURFACE_STYLE_FILL_AREA(#3003);
#3003 = FILL_AREA_STYLE('',(#3004));
#3004 = FILL_AREA_STYLE_COLOUR('',#2913);
#3005 = STYLED_ITEM('color',(#3006),#1556);
#3006 = PRESENTATION_STYLE_ASSIGNMENT((#3007));
#3007 = SURFACE_STYLE_USAGE(.BOTH.,#3008);
#3008 = SURFACE_SIDE_STYLE('',(#3009));
#3009 = SURFACE_STYLE_FILL_AREA(#3010);
#3010 = FILL_AREA_STYLE('',(#3011));
#3011 = FILL_AREA_STYLE_COLOUR('',#2913);
#3012 = STYLED_ITEM('color',(#3013),#1580);
#3013 = PRESENTATION_STYLE_ASSIGNMENT((#3014));
#3014 = SURFACE_STYLE_USAGE(.BOTH.,#3015);
#3015 = SURFACE_SIDE_STYLE('',(#3016));
#3016 = SURFACE_STYLE_FILL_AREA(#3017);
#3017 = FILL_AREA_STYLE('',(#3018));
#3018 = FILL_AREA_STYLE_COLOUR('',#2913);
#3019 = STYLED_ITEM('color',(#3020),#1658);
#3020 = PRESENTATION_STYLE_ASSIGNMENT((#3021));
#3021 = SURFACE_STYLE_USAGE(.BOTH.,#3022);
#3022 = SURFACE_SIDE_STYLE('',(#3023));
#3023 = SURFACE_STYLE_FILL_AREA(#3024);
#3024 = FILL_AREA_STYLE('',(#3025));
#3025 = FILL_AREA_STYLE_COLOUR('',#2913);
#3026 = STYLED_ITEM('color',(#3027),#1689);
#3027 = PRESENTATION_STYLE_ASSIGNMENT((#3028));
#3028 = SURFACE_STYLE_USAGE(.BOTH.,#3029);
#3029 = SURFACE_SIDE_STYLE('',(#3030));
#3030 = SURFACE_STYLE_FILL_AREA(#3031);
#3031 = FILL_AREA_STYLE('',(#3032));
#3032 = FILL_AREA_STYLE_COLOUR('',#2913);
#3033 = STYLED_ITEM('color',(#3034),#1774);
#3034 = PRESENTATION_STYLE_ASSIGNMENT((#3035));
#3035 = SURFACE_STYLE_USAGE(.BOTH.,#3036);
#3036 = SURFACE_SIDE_STYLE('',(#3037));
#3037 = SURFACE_STYLE_FILL_AREA(#3038);
#3038 = FILL_AREA_STYLE('',(#3039));
#3039 = FILL_AREA_STYLE_COLOUR('',#2913);
#3040 = STYLED_ITEM('color',(#3041),#1798);
#3041 = PRESENTATION_STYLE_ASSIGNMENT((#3042));
#3042 = SURFACE_STYLE_USAGE(.BOTH.,#3043);
#3043 = SURFACE_SIDE_STYLE('',(#3044));
#3044 = SURFACE_STYLE_FILL_AREA(#3045);
#3045 = FILL_AREA_STYLE('',(#3046));
#3046 = FILL_AREA_STYLE_COLOUR('',#2913);
#3047 = STYLED_ITEM('color',(#3048),#1876);
#3048 = PRESENTATION_STYLE_ASSIGNMENT((#3049));
#3049 = SURFACE_STYLE_USAGE(.BOTH.,#3050);
#3050 = SURFACE_SIDE_STYLE('',(#3051));
#3051 = SURFACE_STYLE_FILL_AREA(#3052);
#3052 = FILL_AREA_STYLE('',(#3053));
#3053 = FILL_AREA_STYLE_COLOUR('',#2913);
#3054 = STYLED_ITEM('color',(#3055),#1893);
#3055 = PRESENTATION_STYLE_ASSIGNMENT((#3056));
#3056 = SURFACE_STYLE_USAGE(.BOTH.,#3057);
#3057 = SURFACE_SIDE_STYLE('',(#3058));
#3058 = SURFACE_STYLE_FILL_AREA(#3059);
#3059 = FILL_AREA_STYLE('',(#3060));
#3060 = FILL_AREA_STYLE_COLOUR('',#2913);
#3061 = STYLED_ITEM('color',(#3062),#1910);
#3062 = PRESENTATION_STYLE_ASSIGNMENT((#3063));
#3063 = SURFACE_STYLE_USAGE(.BOTH.,#3064);
#3064 = SURFACE_SIDE_STYLE('',(#3065));
#3065 = SURFACE_STYLE_FILL_AREA(#3066);
#3066 = FILL_AREA_STYLE('',(#3067));
#3067 = FILL_AREA_STYLE_COLOUR('',#2913);
#3068 = STYLED_ITEM('color',(#3069),#1927);
#3069 = PRESENTATION_STYLE_ASSIGNMENT((#3070));
#3070 = SURFACE_STYLE_USAGE(.BOTH.,#3071);
#3071 = SURFACE_SIDE_STYLE('',(#3072));
#3072 = SURFACE_STYLE_FILL_AREA(#3073);
#3073 = FILL_AREA_STYLE('',(#3074));
#3074 = FILL_AREA_STYLE_COLOUR('',#2913);
#3075 = STYLED_ITEM('color',(#3076),#1944);
#3076 = PRESENTATION_STYLE_ASSIGNMENT((#3077));
#3077 = SURFACE_STYLE_USAGE(.BOTH.,#3078);
#3078 = SURFACE_SIDE_STYLE('',(#3079));
#3079 = SURFACE_STYLE_FILL_AREA(#3080);
#3080 = FILL_AREA_STYLE('',(#3081));
#3081 = FILL_AREA_STYLE_COLOUR('',#2913);
#3082 = STYLED_ITEM('color',(#3083),#1961);
#3083 = PRESENTATION_STYLE_ASSIGNMENT((#3084));
#3084 = SURFACE_STYLE_USAGE(.BOTH.,#3085);
#3085 = SURFACE_SIDE_STYLE('',(#3086));
#3086 = SURFACE_STYLE_FILL_AREA(#3087);
#3087 = FILL_AREA_STYLE('',(#3088));
#3088 = FILL_AREA_STYLE_COLOUR('',#2913);
#3089 = STYLED_ITEM('color',(#3090),#1978);
#3090 = PRESENTATION_STYLE_ASSIGNMENT((#3091));
#3091 = SURFACE_STYLE_USAGE(.BOTH.,#3092);
#3092 = SURFACE_SIDE_STYLE('',(#3093));
#3093 = SURFACE_STYLE_FILL_AREA(#3094);
#3094 = FILL_AREA_STYLE('',(#3095));
#3095 = FILL_AREA_STYLE_COLOUR('',#2913);
#3096 = STYLED_ITEM('color',(#3097),#1995);
#3097 = PRESENTATION_STYLE_ASSIGNMENT((#3098));
#3098 = SURFACE_STYLE_USAGE(.BOTH.,#3099);
#3099 = SURFACE_SIDE_STYLE('',(#3100));
#3100 = SURFACE_STYLE_FILL_AREA(#3101);
#3101 = FILL_AREA_STYLE('',(#3102));
#3102 = FILL_AREA_STYLE_COLOUR('',#2913);
#3103 = STYLED_ITEM('color',(#3104),#2017);
#3104 = PRESENTATION_STYLE_ASSIGNMENT((#3105));
#3105 = SURFACE_STYLE_USAGE(.BOTH.,#3106);
#3106 = SURFACE_SIDE_STYLE('',(#3107));
#3107 = SURFACE_STYLE_FILL_AREA(#3108);
#3108 = FILL_AREA_STYLE('',(#3109));
#3109 = FILL_AREA_STYLE_COLOUR('',#2913);
#3110 = STYLED_ITEM('color',(#3111),#2029);
#3111 = PRESENTATION_STYLE_ASSIGNMENT((#3112));
#3112 = SURFACE_STYLE_USAGE(.BOTH.,#3113);
#3113 = SURFACE_SIDE_STYLE('',(#3114));
#3114 = SURFACE_STYLE_FILL_AREA(#3115);
#3115 = FILL_AREA_STYLE('',(#3116));
#3116 = FILL_AREA_STYLE_COLOUR('',#2913);
#3117 = STYLED_ITEM('color',(#3118),#2046);
#3118 = PRESENTATION_STYLE_ASSIGNMENT((#3119));
#3119 = SURFACE_STYLE_USAGE(.BOTH.,#3120);
#3120 = SURFACE_SIDE_STYLE('',(#3121));
#3121 = SURFACE_STYLE_FILL_AREA(#3122);
#3122 = FILL_AREA_STYLE('',(#3123));
#3123 = FILL_AREA_STYLE_COLOUR('',#2913);
#3124 = STYLED_ITEM('color',(#3125),#2058);
#3125 = PRESENTATION_STYLE_ASSIGNMENT((#3126));
#3126 = SURFACE_STYLE_USAGE(.BOTH.,#3127);
#3127 = SURFACE_SIDE_STYLE('',(#3128));
#3128 = SURFACE_STYLE_FILL_AREA(#3129);
#3129 = FILL_AREA_STYLE('',(#3130));
#3130 = FILL_AREA_STYLE_COLOUR('',#2913);
#3131 = STYLED_ITEM('color',(#3132),#2070);
#3132 = PRESENTATION_STYLE_ASSIGNMENT((#3133));
#3133 = SURFACE_STYLE_USAGE(.BOTH.,#3134);
#3134 = SURFACE_SIDE_STYLE('',(#3135));
#3135 = SURFACE_STYLE_FILL_AREA(#3136);
#3136 = FILL_AREA_STYLE('',(#3137));
#3137 = FILL_AREA_STYLE_COLOUR('',#2913);
#3138 = STYLED_ITEM('color',(#3139),#2087);
#3139 = PRESENTATION_STYLE_ASSIGNMENT((#3140));
#3140 = SURFACE_STYLE_USAGE(.BOTH.,#3141);
#3141 = SURFACE_SIDE_STYLE('',(#3142));
#3142 = SURFACE_STYLE_FILL_AREA(#3143);
#3143 = FILL_AREA_STYLE('',(#3144));
#3144 = FILL_AREA_STYLE_COLOUR('',#2913);
#3145 = STYLED_ITEM('color',(#3146),#2109);
#3146 = PRESENTATION_STYLE_ASSIGNMENT((#3147));
#3147 = SURFACE_STYLE_USAGE(.BOTH.,#3148);
#3148 = SURFACE_SIDE_STYLE('',(#3149));
#3149 = SURFACE_STYLE_FILL_AREA(#3150);
#3150 = FILL_AREA_STYLE('',(#3151));
#3151 = FILL_AREA_STYLE_COLOUR('',#2913);
#3152 = STYLED_ITEM('color',(#3153),#2121);
#3153 = PRESENTATION_STYLE_ASSIGNMENT((#3154));
#3154 = SURFACE_STYLE_USAGE(.BOTH.,#3155);
#3155 = SURFACE_SIDE_STYLE('',(#3156));
#3156 = SURFACE_STYLE_FILL_AREA(#3157);
#3157 = FILL_AREA_STYLE('',(#3158));
#3158 = FILL_AREA_STYLE_COLOUR('',#2913);
#3159 = STYLED_ITEM('color',(#3160),#2133);
#3160 = PRESENTATION_STYLE_ASSIGNMENT((#3161));
#3161 = SURFACE_STYLE_USAGE(.BOTH.,#3162);
#3162 = SURFACE_SIDE_STYLE('',(#3163));
#3163 = SURFACE_STYLE_FILL_AREA(#3164);
#3164 = FILL_AREA_STYLE('',(#3165));
#3165 = FILL_AREA_STYLE_COLOUR('',#2913);
#3166 = STYLED_ITEM('color',(#3167),#2150);
#3167 = PRESENTATION_STYLE_ASSIGNMENT((#3168));
#3168 = SURFACE_STYLE_USAGE(.BOTH.,#3169);
#3169 = SURFACE_SIDE_STYLE('',(#3170));
#3170 = SURFACE_STYLE_FILL_AREA(#3171);
#3171 = FILL_AREA_STYLE('',(#3172));
#3172 = FILL_AREA_STYLE_COLOUR('',#2913);
#3173 = STYLED_ITEM('color',(#3174),#2162);
#3174 = PRESENTATION_STYLE_ASSIGNMENT((#3175));
#3175 = SURFACE_STYLE_USAGE(.BOTH.,#3176);
#3176 = SURFACE_SIDE_STYLE('',(#3177));
#3177 = SURFACE_STYLE_FILL_AREA(#3178);
#3178 = FILL_AREA_STYLE('',(#3179));
#3179 = FILL_AREA_STYLE_COLOUR('',#2913);
#3180 = STYLED_ITEM('color',(#3181),#2179);
#3181 = PRESENTATION_STYLE_ASSIGNMENT((#3182));
#3182 = SURFACE_STYLE_USAGE(.BOTH.,#3183);
#3183 = SURFACE_SIDE_STYLE('',(#3184));
#3184 = SURFACE_STYLE_FILL_AREA(#3185);
#3185 = FILL_AREA_STYLE('',(#3186));
#3186 = FILL_AREA_STYLE_COLOUR('',#2913);
#3187 = STYLED_ITEM('color',(#3188),#2196);
#3188 = PRESENTATION_STYLE_ASSIGNMENT((#3189));
#3189 = SURFACE_STYLE_USAGE(.BOTH.,#3190);
#3190 = SURFACE_SIDE_STYLE('',(#3191));
#3191 = SURFACE_STYLE_FILL_AREA(#3192);
#3192 = FILL_AREA_STYLE('',(#3193));
#3193 = FILL_AREA_STYLE_COLOUR('',#2913);
#3194 = STYLED_ITEM('color',(#3195),#2213);
#3195 = PRESENTATION_STYLE_ASSIGNMENT((#3196));
#3196 = SURFACE_STYLE_USAGE(.BOTH.,#3197);
#3197 = SURFACE_SIDE_STYLE('',(#3198));
#3198 = SURFACE_STYLE_FILL_AREA(#3199);
#3199 = FILL_AREA_STYLE('',(#3200));
#3200 = FILL_AREA_STYLE_COLOUR('',#2913);
#3201 = STYLED_ITEM('color',(#3202),#2235);
#3202 = PRESENTATION_STYLE_ASSIGNMENT((#3203));
#3203 = SURFACE_STYLE_USAGE(.BOTH.,#3204);
#3204 = SURFACE_SIDE_STYLE('',(#3205));
#3205 = SURFACE_STYLE_FILL_AREA(#3206);
#3206 = FILL_AREA_STYLE('',(#3207));
#3207 = FILL_AREA_STYLE_COLOUR('',#2913);
#3208 = STYLED_ITEM('color',(#3209),#2247);
#3209 = PRESENTATION_STYLE_ASSIGNMENT((#3210));
#3210 = SURFACE_STYLE_USAGE(.BOTH.,#3211);
#3211 = SURFACE_SIDE_STYLE('',(#3212));
#3212 = SURFACE_STYLE_FILL_AREA(#3213);
#3213 = FILL_AREA_STYLE('',(#3214));
#3214 = FILL_AREA_STYLE_COLOUR('',#2913);
#3215 = STYLED_ITEM('color',(#3216),#2259);
#3216 = PRESENTATION_STYLE_ASSIGNMENT((#3217));
#3217 = SURFACE_STYLE_USAGE(.BOTH.,#3218);
#3218 = SURFACE_SIDE_STYLE('',(#3219));
#3219 = SURFACE_STYLE_FILL_AREA(#3220);
#3220 = FILL_AREA_STYLE('',(#3221));
#3221 = FILL_AREA_STYLE_COLOUR('',#2913);
#3222 = STYLED_ITEM('color',(#3223),#2276);
#3223 = PRESENTATION_STYLE_ASSIGNMENT((#3224));
#3224 = SURFACE_STYLE_USAGE(.BOTH.,#3225);
#3225 = SURFACE_SIDE_STYLE('',(#3226));
#3226 = SURFACE_STYLE_FILL_AREA(#3227);
#3227 = FILL_AREA_STYLE('',(#3228));
#3228 = FILL_AREA_STYLE_COLOUR('',#2913);
#3229 = STYLED_ITEM('color',(#3230),#2288);
#3230 = PRESENTATION_STYLE_ASSIGNMENT((#3231));
#3231 = SURFACE_STYLE_USAGE(.BOTH.,#3232);
#3232 = SURFACE_SIDE_STYLE('',(#3233));
#3233 = SURFACE_STYLE_FILL_AREA(#3234);
#3234 = FILL_AREA_STYLE('',(#3235));
#3235 = FILL_AREA_STYLE_COLOUR('',#2913);
#3236 = STYLED_ITEM('color',(#3237),#2305);
#3237 = PRESENTATION_STYLE_ASSIGNMENT((#3238));
#3238 = SURFACE_STYLE_USAGE(.BOTH.,#3239);
#3239 = SURFACE_SIDE_STYLE('',(#3240));
#3240 = SURFACE_STYLE_FILL_AREA(#3241);
#3241 = FILL_AREA_STYLE('',(#3242));
#3242 = FILL_AREA_STYLE_COLOUR('',#2913);
#3243 = STYLED_ITEM('color',(#3244),#2327);
#3244 = PRESENTATION_STYLE_ASSIGNMENT((#3245));
#3245 = SURFACE_STYLE_USAGE(.BOTH.,#3246);
#3246 = SURFACE_SIDE_STYLE('',(#3247));
#3247 = SURFACE_STYLE_FILL_AREA(#3248);
#3248 = FILL_AREA_STYLE('',(#3249));
#3249 = FILL_AREA_STYLE_COLOUR('',#2913);
#3250 = STYLED_ITEM('color',(#3251),#2339);
#3251 = PRESENTATION_STYLE_ASSIGNMENT((#3252));
#3252 = SURFACE_STYLE_USAGE(.BOTH.,#3253);
#3253 = SURFACE_SIDE_STYLE('',(#3254));
#3254 = SURFACE_STYLE_FILL_AREA(#3255);
#3255 = FILL_AREA_STYLE('',(#3256));
#3256 = FILL_AREA_STYLE_COLOUR('',#2913);
#3257 = STYLED_ITEM('color',(#3258),#2356);
#3258 = PRESENTATION_STYLE_ASSIGNMENT((#3259));
#3259 = SURFACE_STYLE_USAGE(.BOTH.,#3260);
#3260 = SURFACE_SIDE_STYLE('',(#3261));
#3261 = SURFACE_STYLE_FILL_AREA(#3262);
#3262 = FILL_AREA_STYLE('',(#3263));
#3263 = FILL_AREA_STYLE_COLOUR('',#2913);
#3264 = STYLED_ITEM('color',(#3265),#2368);
#3265 = PRESENTATION_STYLE_ASSIGNMENT((#3266));
#3266 = SURFACE_STYLE_USAGE(.BOTH.,#3267);
#3267 = SURFACE_SIDE_STYLE('',(#3268));
#3268 = SURFACE_STYLE_FILL_AREA(#3269);
#3269 = FILL_AREA_STYLE('',(#3270));
#3270 = FILL_AREA_STYLE_COLOUR('',#2913);
#3271 = MECHANICAL_DESIGN_GEOMETRIC_PRESENTATION_REPRESENTATION('',(
    #3272),#2780);
#3272 = STYLED_ITEM('color',(#3273),#2494);
#3273 = PRESENTATION_STYLE_ASSIGNMENT((#3274));
#3274 = SURFACE_STYLE_USAGE(.BOTH.,#3275);
#3275 = SURFACE_SIDE_STYLE('',(#3276));
#3276 = SURFACE_STYLE_FILL_AREA(#3277);
#3277 = FILL_AREA_STYLE('',(#3278));
#3278 = FILL_AREA_STYLE_COLOUR('',#3279);
#3279 = COLOUR_RGB('',0.313304153717,0.484529207832,0.410020903123);
ENDSEC;
END-ISO-10303-21;
