ISO-10303-21;
HEADER;
/* Generated by software containing ST-Developer
 * from STEP Tools, Inc. (www.steptools.com) 
 */

FILE_DESCRIPTION(
/* description */ (''),
/* implementation_level */ '2;1');

FILE_NAME(
/* name */ 'sculk shrieker shell bottom.step',
/* time_stamp */ '2025-07-07T22:46:27-04:00',
/* author */ (''),
/* organization */ (''),
/* preprocessor_version */ 'ST-DEVELOPER v20.1',
/* originating_system */ 'Autodesk Translation Framework v14.10.0.0',
/* authorisation */ '');

FILE_SCHEMA (('AUTOMOTIVE_DESIGN { 1 0 10303 214 3 1 1 }'));
ENDSEC;

DATA;
#10=MECHANICAL_DESIGN_GEOMETRIC_PRESENTATION_REPRESENTATION('',(#17),#4607);
#11=ITEM_DEFINED_TRANSFORMATION($,$,#2887,#3060);
#12=(
REPRESENTATION_RELATIONSHIP($,$,#4618,#4617)
REPRESENTATION_RELATIONSHIP_WITH_TRANSFORMATION(#11)
SHAPE_REPRESENTATION_RELATIONSHIP()
);
#13=CONTEXT_DEPENDENT_SHAPE_REPRESENTATION(#12,#4616);
#14=NEXT_ASSEMBLY_USAGE_OCCURRENCE('body:1','body:1','body:1',#4620,#4621,
'body:1');
#15=SHAPE_REPRESENTATION_RELATIONSHIP('SRR','None',#4618,#16);
#16=ADVANCED_BREP_SHAPE_REPRESENTATION('',(#18),#4606);
#17=STYLED_ITEM('',(#4632),#18);
#18=MANIFOLD_SOLID_BREP('Body1',#2873);
#19=FACE_BOUND('',#250,.T.);
#20=FACE_BOUND('',#275,.T.);
#21=FACE_BOUND('',#295,.T.);
#22=FACE_BOUND('',#299,.T.);
#23=FACE_BOUND('',#303,.T.);
#24=FACE_BOUND('',#307,.T.);
#25=FACE_BOUND('',#320,.T.);
#26=FACE_BOUND('',#338,.T.);
#27=FACE_BOUND('',#351,.T.);
#28=FACE_BOUND('',#367,.T.);
#29=FACE_BOUND('',#371,.T.);
#30=FACE_BOUND('',#372,.T.);
#31=FACE_BOUND('',#373,.T.);
#32=FACE_BOUND('',#374,.T.);
#33=CIRCLE('',#2894,5.5);
#34=CIRCLE('',#2895,5.5);
#35=CIRCLE('',#2899,2.);
#36=CIRCLE('',#2903,2.);
#37=CIRCLE('',#2923,0.950000000000002);
#38=CIRCLE('',#2939,2.);
#39=CIRCLE('',#2940,2.);
#40=CIRCLE('',#2941,2.);
#41=CIRCLE('',#2943,2.);
#42=CIRCLE('',#2945,2.);
#43=CIRCLE('',#2946,2.);
#44=CIRCLE('',#2949,2.);
#45=CIRCLE('',#2950,2.);
#46=CIRCLE('',#2953,2.);
#47=CIRCLE('',#2954,2.);
#48=CIRCLE('',#2975,0.950000000000002);
#49=CIRCLE('',#2977,2.5);
#50=CIRCLE('',#2978,2.5);
#51=CIRCLE('',#2981,0.950000000000002);
#52=CIRCLE('',#2982,0.950000000000002);
#53=CIRCLE('',#2984,2.5);
#54=CIRCLE('',#2985,2.5);
#55=CIRCLE('',#2988,0.950000000000002);
#56=CIRCLE('',#2989,0.950000000000002);
#57=CIRCLE('',#2991,2.5);
#58=CIRCLE('',#2992,2.5);
#59=CIRCLE('',#2995,0.950000000000002);
#60=CIRCLE('',#2996,0.950000000000002);
#61=CIRCLE('',#2998,2.5);
#62=CIRCLE('',#2999,2.5);
#63=CYLINDRICAL_SURFACE('',#2893,5.5);
#64=CYLINDRICAL_SURFACE('',#2902,2.);
#65=CYLINDRICAL_SURFACE('',#2938,2.);
#66=CYLINDRICAL_SURFACE('',#2944,2.);
#67=CYLINDRICAL_SURFACE('',#2948,2.);
#68=CYLINDRICAL_SURFACE('',#2952,2.);
#69=CYLINDRICAL_SURFACE('',#2974,0.950000000000002);
#70=CYLINDRICAL_SURFACE('',#2976,2.5);
#71=CYLINDRICAL_SURFACE('',#2980,0.950000000000002);
#72=CYLINDRICAL_SURFACE('',#2983,2.5);
#73=CYLINDRICAL_SURFACE('',#2987,0.950000000000002);
#74=CYLINDRICAL_SURFACE('',#2990,2.5);
#75=CYLINDRICAL_SURFACE('',#2994,0.950000000000002);
#76=CYLINDRICAL_SURFACE('',#2997,2.5);
#77=FACE_OUTER_BOUND('',#219,.T.);
#78=FACE_OUTER_BOUND('',#220,.T.);
#79=FACE_OUTER_BOUND('',#221,.T.);
#80=FACE_OUTER_BOUND('',#222,.T.);
#81=FACE_OUTER_BOUND('',#223,.T.);
#82=FACE_OUTER_BOUND('',#224,.T.);
#83=FACE_OUTER_BOUND('',#225,.T.);
#84=FACE_OUTER_BOUND('',#226,.T.);
#85=FACE_OUTER_BOUND('',#227,.T.);
#86=FACE_OUTER_BOUND('',#228,.T.);
#87=FACE_OUTER_BOUND('',#229,.T.);
#88=FACE_OUTER_BOUND('',#230,.T.);
#89=FACE_OUTER_BOUND('',#231,.T.);
#90=FACE_OUTER_BOUND('',#232,.T.);
#91=FACE_OUTER_BOUND('',#233,.T.);
#92=FACE_OUTER_BOUND('',#234,.T.);
#93=FACE_OUTER_BOUND('',#235,.T.);
#94=FACE_OUTER_BOUND('',#236,.T.);
#95=FACE_OUTER_BOUND('',#237,.T.);
#96=FACE_OUTER_BOUND('',#238,.T.);
#97=FACE_OUTER_BOUND('',#239,.T.);
#98=FACE_OUTER_BOUND('',#240,.T.);
#99=FACE_OUTER_BOUND('',#241,.T.);
#100=FACE_OUTER_BOUND('',#242,.T.);
#101=FACE_OUTER_BOUND('',#243,.T.);
#102=FACE_OUTER_BOUND('',#244,.T.);
#103=FACE_OUTER_BOUND('',#245,.T.);
#104=FACE_OUTER_BOUND('',#246,.T.);
#105=FACE_OUTER_BOUND('',#247,.T.);
#106=FACE_OUTER_BOUND('',#248,.T.);
#107=FACE_OUTER_BOUND('',#249,.T.);
#108=FACE_OUTER_BOUND('',#251,.T.);
#109=FACE_OUTER_BOUND('',#252,.T.);
#110=FACE_OUTER_BOUND('',#253,.T.);
#111=FACE_OUTER_BOUND('',#254,.T.);
#112=FACE_OUTER_BOUND('',#255,.T.);
#113=FACE_OUTER_BOUND('',#256,.T.);
#114=FACE_OUTER_BOUND('',#257,.T.);
#115=FACE_OUTER_BOUND('',#258,.T.);
#116=FACE_OUTER_BOUND('',#259,.T.);
#117=FACE_OUTER_BOUND('',#260,.T.);
#118=FACE_OUTER_BOUND('',#261,.T.);
#119=FACE_OUTER_BOUND('',#262,.T.);
#120=FACE_OUTER_BOUND('',#263,.T.);
#121=FACE_OUTER_BOUND('',#264,.T.);
#122=FACE_OUTER_BOUND('',#265,.T.);
#123=FACE_OUTER_BOUND('',#266,.T.);
#124=FACE_OUTER_BOUND('',#267,.T.);
#125=FACE_OUTER_BOUND('',#268,.T.);
#126=FACE_OUTER_BOUND('',#269,.T.);
#127=FACE_OUTER_BOUND('',#270,.T.);
#128=FACE_OUTER_BOUND('',#271,.T.);
#129=FACE_OUTER_BOUND('',#272,.T.);
#130=FACE_OUTER_BOUND('',#273,.T.);
#131=FACE_OUTER_BOUND('',#274,.T.);
#132=FACE_OUTER_BOUND('',#276,.T.);
#133=FACE_OUTER_BOUND('',#277,.T.);
#134=FACE_OUTER_BOUND('',#278,.T.);
#135=FACE_OUTER_BOUND('',#279,.T.);
#136=FACE_OUTER_BOUND('',#280,.T.);
#137=FACE_OUTER_BOUND('',#281,.T.);
#138=FACE_OUTER_BOUND('',#282,.T.);
#139=FACE_OUTER_BOUND('',#283,.T.);
#140=FACE_OUTER_BOUND('',#284,.T.);
#141=FACE_OUTER_BOUND('',#285,.T.);
#142=FACE_OUTER_BOUND('',#286,.T.);
#143=FACE_OUTER_BOUND('',#287,.T.);
#144=FACE_OUTER_BOUND('',#288,.T.);
#145=FACE_OUTER_BOUND('',#289,.T.);
#146=FACE_OUTER_BOUND('',#290,.T.);
#147=FACE_OUTER_BOUND('',#291,.T.);
#148=FACE_OUTER_BOUND('',#292,.T.);
#149=FACE_OUTER_BOUND('',#293,.T.);
#150=FACE_OUTER_BOUND('',#294,.T.);
#151=FACE_OUTER_BOUND('',#296,.T.);
#152=FACE_OUTER_BOUND('',#297,.T.);
#153=FACE_OUTER_BOUND('',#298,.T.);
#154=FACE_OUTER_BOUND('',#300,.T.);
#155=FACE_OUTER_BOUND('',#301,.T.);
#156=FACE_OUTER_BOUND('',#302,.T.);
#157=FACE_OUTER_BOUND('',#304,.T.);
#158=FACE_OUTER_BOUND('',#305,.T.);
#159=FACE_OUTER_BOUND('',#306,.T.);
#160=FACE_OUTER_BOUND('',#308,.T.);
#161=FACE_OUTER_BOUND('',#309,.T.);
#162=FACE_OUTER_BOUND('',#310,.T.);
#163=FACE_OUTER_BOUND('',#311,.T.);
#164=FACE_OUTER_BOUND('',#312,.T.);
#165=FACE_OUTER_BOUND('',#313,.T.);
#166=FACE_OUTER_BOUND('',#314,.T.);
#167=FACE_OUTER_BOUND('',#315,.T.);
#168=FACE_OUTER_BOUND('',#316,.T.);
#169=FACE_OUTER_BOUND('',#317,.T.);
#170=FACE_OUTER_BOUND('',#318,.T.);
#171=FACE_OUTER_BOUND('',#319,.T.);
#172=FACE_OUTER_BOUND('',#321,.T.);
#173=FACE_OUTER_BOUND('',#322,.T.);
#174=FACE_OUTER_BOUND('',#323,.T.);
#175=FACE_OUTER_BOUND('',#324,.T.);
#176=FACE_OUTER_BOUND('',#325,.T.);
#177=FACE_OUTER_BOUND('',#326,.T.);
#178=FACE_OUTER_BOUND('',#327,.T.);
#179=FACE_OUTER_BOUND('',#328,.T.);
#180=FACE_OUTER_BOUND('',#329,.T.);
#181=FACE_OUTER_BOUND('',#330,.T.);
#182=FACE_OUTER_BOUND('',#331,.T.);
#183=FACE_OUTER_BOUND('',#332,.T.);
#184=FACE_OUTER_BOUND('',#333,.T.);
#185=FACE_OUTER_BOUND('',#334,.T.);
#186=FACE_OUTER_BOUND('',#335,.T.);
#187=FACE_OUTER_BOUND('',#336,.T.);
#188=FACE_OUTER_BOUND('',#337,.T.);
#189=FACE_OUTER_BOUND('',#339,.T.);
#190=FACE_OUTER_BOUND('',#340,.T.);
#191=FACE_OUTER_BOUND('',#341,.T.);
#192=FACE_OUTER_BOUND('',#342,.T.);
#193=FACE_OUTER_BOUND('',#343,.T.);
#194=FACE_OUTER_BOUND('',#344,.T.);
#195=FACE_OUTER_BOUND('',#345,.T.);
#196=FACE_OUTER_BOUND('',#346,.T.);
#197=FACE_OUTER_BOUND('',#347,.T.);
#198=FACE_OUTER_BOUND('',#348,.T.);
#199=FACE_OUTER_BOUND('',#349,.T.);
#200=FACE_OUTER_BOUND('',#350,.T.);
#201=FACE_OUTER_BOUND('',#352,.T.);
#202=FACE_OUTER_BOUND('',#353,.T.);
#203=FACE_OUTER_BOUND('',#354,.T.);
#204=FACE_OUTER_BOUND('',#355,.T.);
#205=FACE_OUTER_BOUND('',#356,.T.);
#206=FACE_OUTER_BOUND('',#357,.T.);
#207=FACE_OUTER_BOUND('',#358,.T.);
#208=FACE_OUTER_BOUND('',#359,.T.);
#209=FACE_OUTER_BOUND('',#360,.T.);
#210=FACE_OUTER_BOUND('',#361,.T.);
#211=FACE_OUTER_BOUND('',#362,.T.);
#212=FACE_OUTER_BOUND('',#363,.T.);
#213=FACE_OUTER_BOUND('',#364,.T.);
#214=FACE_OUTER_BOUND('',#365,.T.);
#215=FACE_OUTER_BOUND('',#366,.T.);
#216=FACE_OUTER_BOUND('',#368,.T.);
#217=FACE_OUTER_BOUND('',#369,.T.);
#218=FACE_OUTER_BOUND('',#370,.T.);
#219=EDGE_LOOP('',(#1795,#1796,#1797,#1798));
#220=EDGE_LOOP('',(#1799,#1800,#1801,#1802));
#221=EDGE_LOOP('',(#1803,#1804,#1805,#1806));
#222=EDGE_LOOP('',(#1807,#1808,#1809,#1810));
#223=EDGE_LOOP('',(#1811,#1812,#1813,#1814));
#224=EDGE_LOOP('',(#1815,#1816,#1817,#1818));
#225=EDGE_LOOP('',(#1819,#1820,#1821,#1822));
#226=EDGE_LOOP('',(#1823,#1824,#1825,#1826));
#227=EDGE_LOOP('',(#1827,#1828,#1829,#1830,#1831,#1832,#1833,#1834,#1835,
#1836,#1837));
#228=EDGE_LOOP('',(#1838,#1839,#1840,#1841));
#229=EDGE_LOOP('',(#1842,#1843,#1844,#1845));
#230=EDGE_LOOP('',(#1846,#1847,#1848,#1849));
#231=EDGE_LOOP('',(#1850,#1851,#1852,#1853,#1854,#1855,#1856,#1857,#1858,
#1859,#1860,#1861,#1862,#1863,#1864,#1865,#1866,#1867,#1868,#1869,#1870));
#232=EDGE_LOOP('',(#1871,#1872,#1873,#1874));
#233=EDGE_LOOP('',(#1875,#1876,#1877,#1878));
#234=EDGE_LOOP('',(#1879,#1880,#1881,#1882,#1883,#1884,#1885,#1886,#1887));
#235=EDGE_LOOP('',(#1888,#1889,#1890,#1891));
#236=EDGE_LOOP('',(#1892,#1893,#1894,#1895,#1896,#1897,#1898,#1899));
#237=EDGE_LOOP('',(#1900,#1901,#1902,#1903,#1904,#1905,#1906));
#238=EDGE_LOOP('',(#1907,#1908,#1909,#1910));
#239=EDGE_LOOP('',(#1911,#1912,#1913,#1914,#1915,#1916,#1917,#1918,#1919,
#1920));
#240=EDGE_LOOP('',(#1921,#1922,#1923,#1924));
#241=EDGE_LOOP('',(#1925,#1926,#1927,#1928));
#242=EDGE_LOOP('',(#1929,#1930,#1931,#1932));
#243=EDGE_LOOP('',(#1933,#1934,#1935,#1936));
#244=EDGE_LOOP('',(#1937,#1938,#1939,#1940));
#245=EDGE_LOOP('',(#1941,#1942,#1943,#1944));
#246=EDGE_LOOP('',(#1945,#1946,#1947,#1948));
#247=EDGE_LOOP('',(#1949,#1950,#1951,#1952));
#248=EDGE_LOOP('',(#1953,#1954,#1955,#1956));
#249=EDGE_LOOP('',(#1957,#1958,#1959,#1960,#1961,#1962,#1963,#1964,#1965,
#1966));
#250=EDGE_LOOP('',(#1967));
#251=EDGE_LOOP('',(#1968,#1969,#1970,#1971,#1972,#1973,#1974,#1975,#1976,
#1977,#1978,#1979,#1980,#1981));
#252=EDGE_LOOP('',(#1982,#1983,#1984,#1985));
#253=EDGE_LOOP('',(#1986,#1987,#1988,#1989));
#254=EDGE_LOOP('',(#1990,#1991,#1992,#1993,#1994,#1995,#1996,#1997,#1998,
#1999,#2000,#2001));
#255=EDGE_LOOP('',(#2002,#2003,#2004,#2005));
#256=EDGE_LOOP('',(#2006,#2007,#2008,#2009));
#257=EDGE_LOOP('',(#2010,#2011,#2012,#2013));
#258=EDGE_LOOP('',(#2014,#2015,#2016,#2017));
#259=EDGE_LOOP('',(#2018,#2019,#2020,#2021));
#260=EDGE_LOOP('',(#2022,#2023,#2024,#2025));
#261=EDGE_LOOP('',(#2026,#2027,#2028,#2029));
#262=EDGE_LOOP('',(#2030,#2031,#2032,#2033));
#263=EDGE_LOOP('',(#2034,#2035,#2036,#2037));
#264=EDGE_LOOP('',(#2038,#2039,#2040,#2041,#2042,#2043,#2044,#2045,#2046,
#2047,#2048,#2049));
#265=EDGE_LOOP('',(#2050,#2051,#2052,#2053,#2054,#2055));
#266=EDGE_LOOP('',(#2056,#2057,#2058,#2059));
#267=EDGE_LOOP('',(#2060,#2061,#2062,#2063,#2064,#2065));
#268=EDGE_LOOP('',(#2066,#2067,#2068,#2069));
#269=EDGE_LOOP('',(#2070,#2071,#2072,#2073));
#270=EDGE_LOOP('',(#2074,#2075,#2076,#2077));
#271=EDGE_LOOP('',(#2078,#2079,#2080,#2081));
#272=EDGE_LOOP('',(#2082,#2083,#2084,#2085));
#273=EDGE_LOOP('',(#2086,#2087,#2088,#2089));
#274=EDGE_LOOP('',(#2090,#2091,#2092,#2093,#2094,#2095,#2096,#2097,#2098,
#2099,#2100,#2101,#2102,#2103,#2104,#2105,#2106,#2107,#2108,#2109,#2110,
#2111,#2112,#2113,#2114,#2115,#2116,#2117,#2118,#2119,#2120,#2121,#2122,
#2123,#2124,#2125,#2126,#2127,#2128,#2129));
#275=EDGE_LOOP('',(#2130,#2131,#2132,#2133));
#276=EDGE_LOOP('',(#2134,#2135,#2136,#2137,#2138,#2139,#2140,#2141,#2142,
#2143,#2144,#2145,#2146,#2147,#2148,#2149,#2150,#2151,#2152,#2153));
#277=EDGE_LOOP('',(#2154,#2155,#2156,#2157));
#278=EDGE_LOOP('',(#2158,#2159,#2160,#2161,#2162,#2163));
#279=EDGE_LOOP('',(#2164,#2165,#2166,#2167));
#280=EDGE_LOOP('',(#2168,#2169,#2170,#2171));
#281=EDGE_LOOP('',(#2172,#2173,#2174,#2175,#2176,#2177,#2178,#2179,#2180,
#2181,#2182,#2183));
#282=EDGE_LOOP('',(#2184,#2185,#2186,#2187));
#283=EDGE_LOOP('',(#2188,#2189,#2190,#2191));
#284=EDGE_LOOP('',(#2192,#2193,#2194,#2195));
#285=EDGE_LOOP('',(#2196,#2197,#2198,#2199));
#286=EDGE_LOOP('',(#2200,#2201,#2202,#2203,#2204,#2205));
#287=EDGE_LOOP('',(#2206,#2207,#2208,#2209,#2210,#2211,#2212,#2213));
#288=EDGE_LOOP('',(#2214,#2215,#2216,#2217,#2218,#2219,#2220,#2221));
#289=EDGE_LOOP('',(#2222,#2223,#2224,#2225,#2226,#2227));
#290=EDGE_LOOP('',(#2228,#2229,#2230,#2231));
#291=EDGE_LOOP('',(#2232,#2233,#2234,#2235));
#292=EDGE_LOOP('',(#2236,#2237,#2238,#2239));
#293=EDGE_LOOP('',(#2240,#2241,#2242,#2243));
#294=EDGE_LOOP('',(#2244));
#295=EDGE_LOOP('',(#2245));
#296=EDGE_LOOP('',(#2246,#2247,#2248,#2249));
#297=EDGE_LOOP('',(#2250,#2251,#2252,#2253));
#298=EDGE_LOOP('',(#2254));
#299=EDGE_LOOP('',(#2255));
#300=EDGE_LOOP('',(#2256,#2257,#2258,#2259));
#301=EDGE_LOOP('',(#2260,#2261,#2262,#2263));
#302=EDGE_LOOP('',(#2264));
#303=EDGE_LOOP('',(#2265));
#304=EDGE_LOOP('',(#2266,#2267,#2268,#2269));
#305=EDGE_LOOP('',(#2270,#2271,#2272,#2273));
#306=EDGE_LOOP('',(#2274));
#307=EDGE_LOOP('',(#2275));
#308=EDGE_LOOP('',(#2276,#2277,#2278,#2279));
#309=EDGE_LOOP('',(#2280,#2281,#2282,#2283));
#310=EDGE_LOOP('',(#2284,#2285,#2286,#2287));
#311=EDGE_LOOP('',(#2288,#2289,#2290,#2291,#2292,#2293));
#312=EDGE_LOOP('',(#2294,#2295,#2296,#2297));
#313=EDGE_LOOP('',(#2298,#2299,#2300,#2301));
#314=EDGE_LOOP('',(#2302,#2303,#2304,#2305));
#315=EDGE_LOOP('',(#2306,#2307,#2308,#2309));
#316=EDGE_LOOP('',(#2310,#2311,#2312,#2313));
#317=EDGE_LOOP('',(#2314,#2315,#2316,#2317));
#318=EDGE_LOOP('',(#2318,#2319,#2320,#2321,#2322,#2323,#2324,#2325));
#319=EDGE_LOOP('',(#2326,#2327,#2328,#2329,#2330,#2331));
#320=EDGE_LOOP('',(#2332));
#321=EDGE_LOOP('',(#2333,#2334,#2335,#2336,#2337));
#322=EDGE_LOOP('',(#2338,#2339,#2340,#2341,#2342));
#323=EDGE_LOOP('',(#2343,#2344,#2345,#2346));
#324=EDGE_LOOP('',(#2347,#2348,#2349,#2350));
#325=EDGE_LOOP('',(#2351,#2352,#2353,#2354));
#326=EDGE_LOOP('',(#2355,#2356,#2357,#2358));
#327=EDGE_LOOP('',(#2359,#2360,#2361,#2362));
#328=EDGE_LOOP('',(#2363,#2364,#2365,#2366));
#329=EDGE_LOOP('',(#2367,#2368,#2369,#2370));
#330=EDGE_LOOP('',(#2371,#2372,#2373,#2374));
#331=EDGE_LOOP('',(#2375,#2376,#2377,#2378,#2379));
#332=EDGE_LOOP('',(#2380,#2381,#2382,#2383));
#333=EDGE_LOOP('',(#2384,#2385,#2386,#2387,#2388));
#334=EDGE_LOOP('',(#2389,#2390,#2391,#2392));
#335=EDGE_LOOP('',(#2393,#2394,#2395,#2396));
#336=EDGE_LOOP('',(#2397,#2398,#2399,#2400,#2401,#2402,#2403,#2404,#2405,
#2406,#2407,#2408,#2409,#2410,#2411,#2412,#2413,#2414,#2415,#2416));
#337=EDGE_LOOP('',(#2417,#2418,#2419,#2420,#2421,#2422));
#338=EDGE_LOOP('',(#2423));
#339=EDGE_LOOP('',(#2424,#2425,#2426,#2427));
#340=EDGE_LOOP('',(#2428,#2429,#2430,#2431));
#341=EDGE_LOOP('',(#2432,#2433,#2434,#2435));
#342=EDGE_LOOP('',(#2436,#2437,#2438,#2439));
#343=EDGE_LOOP('',(#2440,#2441,#2442,#2443));
#344=EDGE_LOOP('',(#2444,#2445,#2446,#2447,#2448,#2449));
#345=EDGE_LOOP('',(#2450,#2451,#2452,#2453));
#346=EDGE_LOOP('',(#2454,#2455,#2456,#2457));
#347=EDGE_LOOP('',(#2458,#2459,#2460,#2461));
#348=EDGE_LOOP('',(#2462,#2463,#2464,#2465));
#349=EDGE_LOOP('',(#2466,#2467,#2468,#2469));
#350=EDGE_LOOP('',(#2470,#2471,#2472,#2473,#2474,#2475,#2476,#2477,#2478,
#2479));
#351=EDGE_LOOP('',(#2480));
#352=EDGE_LOOP('',(#2481,#2482,#2483,#2484));
#353=EDGE_LOOP('',(#2485,#2486,#2487,#2488));
#354=EDGE_LOOP('',(#2489,#2490,#2491,#2492));
#355=EDGE_LOOP('',(#2493,#2494,#2495,#2496));
#356=EDGE_LOOP('',(#2497,#2498,#2499,#2500));
#357=EDGE_LOOP('',(#2501,#2502,#2503,#2504));
#358=EDGE_LOOP('',(#2505,#2506,#2507,#2508));
#359=EDGE_LOOP('',(#2509,#2510,#2511,#2512));
#360=EDGE_LOOP('',(#2513,#2514,#2515,#2516));
#361=EDGE_LOOP('',(#2517,#2518,#2519,#2520));
#362=EDGE_LOOP('',(#2521,#2522,#2523,#2524));
#363=EDGE_LOOP('',(#2525,#2526,#2527,#2528));
#364=EDGE_LOOP('',(#2529,#2530,#2531,#2532));
#365=EDGE_LOOP('',(#2533,#2534,#2535,#2536));
#366=EDGE_LOOP('',(#2537,#2538,#2539,#2540,#2541,#2542,#2543,#2544,#2545,
#2546,#2547,#2548,#2549,#2550,#2551,#2552,#2553,#2554,#2555,#2556));
#367=EDGE_LOOP('',(#2557,#2558,#2559,#2560,#2561,#2562,#2563,#2564));
#368=EDGE_LOOP('',(#2565,#2566,#2567,#2568,#2569,#2570,#2571,#2572,#2573,
#2574,#2575,#2576,#2577,#2578,#2579,#2580,#2581,#2582,#2583,#2584));
#369=EDGE_LOOP('',(#2585,#2586,#2587,#2588,#2589,#2590,#2591,#2592,#2593,
#2594));
#370=EDGE_LOOP('',(#2595,#2596,#2597,#2598));
#371=EDGE_LOOP('',(#2599));
#372=EDGE_LOOP('',(#2600));
#373=EDGE_LOOP('',(#2601));
#374=EDGE_LOOP('',(#2602));
#375=LINE('',#3790,#749);
#376=LINE('',#3792,#750);
#377=LINE('',#3794,#751);
#378=LINE('',#3795,#752);
#379=LINE('',#3798,#753);
#380=LINE('',#3800,#754);
#381=LINE('',#3801,#755);
#382=LINE('',#3804,#756);
#383=LINE('',#3806,#757);
#384=LINE('',#3807,#758);
#385=LINE('',#3809,#759);
#386=LINE('',#3810,#760);
#387=LINE('',#3817,#761);
#388=LINE('',#3820,#762);
#389=LINE('',#3823,#763);
#390=LINE('',#3825,#764);
#391=LINE('',#3826,#765);
#392=LINE('',#3829,#766);
#393=LINE('',#3830,#767);
#394=LINE('',#3833,#768);
#395=LINE('',#3835,#769);
#396=LINE('',#3837,#770);
#397=LINE('',#3839,#771);
#398=LINE('',#3843,#772);
#399=LINE('',#3845,#773);
#400=LINE('',#3847,#774);
#401=LINE('',#3848,#775);
#402=LINE('',#3852,#776);
#403=LINE('',#3854,#777);
#404=LINE('',#3856,#778);
#405=LINE('',#3857,#779);
#406=LINE('',#3860,#780);
#407=LINE('',#3862,#781);
#408=LINE('',#3863,#782);
#409=LINE('',#3866,#783);
#410=LINE('',#3869,#784);
#411=LINE('',#3872,#785);
#412=LINE('',#3874,#786);
#413=LINE('',#3876,#787);
#414=LINE('',#3878,#788);
#415=LINE('',#3880,#789);
#416=LINE('',#3882,#790);
#417=LINE('',#3884,#791);
#418=LINE('',#3886,#792);
#419=LINE('',#3888,#793);
#420=LINE('',#3890,#794);
#421=LINE('',#3892,#795);
#422=LINE('',#3894,#796);
#423=LINE('',#3896,#797);
#424=LINE('',#3898,#798);
#425=LINE('',#3900,#799);
#426=LINE('',#3902,#800);
#427=LINE('',#3904,#801);
#428=LINE('',#3906,#802);
#429=LINE('',#3908,#803);
#430=LINE('',#3909,#804);
#431=LINE('',#3911,#805);
#432=LINE('',#3915,#806);
#433=LINE('',#3917,#807);
#434=LINE('',#3919,#808);
#435=LINE('',#3920,#809);
#436=LINE('',#3924,#810);
#437=LINE('',#3926,#811);
#438=LINE('',#3928,#812);
#439=LINE('',#3929,#813);
#440=LINE('',#3931,#814);
#441=LINE('',#3933,#815);
#442=LINE('',#3934,#816);
#443=LINE('',#3937,#817);
#444=LINE('',#3939,#818);
#445=LINE('',#3940,#819);
#446=LINE('',#3944,#820);
#447=LINE('',#3946,#821);
#448=LINE('',#3947,#822);
#449=LINE('',#3949,#823);
#450=LINE('',#3951,#824);
#451=LINE('',#3952,#825);
#452=LINE('',#3954,#826);
#453=LINE('',#3955,#827);
#454=LINE('',#3958,#828);
#455=LINE('',#3960,#829);
#456=LINE('',#3961,#830);
#457=LINE('',#3963,#831);
#458=LINE('',#3965,#832);
#459=LINE('',#3967,#833);
#460=LINE('',#3969,#834);
#461=LINE('',#3971,#835);
#462=LINE('',#3973,#836);
#463=LINE('',#3974,#837);
#464=LINE('',#3976,#838);
#465=LINE('',#3977,#839);
#466=LINE('',#3979,#840);
#467=LINE('',#3984,#841);
#468=LINE('',#3986,#842);
#469=LINE('',#3988,#843);
#470=LINE('',#3989,#844);
#471=LINE('',#3993,#845);
#472=LINE('',#3995,#846);
#473=LINE('',#3997,#847);
#474=LINE('',#3998,#848);
#475=LINE('',#4000,#849);
#476=LINE('',#4001,#850);
#477=LINE('',#4005,#851);
#478=LINE('',#4007,#852);
#479=LINE('',#4009,#853);
#480=LINE('',#4010,#854);
#481=LINE('',#4013,#855);
#482=LINE('',#4015,#856);
#483=LINE('',#4016,#857);
#484=LINE('',#4019,#858);
#485=LINE('',#4021,#859);
#486=LINE('',#4022,#860);
#487=LINE('',#4025,#861);
#488=LINE('',#4027,#862);
#489=LINE('',#4029,#863);
#490=LINE('',#4031,#864);
#491=LINE('',#4033,#865);
#492=LINE('',#4035,#866);
#493=LINE('',#4036,#867);
#494=LINE('',#4041,#868);
#495=LINE('',#4043,#869);
#496=LINE('',#4045,#870);
#497=LINE('',#4047,#871);
#498=LINE('',#4049,#872);
#499=LINE('',#4051,#873);
#500=LINE('',#4053,#874);
#501=LINE('',#4055,#875);
#502=LINE('',#4057,#876);
#503=LINE('',#4059,#877);
#504=LINE('',#4060,#878);
#505=LINE('',#4063,#879);
#506=LINE('',#4064,#880);
#507=LINE('',#4067,#881);
#508=LINE('',#4068,#882);
#509=LINE('',#4071,#883);
#510=LINE('',#4073,#884);
#511=LINE('',#4075,#885);
#512=LINE('',#4077,#886);
#513=LINE('',#4079,#887);
#514=LINE('',#4081,#888);
#515=LINE('',#4082,#889);
#516=LINE('',#4083,#890);
#517=LINE('',#4087,#891);
#518=LINE('',#4089,#892);
#519=LINE('',#4091,#893);
#520=LINE('',#4092,#894);
#521=LINE('',#4095,#895);
#522=LINE('',#4097,#896);
#523=LINE('',#4098,#897);
#524=LINE('',#4101,#898);
#525=LINE('',#4103,#899);
#526=LINE('',#4104,#900);
#527=LINE('',#4107,#901);
#528=LINE('',#4109,#902);
#529=LINE('',#4110,#903);
#530=LINE('',#4113,#904);
#531=LINE('',#4115,#905);
#532=LINE('',#4116,#906);
#533=LINE('',#4119,#907);
#534=LINE('',#4120,#908);
#535=LINE('',#4123,#909);
#536=LINE('',#4124,#910);
#537=LINE('',#4127,#911);
#538=LINE('',#4128,#912);
#539=LINE('',#4130,#913);
#540=LINE('',#4133,#914);
#541=LINE('',#4135,#915);
#542=LINE('',#4137,#916);
#543=LINE('',#4139,#917);
#544=LINE('',#4141,#918);
#545=LINE('',#4143,#919);
#546=LINE('',#4145,#920);
#547=LINE('',#4146,#921);
#548=LINE('',#4147,#922);
#549=LINE('',#4153,#923);
#550=LINE('',#4157,#924);
#551=LINE('',#4160,#925);
#552=LINE('',#4163,#926);
#553=LINE('',#4165,#927);
#554=LINE('',#4169,#928);
#555=LINE('',#4171,#929);
#556=LINE('',#4175,#930);
#557=LINE('',#4179,#931);
#558=LINE('',#4181,#932);
#559=LINE('',#4182,#933);
#560=LINE('',#4188,#934);
#561=LINE('',#4191,#935);
#562=LINE('',#4193,#936);
#563=LINE('',#4194,#937);
#564=LINE('',#4200,#938);
#565=LINE('',#4202,#939);
#566=LINE('',#4203,#940);
#567=LINE('',#4205,#941);
#568=LINE('',#4208,#942);
#569=LINE('',#4210,#943);
#570=LINE('',#4212,#944);
#571=LINE('',#4213,#945);
#572=LINE('',#4215,#946);
#573=LINE('',#4217,#947);
#574=LINE('',#4218,#948);
#575=LINE('',#4220,#949);
#576=LINE('',#4222,#950);
#577=LINE('',#4224,#951);
#578=LINE('',#4225,#952);
#579=LINE('',#4228,#953);
#580=LINE('',#4230,#954);
#581=LINE('',#4232,#955);
#582=LINE('',#4234,#956);
#583=LINE('',#4236,#957);
#584=LINE('',#4238,#958);
#585=LINE('',#4240,#959);
#586=LINE('',#4242,#960);
#587=LINE('',#4244,#961);
#588=LINE('',#4246,#962);
#589=LINE('',#4247,#963);
#590=LINE('',#4250,#964);
#591=LINE('',#4252,#965);
#592=LINE('',#4253,#966);
#593=LINE('',#4256,#967);
#594=LINE('',#4257,#968);
#595=LINE('',#4260,#969);
#596=LINE('',#4261,#970);
#597=LINE('',#4264,#971);
#598=LINE('',#4265,#972);
#599=LINE('',#4268,#973);
#600=LINE('',#4270,#974);
#601=LINE('',#4272,#975);
#602=LINE('',#4274,#976);
#603=LINE('',#4276,#977);
#604=LINE('',#4278,#978);
#605=LINE('',#4280,#979);
#606=LINE('',#4282,#980);
#607=LINE('',#4283,#981);
#608=LINE('',#4286,#982);
#609=LINE('',#4288,#983);
#610=LINE('',#4289,#984);
#611=LINE('',#4292,#985);
#612=LINE('',#4293,#986);
#613=LINE('',#4296,#987);
#614=LINE('',#4297,#988);
#615=LINE('',#4300,#989);
#616=LINE('',#4301,#990);
#617=LINE('',#4304,#991);
#618=LINE('',#4306,#992);
#619=LINE('',#4307,#993);
#620=LINE('',#4310,#994);
#621=LINE('',#4312,#995);
#622=LINE('',#4314,#996);
#623=LINE('',#4316,#997);
#624=LINE('',#4317,#998);
#625=LINE('',#4320,#999);
#626=LINE('',#4322,#1000);
#627=LINE('',#4324,#1001);
#628=LINE('',#4326,#1002);
#629=LINE('',#4327,#1003);
#630=LINE('',#4329,#1004);
#631=LINE('',#4330,#1005);
#632=LINE('',#4332,#1006);
#633=LINE('',#4334,#1007);
#634=LINE('',#4338,#1008);
#635=LINE('',#4343,#1009);
#636=LINE('',#4350,#1010);
#637=LINE('',#4356,#1011);
#638=LINE('',#4363,#1012);
#639=LINE('',#4369,#1013);
#640=LINE('',#4376,#1014);
#641=LINE('',#4382,#1015);
#642=LINE('',#4387,#1016);
#643=LINE('',#4388,#1017);
#644=LINE('',#4391,#1018);
#645=LINE('',#4392,#1019);
#646=LINE('',#4395,#1020);
#647=LINE('',#4396,#1021);
#648=LINE('',#4399,#1022);
#649=LINE('',#4401,#1023);
#650=LINE('',#4402,#1024);
#651=LINE('',#4405,#1025);
#652=LINE('',#4407,#1026);
#653=LINE('',#4408,#1027);
#654=LINE('',#4411,#1028);
#655=LINE('',#4413,#1029);
#656=LINE('',#4414,#1030);
#657=LINE('',#4416,#1031);
#658=LINE('',#4417,#1032);
#659=LINE('',#4421,#1033);
#660=LINE('',#4422,#1034);
#661=LINE('',#4423,#1035);
#662=LINE('',#4425,#1036);
#663=LINE('',#4428,#1037);
#664=LINE('',#4429,#1038);
#665=LINE('',#4433,#1039);
#666=LINE('',#4435,#1040);
#667=LINE('',#4437,#1041);
#668=LINE('',#4438,#1042);
#669=LINE('',#4442,#1043);
#670=LINE('',#4443,#1044);
#671=LINE('',#4444,#1045);
#672=LINE('',#4447,#1046);
#673=LINE('',#4449,#1047);
#674=LINE('',#4450,#1048);
#675=LINE('',#4453,#1049);
#676=LINE('',#4455,#1050);
#677=LINE('',#4456,#1051);
#678=LINE('',#4459,#1052);
#679=LINE('',#4461,#1053);
#680=LINE('',#4462,#1054);
#681=LINE('',#4465,#1055);
#682=LINE('',#4467,#1056);
#683=LINE('',#4468,#1057);
#684=LINE('',#4471,#1058);
#685=LINE('',#4473,#1059);
#686=LINE('',#4474,#1060);
#687=LINE('',#4476,#1061);
#688=LINE('',#4477,#1062);
#689=LINE('',#4481,#1063);
#690=LINE('',#4482,#1064);
#691=LINE('',#4483,#1065);
#692=LINE('',#4486,#1066);
#693=LINE('',#4487,#1067);
#694=LINE('',#4490,#1068);
#695=LINE('',#4491,#1069);
#696=LINE('',#4494,#1070);
#697=LINE('',#4495,#1071);
#698=LINE('',#4498,#1072);
#699=LINE('',#4499,#1073);
#700=LINE('',#4502,#1074);
#701=LINE('',#4503,#1075);
#702=LINE('',#4506,#1076);
#703=LINE('',#4507,#1077);
#704=LINE('',#4509,#1078);
#705=LINE('',#4511,#1079);
#706=LINE('',#4513,#1080);
#707=LINE('',#4514,#1081);
#708=LINE('',#4516,#1082);
#709=LINE('',#4518,#1083);
#710=LINE('',#4522,#1084);
#711=LINE('',#4523,#1085);
#712=LINE('',#4525,#1086);
#713=LINE('',#4527,#1087);
#714=LINE('',#4529,#1088);
#715=LINE('',#4531,#1089);
#716=LINE('',#4533,#1090);
#717=LINE('',#4535,#1091);
#718=LINE('',#4539,#1092);
#719=LINE('',#4540,#1093);
#720=LINE('',#4543,#1094);
#721=LINE('',#4544,#1095);
#722=LINE('',#4547,#1096);
#723=LINE('',#4548,#1097);
#724=LINE('',#4551,#1098);
#725=LINE('',#4552,#1099);
#726=LINE('',#4555,#1100);
#727=LINE('',#4556,#1101);
#728=LINE('',#4559,#1102);
#729=LINE('',#4560,#1103);
#730=LINE('',#4563,#1104);
#731=LINE('',#4564,#1105);
#732=LINE('',#4566,#1106);
#733=LINE('',#4570,#1107);
#734=LINE('',#4571,#1108);
#735=LINE('',#4572,#1109);
#736=LINE('',#4575,#1110);
#737=LINE('',#4576,#1111);
#738=LINE('',#4579,#1112);
#739=LINE('',#4580,#1113);
#740=LINE('',#4583,#1114);
#741=LINE('',#4584,#1115);
#742=LINE('',#4587,#1116);
#743=LINE('',#4588,#1117);
#744=LINE('',#4590,#1118);
#745=LINE('',#4592,#1119);
#746=LINE('',#4595,#1120);
#747=LINE('',#4596,#1121);
#748=LINE('',#4598,#1122);
#749=VECTOR('',#3067,10.);
#750=VECTOR('',#3068,10.);
#751=VECTOR('',#3069,10.);
#752=VECTOR('',#3070,10.);
#753=VECTOR('',#3073,10.);
#754=VECTOR('',#3074,10.);
#755=VECTOR('',#3075,10.);
#756=VECTOR('',#3078,10.);
#757=VECTOR('',#3079,10.);
#758=VECTOR('',#3080,10.);
#759=VECTOR('',#3083,10.);
#760=VECTOR('',#3084,10.);
#761=VECTOR('',#3091,10.);
#762=VECTOR('',#3094,10.);
#763=VECTOR('',#3097,10.);
#764=VECTOR('',#3098,10.);
#765=VECTOR('',#3099,10.);
#766=VECTOR('',#3102,10.);
#767=VECTOR('',#3103,10.);
#768=VECTOR('',#3106,10.);
#769=VECTOR('',#3107,10.);
#770=VECTOR('',#3108,10.);
#771=VECTOR('',#3109,10.);
#772=VECTOR('',#3112,10.);
#773=VECTOR('',#3113,10.);
#774=VECTOR('',#3114,10.);
#775=VECTOR('',#3115,10.);
#776=VECTOR('',#3118,10.);
#777=VECTOR('',#3119,10.);
#778=VECTOR('',#3120,10.);
#779=VECTOR('',#3121,10.);
#780=VECTOR('',#3124,10.);
#781=VECTOR('',#3125,10.);
#782=VECTOR('',#3126,10.);
#783=VECTOR('',#3129,10.);
#784=VECTOR('',#3132,10.);
#785=VECTOR('',#3135,10.);
#786=VECTOR('',#3136,10.);
#787=VECTOR('',#3137,10.);
#788=VECTOR('',#3138,10.);
#789=VECTOR('',#3139,10.);
#790=VECTOR('',#3140,10.);
#791=VECTOR('',#3141,10.);
#792=VECTOR('',#3142,10.);
#793=VECTOR('',#3143,10.);
#794=VECTOR('',#3144,10.);
#795=VECTOR('',#3145,10.);
#796=VECTOR('',#3146,10.);
#797=VECTOR('',#3147,10.);
#798=VECTOR('',#3148,10.);
#799=VECTOR('',#3149,10.);
#800=VECTOR('',#3150,10.);
#801=VECTOR('',#3151,10.);
#802=VECTOR('',#3152,10.);
#803=VECTOR('',#3153,10.);
#804=VECTOR('',#3154,10.);
#805=VECTOR('',#3157,10.);
#806=VECTOR('',#3160,10.);
#807=VECTOR('',#3161,10.);
#808=VECTOR('',#3162,10.);
#809=VECTOR('',#3163,10.);
#810=VECTOR('',#3166,10.);
#811=VECTOR('',#3167,10.);
#812=VECTOR('',#3168,10.);
#813=VECTOR('',#3169,10.);
#814=VECTOR('',#3170,10.);
#815=VECTOR('',#3171,10.);
#816=VECTOR('',#3172,10.);
#817=VECTOR('',#3175,10.);
#818=VECTOR('',#3176,10.);
#819=VECTOR('',#3177,10.);
#820=VECTOR('',#3180,10.);
#821=VECTOR('',#3181,10.);
#822=VECTOR('',#3182,10.);
#823=VECTOR('',#3183,10.);
#824=VECTOR('',#3184,10.);
#825=VECTOR('',#3185,10.);
#826=VECTOR('',#3188,10.);
#827=VECTOR('',#3189,10.);
#828=VECTOR('',#3192,10.);
#829=VECTOR('',#3193,10.);
#830=VECTOR('',#3194,10.);
#831=VECTOR('',#3197,10.);
#832=VECTOR('',#3198,10.);
#833=VECTOR('',#3199,10.);
#834=VECTOR('',#3200,10.);
#835=VECTOR('',#3201,10.);
#836=VECTOR('',#3202,10.);
#837=VECTOR('',#3203,10.);
#838=VECTOR('',#3206,10.);
#839=VECTOR('',#3207,10.);
#840=VECTOR('',#3210,10.);
#841=VECTOR('',#3215,10.);
#842=VECTOR('',#3216,10.);
#843=VECTOR('',#3217,10.);
#844=VECTOR('',#3218,10.);
#845=VECTOR('',#3221,10.);
#846=VECTOR('',#3222,10.);
#847=VECTOR('',#3223,10.);
#848=VECTOR('',#3224,10.);
#849=VECTOR('',#3227,10.);
#850=VECTOR('',#3228,10.);
#851=VECTOR('',#3231,10.);
#852=VECTOR('',#3232,10.);
#853=VECTOR('',#3233,10.);
#854=VECTOR('',#3234,10.);
#855=VECTOR('',#3237,10.);
#856=VECTOR('',#3238,10.);
#857=VECTOR('',#3239,10.);
#858=VECTOR('',#3242,10.);
#859=VECTOR('',#3243,10.);
#860=VECTOR('',#3244,10.);
#861=VECTOR('',#3247,10.);
#862=VECTOR('',#3248,10.);
#863=VECTOR('',#3249,10.);
#864=VECTOR('',#3250,10.);
#865=VECTOR('',#3251,10.);
#866=VECTOR('',#3252,10.);
#867=VECTOR('',#3253,10.);
#868=VECTOR('',#3258,10.);
#869=VECTOR('',#3259,10.);
#870=VECTOR('',#3260,10.);
#871=VECTOR('',#3261,10.);
#872=VECTOR('',#3262,10.);
#873=VECTOR('',#3263,10.);
#874=VECTOR('',#3264,10.);
#875=VECTOR('',#3265,10.);
#876=VECTOR('',#3266,10.);
#877=VECTOR('',#3267,10.);
#878=VECTOR('',#3268,10.);
#879=VECTOR('',#3271,10.);
#880=VECTOR('',#3272,10.);
#881=VECTOR('',#3275,10.);
#882=VECTOR('',#3276,10.);
#883=VECTOR('',#3279,10.);
#884=VECTOR('',#3280,10.);
#885=VECTOR('',#3281,10.);
#886=VECTOR('',#3282,10.);
#887=VECTOR('',#3283,10.);
#888=VECTOR('',#3284,10.);
#889=VECTOR('',#3285,10.);
#890=VECTOR('',#3286,10.);
#891=VECTOR('',#3289,10.);
#892=VECTOR('',#3290,10.);
#893=VECTOR('',#3291,10.);
#894=VECTOR('',#3292,10.);
#895=VECTOR('',#3295,10.);
#896=VECTOR('',#3296,10.);
#897=VECTOR('',#3297,10.);
#898=VECTOR('',#3300,10.);
#899=VECTOR('',#3301,10.);
#900=VECTOR('',#3302,10.);
#901=VECTOR('',#3305,10.);
#902=VECTOR('',#3306,10.);
#903=VECTOR('',#3307,10.);
#904=VECTOR('',#3310,10.);
#905=VECTOR('',#3311,10.);
#906=VECTOR('',#3312,10.);
#907=VECTOR('',#3315,10.);
#908=VECTOR('',#3316,10.);
#909=VECTOR('',#3319,10.);
#910=VECTOR('',#3320,10.);
#911=VECTOR('',#3323,10.);
#912=VECTOR('',#3324,10.);
#913=VECTOR('',#3327,10.);
#914=VECTOR('',#3330,10.);
#915=VECTOR('',#3331,10.);
#916=VECTOR('',#3332,10.);
#917=VECTOR('',#3333,10.);
#918=VECTOR('',#3334,10.);
#919=VECTOR('',#3335,10.);
#920=VECTOR('',#3336,10.);
#921=VECTOR('',#3337,10.);
#922=VECTOR('',#3338,10.);
#923=VECTOR('',#3343,10.);
#924=VECTOR('',#3346,10.);
#925=VECTOR('',#3349,10.);
#926=VECTOR('',#3352,10.);
#927=VECTOR('',#3353,10.);
#928=VECTOR('',#3358,10.);
#929=VECTOR('',#3359,10.);
#930=VECTOR('',#3362,10.);
#931=VECTOR('',#3367,10.);
#932=VECTOR('',#3368,10.);
#933=VECTOR('',#3369,10.);
#934=VECTOR('',#3376,10.);
#935=VECTOR('',#3379,10.);
#936=VECTOR('',#3380,10.);
#937=VECTOR('',#3381,10.);
#938=VECTOR('',#3388,10.);
#939=VECTOR('',#3391,10.);
#940=VECTOR('',#3392,10.);
#941=VECTOR('',#3395,10.);
#942=VECTOR('',#3398,10.);
#943=VECTOR('',#3399,10.);
#944=VECTOR('',#3400,10.);
#945=VECTOR('',#3401,10.);
#946=VECTOR('',#3402,10.);
#947=VECTOR('',#3403,10.);
#948=VECTOR('',#3404,10.);
#949=VECTOR('',#3405,10.);
#950=VECTOR('',#3406,10.);
#951=VECTOR('',#3407,10.);
#952=VECTOR('',#3408,10.);
#953=VECTOR('',#3411,10.);
#954=VECTOR('',#3412,10.);
#955=VECTOR('',#3413,10.);
#956=VECTOR('',#3414,10.);
#957=VECTOR('',#3415,10.);
#958=VECTOR('',#3416,10.);
#959=VECTOR('',#3417,10.);
#960=VECTOR('',#3418,10.);
#961=VECTOR('',#3419,10.);
#962=VECTOR('',#3420,10.);
#963=VECTOR('',#3421,10.);
#964=VECTOR('',#3424,10.);
#965=VECTOR('',#3425,10.);
#966=VECTOR('',#3426,10.);
#967=VECTOR('',#3429,10.);
#968=VECTOR('',#3430,10.);
#969=VECTOR('',#3433,10.);
#970=VECTOR('',#3434,10.);
#971=VECTOR('',#3437,10.);
#972=VECTOR('',#3438,10.);
#973=VECTOR('',#3441,10.);
#974=VECTOR('',#3442,10.);
#975=VECTOR('',#3443,10.);
#976=VECTOR('',#3444,10.);
#977=VECTOR('',#3445,10.);
#978=VECTOR('',#3446,10.);
#979=VECTOR('',#3447,10.);
#980=VECTOR('',#3448,10.);
#981=VECTOR('',#3449,10.);
#982=VECTOR('',#3452,10.);
#983=VECTOR('',#3453,10.);
#984=VECTOR('',#3454,10.);
#985=VECTOR('',#3457,10.);
#986=VECTOR('',#3458,10.);
#987=VECTOR('',#3461,10.);
#988=VECTOR('',#3462,10.);
#989=VECTOR('',#3465,10.);
#990=VECTOR('',#3466,10.);
#991=VECTOR('',#3469,10.);
#992=VECTOR('',#3470,10.);
#993=VECTOR('',#3471,10.);
#994=VECTOR('',#3474,10.);
#995=VECTOR('',#3475,10.);
#996=VECTOR('',#3476,10.);
#997=VECTOR('',#3477,10.);
#998=VECTOR('',#3478,10.);
#999=VECTOR('',#3481,10.);
#1000=VECTOR('',#3482,10.);
#1001=VECTOR('',#3483,10.);
#1002=VECTOR('',#3484,10.);
#1003=VECTOR('',#3485,10.);
#1004=VECTOR('',#3488,10.);
#1005=VECTOR('',#3489,10.);
#1006=VECTOR('',#3492,10.);
#1007=VECTOR('',#3495,10.);
#1008=VECTOR('',#3500,0.950000000000002);
#1009=VECTOR('',#3505,2.5);
#1010=VECTOR('',#3514,0.950000000000002);
#1011=VECTOR('',#3521,2.5);
#1012=VECTOR('',#3530,0.950000000000002);
#1013=VECTOR('',#3537,2.5);
#1014=VECTOR('',#3546,0.950000000000002);
#1015=VECTOR('',#3553,2.5);
#1016=VECTOR('',#3560,10.);
#1017=VECTOR('',#3561,10.);
#1018=VECTOR('',#3564,10.);
#1019=VECTOR('',#3565,10.);
#1020=VECTOR('',#3568,10.);
#1021=VECTOR('',#3569,10.);
#1022=VECTOR('',#3572,10.);
#1023=VECTOR('',#3573,10.);
#1024=VECTOR('',#3574,10.);
#1025=VECTOR('',#3577,10.);
#1026=VECTOR('',#3578,10.);
#1027=VECTOR('',#3579,10.);
#1028=VECTOR('',#3582,10.);
#1029=VECTOR('',#3583,10.);
#1030=VECTOR('',#3584,10.);
#1031=VECTOR('',#3587,10.);
#1032=VECTOR('',#3588,10.);
#1033=VECTOR('',#3591,10.);
#1034=VECTOR('',#3592,10.);
#1035=VECTOR('',#3593,10.);
#1036=VECTOR('',#3596,10.);
#1037=VECTOR('',#3599,10.);
#1038=VECTOR('',#3600,10.);
#1039=VECTOR('',#3605,10.);
#1040=VECTOR('',#3606,10.);
#1041=VECTOR('',#3607,10.);
#1042=VECTOR('',#3608,10.);
#1043=VECTOR('',#3611,10.);
#1044=VECTOR('',#3612,10.);
#1045=VECTOR('',#3613,10.);
#1046=VECTOR('',#3616,10.);
#1047=VECTOR('',#3617,10.);
#1048=VECTOR('',#3618,10.);
#1049=VECTOR('',#3621,10.);
#1050=VECTOR('',#3622,10.);
#1051=VECTOR('',#3623,10.);
#1052=VECTOR('',#3626,10.);
#1053=VECTOR('',#3627,10.);
#1054=VECTOR('',#3628,10.);
#1055=VECTOR('',#3631,10.);
#1056=VECTOR('',#3632,10.);
#1057=VECTOR('',#3633,10.);
#1058=VECTOR('',#3636,10.);
#1059=VECTOR('',#3637,10.);
#1060=VECTOR('',#3638,10.);
#1061=VECTOR('',#3641,10.);
#1062=VECTOR('',#3642,10.);
#1063=VECTOR('',#3645,10.);
#1064=VECTOR('',#3646,10.);
#1065=VECTOR('',#3647,10.);
#1066=VECTOR('',#3650,10.);
#1067=VECTOR('',#3651,10.);
#1068=VECTOR('',#3654,10.);
#1069=VECTOR('',#3655,10.);
#1070=VECTOR('',#3658,10.);
#1071=VECTOR('',#3659,10.);
#1072=VECTOR('',#3662,10.);
#1073=VECTOR('',#3663,10.);
#1074=VECTOR('',#3666,10.);
#1075=VECTOR('',#3667,10.);
#1076=VECTOR('',#3670,10.);
#1077=VECTOR('',#3671,10.);
#1078=VECTOR('',#3674,10.);
#1079=VECTOR('',#3677,10.);
#1080=VECTOR('',#3678,10.);
#1081=VECTOR('',#3679,10.);
#1082=VECTOR('',#3682,10.);
#1083=VECTOR('',#3685,10.);
#1084=VECTOR('',#3692,10.);
#1085=VECTOR('',#3693,10.);
#1086=VECTOR('',#3696,10.);
#1087=VECTOR('',#3699,10.);
#1088=VECTOR('',#3702,10.);
#1089=VECTOR('',#3705,10.);
#1090=VECTOR('',#3708,10.);
#1091=VECTOR('',#3711,10.);
#1092=VECTOR('',#3716,10.);
#1093=VECTOR('',#3717,10.);
#1094=VECTOR('',#3720,10.);
#1095=VECTOR('',#3721,10.);
#1096=VECTOR('',#3724,10.);
#1097=VECTOR('',#3725,10.);
#1098=VECTOR('',#3728,10.);
#1099=VECTOR('',#3729,10.);
#1100=VECTOR('',#3732,10.);
#1101=VECTOR('',#3733,10.);
#1102=VECTOR('',#3736,10.);
#1103=VECTOR('',#3737,10.);
#1104=VECTOR('',#3740,10.);
#1105=VECTOR('',#3741,10.);
#1106=VECTOR('',#3744,10.);
#1107=VECTOR('',#3747,10.);
#1108=VECTOR('',#3748,10.);
#1109=VECTOR('',#3749,10.);
#1110=VECTOR('',#3752,10.);
#1111=VECTOR('',#3753,10.);
#1112=VECTOR('',#3756,10.);
#1113=VECTOR('',#3757,10.);
#1114=VECTOR('',#3760,10.);
#1115=VECTOR('',#3761,10.);
#1116=VECTOR('',#3764,10.);
#1117=VECTOR('',#3765,10.);
#1118=VECTOR('',#3768,10.);
#1119=VECTOR('',#3771,10.);
#1120=VECTOR('',#3774,10.);
#1121=VECTOR('',#3775,10.);
#1122=VECTOR('',#3778,10.);
#1123=VERTEX_POINT('',#3788);
#1124=VERTEX_POINT('',#3789);
#1125=VERTEX_POINT('',#3791);
#1126=VERTEX_POINT('',#3793);
#1127=VERTEX_POINT('',#3797);
#1128=VERTEX_POINT('',#3799);
#1129=VERTEX_POINT('',#3803);
#1130=VERTEX_POINT('',#3805);
#1131=VERTEX_POINT('',#3813);
#1132=VERTEX_POINT('',#3814);
#1133=VERTEX_POINT('',#3816);
#1134=VERTEX_POINT('',#3818);
#1135=VERTEX_POINT('',#3822);
#1136=VERTEX_POINT('',#3824);
#1137=VERTEX_POINT('',#3828);
#1138=VERTEX_POINT('',#3832);
#1139=VERTEX_POINT('',#3834);
#1140=VERTEX_POINT('',#3836);
#1141=VERTEX_POINT('',#3838);
#1142=VERTEX_POINT('',#3840);
#1143=VERTEX_POINT('',#3842);
#1144=VERTEX_POINT('',#3844);
#1145=VERTEX_POINT('',#3846);
#1146=VERTEX_POINT('',#3850);
#1147=VERTEX_POINT('',#3851);
#1148=VERTEX_POINT('',#3853);
#1149=VERTEX_POINT('',#3855);
#1150=VERTEX_POINT('',#3859);
#1151=VERTEX_POINT('',#3861);
#1152=VERTEX_POINT('',#3865);
#1153=VERTEX_POINT('',#3867);
#1154=VERTEX_POINT('',#3871);
#1155=VERTEX_POINT('',#3873);
#1156=VERTEX_POINT('',#3875);
#1157=VERTEX_POINT('',#3877);
#1158=VERTEX_POINT('',#3879);
#1159=VERTEX_POINT('',#3881);
#1160=VERTEX_POINT('',#3883);
#1161=VERTEX_POINT('',#3885);
#1162=VERTEX_POINT('',#3887);
#1163=VERTEX_POINT('',#3889);
#1164=VERTEX_POINT('',#3891);
#1165=VERTEX_POINT('',#3893);
#1166=VERTEX_POINT('',#3895);
#1167=VERTEX_POINT('',#3897);
#1168=VERTEX_POINT('',#3899);
#1169=VERTEX_POINT('',#3901);
#1170=VERTEX_POINT('',#3903);
#1171=VERTEX_POINT('',#3905);
#1172=VERTEX_POINT('',#3907);
#1173=VERTEX_POINT('',#3913);
#1174=VERTEX_POINT('',#3914);
#1175=VERTEX_POINT('',#3916);
#1176=VERTEX_POINT('',#3918);
#1177=VERTEX_POINT('',#3922);
#1178=VERTEX_POINT('',#3923);
#1179=VERTEX_POINT('',#3925);
#1180=VERTEX_POINT('',#3927);
#1181=VERTEX_POINT('',#3930);
#1182=VERTEX_POINT('',#3932);
#1183=VERTEX_POINT('',#3936);
#1184=VERTEX_POINT('',#3938);
#1185=VERTEX_POINT('',#3942);
#1186=VERTEX_POINT('',#3943);
#1187=VERTEX_POINT('',#3945);
#1188=VERTEX_POINT('',#3948);
#1189=VERTEX_POINT('',#3950);
#1190=VERTEX_POINT('',#3957);
#1191=VERTEX_POINT('',#3959);
#1192=VERTEX_POINT('',#3964);
#1193=VERTEX_POINT('',#3966);
#1194=VERTEX_POINT('',#3968);
#1195=VERTEX_POINT('',#3970);
#1196=VERTEX_POINT('',#3972);
#1197=VERTEX_POINT('',#3982);
#1198=VERTEX_POINT('',#3983);
#1199=VERTEX_POINT('',#3985);
#1200=VERTEX_POINT('',#3987);
#1201=VERTEX_POINT('',#3991);
#1202=VERTEX_POINT('',#3992);
#1203=VERTEX_POINT('',#3994);
#1204=VERTEX_POINT('',#3996);
#1205=VERTEX_POINT('',#4003);
#1206=VERTEX_POINT('',#4004);
#1207=VERTEX_POINT('',#4006);
#1208=VERTEX_POINT('',#4008);
#1209=VERTEX_POINT('',#4012);
#1210=VERTEX_POINT('',#4014);
#1211=VERTEX_POINT('',#4018);
#1212=VERTEX_POINT('',#4020);
#1213=VERTEX_POINT('',#4024);
#1214=VERTEX_POINT('',#4026);
#1215=VERTEX_POINT('',#4028);
#1216=VERTEX_POINT('',#4030);
#1217=VERTEX_POINT('',#4032);
#1218=VERTEX_POINT('',#4034);
#1219=VERTEX_POINT('',#4037);
#1220=VERTEX_POINT('',#4040);
#1221=VERTEX_POINT('',#4042);
#1222=VERTEX_POINT('',#4044);
#1223=VERTEX_POINT('',#4046);
#1224=VERTEX_POINT('',#4048);
#1225=VERTEX_POINT('',#4050);
#1226=VERTEX_POINT('',#4052);
#1227=VERTEX_POINT('',#4054);
#1228=VERTEX_POINT('',#4056);
#1229=VERTEX_POINT('',#4058);
#1230=VERTEX_POINT('',#4062);
#1231=VERTEX_POINT('',#4066);
#1232=VERTEX_POINT('',#4070);
#1233=VERTEX_POINT('',#4072);
#1234=VERTEX_POINT('',#4074);
#1235=VERTEX_POINT('',#4076);
#1236=VERTEX_POINT('',#4078);
#1237=VERTEX_POINT('',#4080);
#1238=VERTEX_POINT('',#4085);
#1239=VERTEX_POINT('',#4086);
#1240=VERTEX_POINT('',#4088);
#1241=VERTEX_POINT('',#4090);
#1242=VERTEX_POINT('',#4094);
#1243=VERTEX_POINT('',#4096);
#1244=VERTEX_POINT('',#4100);
#1245=VERTEX_POINT('',#4102);
#1246=VERTEX_POINT('',#4106);
#1247=VERTEX_POINT('',#4108);
#1248=VERTEX_POINT('',#4112);
#1249=VERTEX_POINT('',#4114);
#1250=VERTEX_POINT('',#4118);
#1251=VERTEX_POINT('',#4122);
#1252=VERTEX_POINT('',#4126);
#1253=VERTEX_POINT('',#4132);
#1254=VERTEX_POINT('',#4134);
#1255=VERTEX_POINT('',#4136);
#1256=VERTEX_POINT('',#4138);
#1257=VERTEX_POINT('',#4140);
#1258=VERTEX_POINT('',#4142);
#1259=VERTEX_POINT('',#4144);
#1260=VERTEX_POINT('',#4149);
#1261=VERTEX_POINT('',#4150);
#1262=VERTEX_POINT('',#4152);
#1263=VERTEX_POINT('',#4154);
#1264=VERTEX_POINT('',#4156);
#1265=VERTEX_POINT('',#4158);
#1266=VERTEX_POINT('',#4162);
#1267=VERTEX_POINT('',#4164);
#1268=VERTEX_POINT('',#4168);
#1269=VERTEX_POINT('',#4170);
#1270=VERTEX_POINT('',#4172);
#1271=VERTEX_POINT('',#4174);
#1272=VERTEX_POINT('',#4178);
#1273=VERTEX_POINT('',#4180);
#1274=VERTEX_POINT('',#4184);
#1275=VERTEX_POINT('',#4186);
#1276=VERTEX_POINT('',#4190);
#1277=VERTEX_POINT('',#4192);
#1278=VERTEX_POINT('',#4196);
#1279=VERTEX_POINT('',#4198);
#1280=VERTEX_POINT('',#4207);
#1281=VERTEX_POINT('',#4209);
#1282=VERTEX_POINT('',#4211);
#1283=VERTEX_POINT('',#4214);
#1284=VERTEX_POINT('',#4216);
#1285=VERTEX_POINT('',#4219);
#1286=VERTEX_POINT('',#4221);
#1287=VERTEX_POINT('',#4223);
#1288=VERTEX_POINT('',#4227);
#1289=VERTEX_POINT('',#4229);
#1290=VERTEX_POINT('',#4231);
#1291=VERTEX_POINT('',#4233);
#1292=VERTEX_POINT('',#4235);
#1293=VERTEX_POINT('',#4237);
#1294=VERTEX_POINT('',#4239);
#1295=VERTEX_POINT('',#4241);
#1296=VERTEX_POINT('',#4243);
#1297=VERTEX_POINT('',#4245);
#1298=VERTEX_POINT('',#4249);
#1299=VERTEX_POINT('',#4251);
#1300=VERTEX_POINT('',#4255);
#1301=VERTEX_POINT('',#4259);
#1302=VERTEX_POINT('',#4263);
#1303=VERTEX_POINT('',#4267);
#1304=VERTEX_POINT('',#4269);
#1305=VERTEX_POINT('',#4271);
#1306=VERTEX_POINT('',#4273);
#1307=VERTEX_POINT('',#4275);
#1308=VERTEX_POINT('',#4277);
#1309=VERTEX_POINT('',#4279);
#1310=VERTEX_POINT('',#4281);
#1311=VERTEX_POINT('',#4285);
#1312=VERTEX_POINT('',#4287);
#1313=VERTEX_POINT('',#4291);
#1314=VERTEX_POINT('',#4295);
#1315=VERTEX_POINT('',#4299);
#1316=VERTEX_POINT('',#4303);
#1317=VERTEX_POINT('',#4305);
#1318=VERTEX_POINT('',#4309);
#1319=VERTEX_POINT('',#4311);
#1320=VERTEX_POINT('',#4313);
#1321=VERTEX_POINT('',#4315);
#1322=VERTEX_POINT('',#4319);
#1323=VERTEX_POINT('',#4321);
#1324=VERTEX_POINT('',#4323);
#1325=VERTEX_POINT('',#4325);
#1326=VERTEX_POINT('',#4336);
#1327=VERTEX_POINT('',#4340);
#1328=VERTEX_POINT('',#4342);
#1329=VERTEX_POINT('',#4347);
#1330=VERTEX_POINT('',#4349);
#1331=VERTEX_POINT('',#4353);
#1332=VERTEX_POINT('',#4355);
#1333=VERTEX_POINT('',#4360);
#1334=VERTEX_POINT('',#4362);
#1335=VERTEX_POINT('',#4366);
#1336=VERTEX_POINT('',#4368);
#1337=VERTEX_POINT('',#4373);
#1338=VERTEX_POINT('',#4375);
#1339=VERTEX_POINT('',#4379);
#1340=VERTEX_POINT('',#4381);
#1341=VERTEX_POINT('',#4386);
#1342=VERTEX_POINT('',#4390);
#1343=VERTEX_POINT('',#4394);
#1344=VERTEX_POINT('',#4398);
#1345=VERTEX_POINT('',#4400);
#1346=VERTEX_POINT('',#4404);
#1347=VERTEX_POINT('',#4406);
#1348=VERTEX_POINT('',#4410);
#1349=VERTEX_POINT('',#4412);
#1350=VERTEX_POINT('',#4419);
#1351=VERTEX_POINT('',#4420);
#1352=VERTEX_POINT('',#4427);
#1353=VERTEX_POINT('',#4432);
#1354=VERTEX_POINT('',#4434);
#1355=VERTEX_POINT('',#4436);
#1356=VERTEX_POINT('',#4440);
#1357=VERTEX_POINT('',#4441);
#1358=VERTEX_POINT('',#4446);
#1359=VERTEX_POINT('',#4448);
#1360=VERTEX_POINT('',#4452);
#1361=VERTEX_POINT('',#4454);
#1362=VERTEX_POINT('',#4458);
#1363=VERTEX_POINT('',#4460);
#1364=VERTEX_POINT('',#4464);
#1365=VERTEX_POINT('',#4466);
#1366=VERTEX_POINT('',#4470);
#1367=VERTEX_POINT('',#4472);
#1368=VERTEX_POINT('',#4479);
#1369=VERTEX_POINT('',#4480);
#1370=VERTEX_POINT('',#4485);
#1371=VERTEX_POINT('',#4489);
#1372=VERTEX_POINT('',#4493);
#1373=VERTEX_POINT('',#4497);
#1374=VERTEX_POINT('',#4501);
#1375=VERTEX_POINT('',#4505);
#1376=VERTEX_POINT('',#4512);
#1377=VERTEX_POINT('',#4538);
#1378=VERTEX_POINT('',#4542);
#1379=VERTEX_POINT('',#4546);
#1380=VERTEX_POINT('',#4550);
#1381=VERTEX_POINT('',#4554);
#1382=VERTEX_POINT('',#4558);
#1383=VERTEX_POINT('',#4562);
#1384=VERTEX_POINT('',#4568);
#1385=VERTEX_POINT('',#4569);
#1386=VERTEX_POINT('',#4574);
#1387=VERTEX_POINT('',#4578);
#1388=VERTEX_POINT('',#4582);
#1389=VERTEX_POINT('',#4586);
#1390=VERTEX_POINT('',#4594);
#1391=EDGE_CURVE('',#1123,#1124,#375,.T.);
#1392=EDGE_CURVE('',#1123,#1125,#376,.T.);
#1393=EDGE_CURVE('',#1126,#1125,#377,.T.);
#1394=EDGE_CURVE('',#1124,#1126,#378,.T.);
#1395=EDGE_CURVE('',#1124,#1127,#379,.T.);
#1396=EDGE_CURVE('',#1128,#1126,#380,.T.);
#1397=EDGE_CURVE('',#1127,#1128,#381,.T.);
#1398=EDGE_CURVE('',#1127,#1129,#382,.T.);
#1399=EDGE_CURVE('',#1130,#1128,#383,.T.);
#1400=EDGE_CURVE('',#1129,#1130,#384,.T.);
#1401=EDGE_CURVE('',#1129,#1123,#385,.T.);
#1402=EDGE_CURVE('',#1125,#1130,#386,.T.);
#1403=EDGE_CURVE('',#1131,#1132,#33,.T.);
#1404=EDGE_CURVE('',#1131,#1133,#387,.T.);
#1405=EDGE_CURVE('',#1134,#1133,#34,.T.);
#1406=EDGE_CURVE('',#1132,#1134,#388,.T.);
#1407=EDGE_CURVE('',#1135,#1131,#389,.T.);
#1408=EDGE_CURVE('',#1136,#1135,#390,.T.);
#1409=EDGE_CURVE('',#1133,#1136,#391,.T.);
#1410=EDGE_CURVE('',#1137,#1136,#392,.T.);
#1411=EDGE_CURVE('',#1137,#1134,#393,.T.);
#1412=EDGE_CURVE('',#1132,#1138,#394,.T.);
#1413=EDGE_CURVE('',#1138,#1139,#395,.T.);
#1414=EDGE_CURVE('',#1139,#1140,#396,.T.);
#1415=EDGE_CURVE('',#1140,#1141,#397,.T.);
#1416=EDGE_CURVE('',#1141,#1142,#35,.T.);
#1417=EDGE_CURVE('',#1142,#1143,#398,.T.);
#1418=EDGE_CURVE('',#1143,#1144,#399,.T.);
#1419=EDGE_CURVE('',#1144,#1145,#400,.T.);
#1420=EDGE_CURVE('',#1145,#1135,#401,.T.);
#1421=EDGE_CURVE('',#1146,#1147,#402,.T.);
#1422=EDGE_CURVE('',#1146,#1148,#403,.T.);
#1423=EDGE_CURVE('',#1149,#1148,#404,.T.);
#1424=EDGE_CURVE('',#1149,#1147,#405,.T.);
#1425=EDGE_CURVE('',#1148,#1150,#406,.T.);
#1426=EDGE_CURVE('',#1151,#1150,#407,.T.);
#1427=EDGE_CURVE('',#1149,#1151,#408,.T.);
#1428=EDGE_CURVE('',#1152,#1141,#409,.T.);
#1429=EDGE_CURVE('',#1153,#1152,#36,.T.);
#1430=EDGE_CURVE('',#1142,#1153,#410,.T.);
#1431=EDGE_CURVE('',#1152,#1154,#411,.T.);
#1432=EDGE_CURVE('',#1154,#1155,#412,.T.);
#1433=EDGE_CURVE('',#1155,#1156,#413,.T.);
#1434=EDGE_CURVE('',#1156,#1157,#414,.T.);
#1435=EDGE_CURVE('',#1157,#1158,#415,.T.);
#1436=EDGE_CURVE('',#1158,#1159,#416,.T.);
#1437=EDGE_CURVE('',#1160,#1159,#417,.T.);
#1438=EDGE_CURVE('',#1160,#1161,#418,.T.);
#1439=EDGE_CURVE('',#1161,#1162,#419,.T.);
#1440=EDGE_CURVE('',#1162,#1163,#420,.T.);
#1441=EDGE_CURVE('',#1163,#1164,#421,.T.);
#1442=EDGE_CURVE('',#1164,#1165,#422,.T.);
#1443=EDGE_CURVE('',#1165,#1166,#423,.T.);
#1444=EDGE_CURVE('',#1166,#1167,#424,.T.);
#1445=EDGE_CURVE('',#1167,#1168,#425,.T.);
#1446=EDGE_CURVE('',#1169,#1168,#426,.T.);
#1447=EDGE_CURVE('',#1169,#1170,#427,.T.);
#1448=EDGE_CURVE('',#1170,#1171,#428,.T.);
#1449=EDGE_CURVE('',#1171,#1172,#429,.T.);
#1450=EDGE_CURVE('',#1172,#1153,#430,.T.);
#1451=EDGE_CURVE('',#1154,#1140,#431,.T.);
#1452=EDGE_CURVE('',#1173,#1174,#432,.T.);
#1453=EDGE_CURVE('',#1175,#1174,#433,.T.);
#1454=EDGE_CURVE('',#1175,#1176,#434,.T.);
#1455=EDGE_CURVE('',#1176,#1173,#435,.T.);
#1456=EDGE_CURVE('',#1177,#1178,#436,.T.);
#1457=EDGE_CURVE('',#1177,#1179,#437,.T.);
#1458=EDGE_CURVE('',#1180,#1179,#438,.T.);
#1459=EDGE_CURVE('',#1147,#1180,#439,.T.);
#1460=EDGE_CURVE('',#1181,#1151,#440,.T.);
#1461=EDGE_CURVE('',#1182,#1181,#441,.T.);
#1462=EDGE_CURVE('',#1178,#1182,#442,.T.);
#1463=EDGE_CURVE('',#1183,#1182,#443,.T.);
#1464=EDGE_CURVE('',#1184,#1181,#444,.T.);
#1465=EDGE_CURVE('',#1184,#1183,#445,.T.);
#1466=EDGE_CURVE('',#1185,#1186,#446,.T.);
#1467=EDGE_CURVE('',#1187,#1185,#447,.T.);
#1468=EDGE_CURVE('',#1150,#1187,#448,.T.);
#1469=EDGE_CURVE('',#1146,#1188,#449,.T.);
#1470=EDGE_CURVE('',#1189,#1188,#450,.T.);
#1471=EDGE_CURVE('',#1186,#1189,#451,.T.);
#1472=EDGE_CURVE('',#1175,#1187,#452,.T.);
#1473=EDGE_CURVE('',#1184,#1174,#453,.T.);
#1474=EDGE_CURVE('',#1174,#1190,#454,.T.);
#1475=EDGE_CURVE('',#1191,#1190,#455,.T.);
#1476=EDGE_CURVE('',#1191,#1184,#456,.T.);
#1477=EDGE_CURVE('',#1185,#1145,#457,.T.);
#1478=EDGE_CURVE('',#1144,#1192,#458,.T.);
#1479=EDGE_CURVE('',#1192,#1193,#459,.T.);
#1480=EDGE_CURVE('',#1193,#1194,#460,.T.);
#1481=EDGE_CURVE('',#1194,#1195,#461,.T.);
#1482=EDGE_CURVE('',#1195,#1196,#462,.T.);
#1483=EDGE_CURVE('',#1196,#1175,#463,.T.);
#1484=EDGE_CURVE('',#1186,#1177,#464,.T.);
#1485=EDGE_CURVE('',#1179,#1189,#465,.T.);
#1486=EDGE_CURVE('',#1188,#1180,#466,.T.);
#1487=EDGE_CURVE('',#1197,#1198,#467,.T.);
#1488=EDGE_CURVE('',#1199,#1197,#468,.T.);
#1489=EDGE_CURVE('',#1199,#1200,#469,.T.);
#1490=EDGE_CURVE('',#1198,#1200,#470,.T.);
#1491=EDGE_CURVE('',#1201,#1202,#471,.T.);
#1492=EDGE_CURVE('',#1203,#1201,#472,.T.);
#1493=EDGE_CURVE('',#1203,#1204,#473,.T.);
#1494=EDGE_CURVE('',#1204,#1202,#474,.T.);
#1495=EDGE_CURVE('',#1202,#1197,#475,.T.);
#1496=EDGE_CURVE('',#1204,#1199,#476,.T.);
#1497=EDGE_CURVE('',#1205,#1206,#477,.T.);
#1498=EDGE_CURVE('',#1207,#1205,#478,.T.);
#1499=EDGE_CURVE('',#1207,#1208,#479,.T.);
#1500=EDGE_CURVE('',#1208,#1206,#480,.T.);
#1501=EDGE_CURVE('',#1206,#1209,#481,.T.);
#1502=EDGE_CURVE('',#1208,#1210,#482,.T.);
#1503=EDGE_CURVE('',#1209,#1210,#483,.T.);
#1504=EDGE_CURVE('',#1211,#1205,#484,.T.);
#1505=EDGE_CURVE('',#1212,#1211,#485,.T.);
#1506=EDGE_CURVE('',#1212,#1207,#486,.T.);
#1507=EDGE_CURVE('',#1213,#1198,#487,.T.);
#1508=EDGE_CURVE('',#1214,#1213,#488,.T.);
#1509=EDGE_CURVE('',#1215,#1214,#489,.T.);
#1510=EDGE_CURVE('',#1216,#1215,#490,.T.);
#1511=EDGE_CURVE('',#1217,#1216,#491,.T.);
#1512=EDGE_CURVE('',#1217,#1218,#492,.T.);
#1513=EDGE_CURVE('',#1201,#1218,#493,.T.);
#1514=EDGE_CURVE('',#1219,#1219,#37,.T.);
#1515=EDGE_CURVE('',#1209,#1220,#494,.T.);
#1516=EDGE_CURVE('',#1220,#1221,#495,.T.);
#1517=EDGE_CURVE('',#1221,#1222,#496,.T.);
#1518=EDGE_CURVE('',#1222,#1223,#497,.T.);
#1519=EDGE_CURVE('',#1223,#1224,#498,.T.);
#1520=EDGE_CURVE('',#1225,#1224,#499,.T.);
#1521=EDGE_CURVE('',#1226,#1225,#500,.T.);
#1522=EDGE_CURVE('',#1227,#1226,#501,.T.);
#1523=EDGE_CURVE('',#1228,#1227,#502,.T.);
#1524=EDGE_CURVE('',#1229,#1228,#503,.T.);
#1525=EDGE_CURVE('',#1229,#1211,#504,.T.);
#1526=EDGE_CURVE('',#1229,#1230,#505,.T.);
#1527=EDGE_CURVE('',#1230,#1212,#506,.T.);
#1528=EDGE_CURVE('',#1200,#1231,#507,.T.);
#1529=EDGE_CURVE('',#1231,#1213,#508,.T.);
#1530=EDGE_CURVE('',#1218,#1232,#509,.T.);
#1531=EDGE_CURVE('',#1232,#1233,#510,.T.);
#1532=EDGE_CURVE('',#1233,#1234,#511,.T.);
#1533=EDGE_CURVE('',#1234,#1235,#512,.T.);
#1534=EDGE_CURVE('',#1235,#1236,#513,.T.);
#1535=EDGE_CURVE('',#1236,#1237,#514,.T.);
#1536=EDGE_CURVE('',#1237,#1220,#515,.T.);
#1537=EDGE_CURVE('',#1210,#1203,#516,.T.);
#1538=EDGE_CURVE('',#1238,#1239,#517,.T.);
#1539=EDGE_CURVE('',#1240,#1239,#518,.T.);
#1540=EDGE_CURVE('',#1241,#1240,#519,.T.);
#1541=EDGE_CURVE('',#1238,#1241,#520,.T.);
#1542=EDGE_CURVE('',#1239,#1242,#521,.T.);
#1543=EDGE_CURVE('',#1243,#1242,#522,.T.);
#1544=EDGE_CURVE('',#1240,#1243,#523,.T.);
#1545=EDGE_CURVE('',#1242,#1244,#524,.T.);
#1546=EDGE_CURVE('',#1245,#1244,#525,.T.);
#1547=EDGE_CURVE('',#1243,#1245,#526,.T.);
#1548=EDGE_CURVE('',#1241,#1246,#527,.T.);
#1549=EDGE_CURVE('',#1247,#1246,#528,.T.);
#1550=EDGE_CURVE('',#1247,#1238,#529,.T.);
#1551=EDGE_CURVE('',#1248,#1227,#530,.T.);
#1552=EDGE_CURVE('',#1249,#1248,#531,.T.);
#1553=EDGE_CURVE('',#1249,#1228,#532,.T.);
#1554=EDGE_CURVE('',#1250,#1226,#533,.T.);
#1555=EDGE_CURVE('',#1248,#1250,#534,.T.);
#1556=EDGE_CURVE('',#1251,#1225,#535,.T.);
#1557=EDGE_CURVE('',#1250,#1251,#536,.T.);
#1558=EDGE_CURVE('',#1252,#1224,#537,.T.);
#1559=EDGE_CURVE('',#1251,#1252,#538,.T.);
#1560=EDGE_CURVE('',#1230,#1249,#539,.T.);
#1561=EDGE_CURVE('',#1223,#1253,#540,.T.);
#1562=EDGE_CURVE('',#1253,#1254,#541,.T.);
#1563=EDGE_CURVE('',#1254,#1255,#542,.T.);
#1564=EDGE_CURVE('',#1255,#1256,#543,.T.);
#1565=EDGE_CURVE('',#1256,#1257,#544,.T.);
#1566=EDGE_CURVE('',#1257,#1258,#545,.T.);
#1567=EDGE_CURVE('',#1258,#1259,#546,.T.);
#1568=EDGE_CURVE('',#1259,#1247,#547,.T.);
#1569=EDGE_CURVE('',#1246,#1252,#548,.T.);
#1570=EDGE_CURVE('',#1260,#1261,#38,.T.);
#1571=EDGE_CURVE('',#1262,#1260,#549,.T.);
#1572=EDGE_CURVE('',#1263,#1262,#39,.T.);
#1573=EDGE_CURVE('',#1263,#1264,#550,.T.);
#1574=EDGE_CURVE('',#1264,#1265,#40,.T.);
#1575=EDGE_CURVE('',#1261,#1265,#551,.T.);
#1576=EDGE_CURVE('',#1265,#1266,#552,.T.);
#1577=EDGE_CURVE('',#1267,#1264,#553,.T.);
#1578=EDGE_CURVE('',#1266,#1267,#41,.T.);
#1579=EDGE_CURVE('',#1266,#1268,#554,.T.);
#1580=EDGE_CURVE('',#1269,#1267,#555,.T.);
#1581=EDGE_CURVE('',#1270,#1269,#42,.T.);
#1582=EDGE_CURVE('',#1270,#1271,#556,.T.);
#1583=EDGE_CURVE('',#1268,#1271,#43,.T.);
#1584=EDGE_CURVE('',#1271,#1272,#557,.T.);
#1585=EDGE_CURVE('',#1273,#1270,#558,.T.);
#1586=EDGE_CURVE('',#1273,#1272,#559,.T.);
#1587=EDGE_CURVE('',#1272,#1274,#44,.T.);
#1588=EDGE_CURVE('',#1275,#1273,#45,.T.);
#1589=EDGE_CURVE('',#1275,#1274,#560,.T.);
#1590=EDGE_CURVE('',#1274,#1276,#561,.T.);
#1591=EDGE_CURVE('',#1277,#1275,#562,.T.);
#1592=EDGE_CURVE('',#1277,#1276,#563,.T.);
#1593=EDGE_CURVE('',#1276,#1278,#46,.T.);
#1594=EDGE_CURVE('',#1279,#1277,#47,.T.);
#1595=EDGE_CURVE('',#1279,#1278,#564,.T.);
#1596=EDGE_CURVE('',#1278,#1260,#565,.T.);
#1597=EDGE_CURVE('',#1262,#1279,#566,.T.);
#1598=EDGE_CURVE('',#1269,#1263,#567,.T.);
#1599=EDGE_CURVE('',#1280,#1178,#568,.T.);
#1600=EDGE_CURVE('',#1281,#1280,#569,.T.);
#1601=EDGE_CURVE('',#1281,#1282,#570,.T.);
#1602=EDGE_CURVE('',#1282,#1261,#571,.T.);
#1603=EDGE_CURVE('',#1268,#1283,#572,.T.);
#1604=EDGE_CURVE('',#1283,#1284,#573,.T.);
#1605=EDGE_CURVE('',#1231,#1284,#574,.T.);
#1606=EDGE_CURVE('',#1285,#1245,#575,.T.);
#1607=EDGE_CURVE('',#1285,#1286,#576,.T.);
#1608=EDGE_CURVE('',#1286,#1287,#577,.T.);
#1609=EDGE_CURVE('',#1287,#1137,#578,.T.);
#1610=EDGE_CURVE('',#1282,#1288,#579,.T.);
#1611=EDGE_CURVE('',#1289,#1288,#580,.T.);
#1612=EDGE_CURVE('',#1290,#1289,#581,.T.);
#1613=EDGE_CURVE('',#1291,#1290,#582,.T.);
#1614=EDGE_CURVE('',#1292,#1291,#583,.T.);
#1615=EDGE_CURVE('',#1293,#1292,#584,.T.);
#1616=EDGE_CURVE('',#1294,#1293,#585,.T.);
#1617=EDGE_CURVE('',#1295,#1294,#586,.T.);
#1618=EDGE_CURVE('',#1296,#1295,#587,.T.);
#1619=EDGE_CURVE('',#1297,#1296,#588,.T.);
#1620=EDGE_CURVE('',#1283,#1297,#589,.T.);
#1621=EDGE_CURVE('',#1298,#1285,#590,.T.);
#1622=EDGE_CURVE('',#1299,#1298,#591,.T.);
#1623=EDGE_CURVE('',#1286,#1299,#592,.T.);
#1624=EDGE_CURVE('',#1287,#1300,#593,.T.);
#1625=EDGE_CURVE('',#1138,#1300,#594,.T.);
#1626=EDGE_CURVE('',#1288,#1301,#595,.T.);
#1627=EDGE_CURVE('',#1301,#1281,#596,.T.);
#1628=EDGE_CURVE('',#1302,#1297,#597,.T.);
#1629=EDGE_CURVE('',#1284,#1302,#598,.T.);
#1630=EDGE_CURVE('',#1303,#1299,#599,.T.);
#1631=EDGE_CURVE('',#1304,#1303,#600,.T.);
#1632=EDGE_CURVE('',#1305,#1304,#601,.T.);
#1633=EDGE_CURVE('',#1306,#1305,#602,.T.);
#1634=EDGE_CURVE('',#1307,#1306,#603,.T.);
#1635=EDGE_CURVE('',#1308,#1307,#604,.T.);
#1636=EDGE_CURVE('',#1309,#1308,#605,.T.);
#1637=EDGE_CURVE('',#1310,#1309,#606,.T.);
#1638=EDGE_CURVE('',#1300,#1310,#607,.T.);
#1639=EDGE_CURVE('',#1292,#1311,#608,.T.);
#1640=EDGE_CURVE('',#1311,#1312,#609,.T.);
#1641=EDGE_CURVE('',#1312,#1293,#610,.T.);
#1642=EDGE_CURVE('',#1313,#1291,#611,.T.);
#1643=EDGE_CURVE('',#1311,#1313,#612,.T.);
#1644=EDGE_CURVE('',#1314,#1290,#613,.T.);
#1645=EDGE_CURVE('',#1313,#1314,#614,.T.);
#1646=EDGE_CURVE('',#1315,#1289,#615,.T.);
#1647=EDGE_CURVE('',#1314,#1315,#616,.T.);
#1648=EDGE_CURVE('',#1316,#1301,#617,.T.);
#1649=EDGE_CURVE('',#1317,#1316,#618,.T.);
#1650=EDGE_CURVE('',#1315,#1317,#619,.T.);
#1651=EDGE_CURVE('',#1318,#1280,#620,.T.);
#1652=EDGE_CURVE('',#1318,#1319,#621,.T.);
#1653=EDGE_CURVE('',#1319,#1320,#622,.T.);
#1654=EDGE_CURVE('',#1320,#1321,#623,.T.);
#1655=EDGE_CURVE('',#1321,#1316,#624,.T.);
#1656=EDGE_CURVE('',#1244,#1322,#625,.T.);
#1657=EDGE_CURVE('',#1322,#1323,#626,.T.);
#1658=EDGE_CURVE('',#1323,#1324,#627,.T.);
#1659=EDGE_CURVE('',#1324,#1325,#628,.T.);
#1660=EDGE_CURVE('',#1325,#1298,#629,.T.);
#1661=EDGE_CURVE('',#1156,#1310,#630,.T.);
#1662=EDGE_CURVE('',#1155,#1139,#631,.T.);
#1663=EDGE_CURVE('',#1157,#1309,#632,.T.);
#1664=EDGE_CURVE('',#1158,#1308,#633,.T.);
#1665=EDGE_CURVE('',#1326,#1326,#48,.T.);
#1666=EDGE_CURVE('',#1326,#1219,#634,.T.);
#1667=EDGE_CURVE('',#1327,#1327,#49,.T.);
#1668=EDGE_CURVE('',#1327,#1328,#635,.T.);
#1669=EDGE_CURVE('',#1328,#1328,#50,.T.);
#1670=EDGE_CURVE('',#1329,#1329,#51,.T.);
#1671=EDGE_CURVE('',#1329,#1330,#636,.T.);
#1672=EDGE_CURVE('',#1330,#1330,#52,.T.);
#1673=EDGE_CURVE('',#1331,#1331,#53,.T.);
#1674=EDGE_CURVE('',#1331,#1332,#637,.T.);
#1675=EDGE_CURVE('',#1332,#1332,#54,.T.);
#1676=EDGE_CURVE('',#1333,#1333,#55,.T.);
#1677=EDGE_CURVE('',#1333,#1334,#638,.T.);
#1678=EDGE_CURVE('',#1334,#1334,#56,.T.);
#1679=EDGE_CURVE('',#1335,#1335,#57,.T.);
#1680=EDGE_CURVE('',#1335,#1336,#639,.T.);
#1681=EDGE_CURVE('',#1336,#1336,#58,.T.);
#1682=EDGE_CURVE('',#1337,#1337,#59,.T.);
#1683=EDGE_CURVE('',#1337,#1338,#640,.T.);
#1684=EDGE_CURVE('',#1338,#1338,#60,.T.);
#1685=EDGE_CURVE('',#1339,#1339,#61,.T.);
#1686=EDGE_CURVE('',#1339,#1340,#641,.T.);
#1687=EDGE_CURVE('',#1340,#1340,#62,.T.);
#1688=EDGE_CURVE('',#1341,#1312,#642,.T.);
#1689=EDGE_CURVE('',#1341,#1294,#643,.T.);
#1690=EDGE_CURVE('',#1342,#1341,#644,.T.);
#1691=EDGE_CURVE('',#1342,#1295,#645,.T.);
#1692=EDGE_CURVE('',#1343,#1342,#646,.T.);
#1693=EDGE_CURVE('',#1343,#1296,#647,.T.);
#1694=EDGE_CURVE('',#1344,#1343,#648,.T.);
#1695=EDGE_CURVE('',#1344,#1345,#649,.T.);
#1696=EDGE_CURVE('',#1302,#1345,#650,.T.);
#1697=EDGE_CURVE('',#1346,#1344,#651,.T.);
#1698=EDGE_CURVE('',#1346,#1347,#652,.T.);
#1699=EDGE_CURVE('',#1345,#1347,#653,.T.);
#1700=EDGE_CURVE('',#1348,#1346,#654,.T.);
#1701=EDGE_CURVE('',#1348,#1349,#655,.T.);
#1702=EDGE_CURVE('',#1347,#1349,#656,.T.);
#1703=EDGE_CURVE('',#1215,#1348,#657,.T.);
#1704=EDGE_CURVE('',#1349,#1214,#658,.T.);
#1705=EDGE_CURVE('',#1350,#1351,#659,.T.);
#1706=EDGE_CURVE('',#1350,#1321,#660,.T.);
#1707=EDGE_CURVE('',#1351,#1320,#661,.T.);
#1708=EDGE_CURVE('',#1317,#1350,#662,.T.);
#1709=EDGE_CURVE('',#1351,#1352,#663,.T.);
#1710=EDGE_CURVE('',#1352,#1319,#664,.T.);
#1711=EDGE_CURVE('',#1353,#1318,#665,.T.);
#1712=EDGE_CURVE('',#1354,#1353,#666,.T.);
#1713=EDGE_CURVE('',#1355,#1354,#667,.T.);
#1714=EDGE_CURVE('',#1352,#1355,#668,.T.);
#1715=EDGE_CURVE('',#1356,#1357,#669,.T.);
#1716=EDGE_CURVE('',#1356,#1183,#670,.T.);
#1717=EDGE_CURVE('',#1357,#1191,#671,.T.);
#1718=EDGE_CURVE('',#1358,#1356,#672,.T.);
#1719=EDGE_CURVE('',#1358,#1359,#673,.T.);
#1720=EDGE_CURVE('',#1182,#1359,#674,.T.);
#1721=EDGE_CURVE('',#1360,#1358,#675,.T.);
#1722=EDGE_CURVE('',#1360,#1361,#676,.T.);
#1723=EDGE_CURVE('',#1359,#1361,#677,.T.);
#1724=EDGE_CURVE('',#1362,#1360,#678,.T.);
#1725=EDGE_CURVE('',#1362,#1363,#679,.T.);
#1726=EDGE_CURVE('',#1361,#1363,#680,.T.);
#1727=EDGE_CURVE('',#1364,#1362,#681,.T.);
#1728=EDGE_CURVE('',#1364,#1365,#682,.T.);
#1729=EDGE_CURVE('',#1363,#1365,#683,.T.);
#1730=EDGE_CURVE('',#1366,#1364,#684,.T.);
#1731=EDGE_CURVE('',#1366,#1367,#685,.T.);
#1732=EDGE_CURVE('',#1365,#1367,#686,.T.);
#1733=EDGE_CURVE('',#1354,#1366,#687,.T.);
#1734=EDGE_CURVE('',#1367,#1353,#688,.T.);
#1735=EDGE_CURVE('',#1368,#1369,#689,.T.);
#1736=EDGE_CURVE('',#1368,#1194,#690,.T.);
#1737=EDGE_CURVE('',#1369,#1193,#691,.T.);
#1738=EDGE_CURVE('',#1370,#1368,#692,.T.);
#1739=EDGE_CURVE('',#1370,#1195,#693,.T.);
#1740=EDGE_CURVE('',#1371,#1370,#694,.T.);
#1741=EDGE_CURVE('',#1371,#1196,#695,.T.);
#1742=EDGE_CURVE('',#1372,#1371,#696,.T.);
#1743=EDGE_CURVE('',#1372,#1176,#697,.T.);
#1744=EDGE_CURVE('',#1373,#1372,#698,.T.);
#1745=EDGE_CURVE('',#1373,#1173,#699,.T.);
#1746=EDGE_CURVE('',#1374,#1373,#700,.T.);
#1747=EDGE_CURVE('',#1190,#1374,#701,.T.);
#1748=EDGE_CURVE('',#1369,#1375,#702,.T.);
#1749=EDGE_CURVE('',#1375,#1192,#703,.T.);
#1750=EDGE_CURVE('',#1374,#1357,#704,.T.);
#1751=EDGE_CURVE('',#1375,#1171,#705,.T.);
#1752=EDGE_CURVE('',#1170,#1376,#706,.T.);
#1753=EDGE_CURVE('',#1376,#1355,#707,.T.);
#1754=EDGE_CURVE('',#1172,#1143,#708,.T.);
#1755=EDGE_CURVE('',#1159,#1307,#709,.T.);
#1756=EDGE_CURVE('',#1165,#1324,#710,.T.);
#1757=EDGE_CURVE('',#1166,#1323,#711,.T.);
#1758=EDGE_CURVE('',#1164,#1325,#712,.T.);
#1759=EDGE_CURVE('',#1163,#1303,#713,.T.);
#1760=EDGE_CURVE('',#1162,#1304,#714,.T.);
#1761=EDGE_CURVE('',#1161,#1305,#715,.T.);
#1762=EDGE_CURVE('',#1306,#1160,#716,.T.);
#1763=EDGE_CURVE('',#1167,#1322,#717,.T.);
#1764=EDGE_CURVE('',#1377,#1259,#718,.T.);
#1765=EDGE_CURVE('',#1168,#1377,#719,.T.);
#1766=EDGE_CURVE('',#1378,#1222,#720,.T.);
#1767=EDGE_CURVE('',#1378,#1253,#721,.T.);
#1768=EDGE_CURVE('',#1379,#1378,#722,.T.);
#1769=EDGE_CURVE('',#1379,#1254,#723,.T.);
#1770=EDGE_CURVE('',#1380,#1379,#724,.T.);
#1771=EDGE_CURVE('',#1380,#1255,#725,.T.);
#1772=EDGE_CURVE('',#1381,#1380,#726,.T.);
#1773=EDGE_CURVE('',#1381,#1256,#727,.T.);
#1774=EDGE_CURVE('',#1382,#1381,#728,.T.);
#1775=EDGE_CURVE('',#1382,#1257,#729,.T.);
#1776=EDGE_CURVE('',#1383,#1382,#730,.T.);
#1777=EDGE_CURVE('',#1383,#1258,#731,.T.);
#1778=EDGE_CURVE('',#1377,#1383,#732,.T.);
#1779=EDGE_CURVE('',#1384,#1385,#733,.T.);
#1780=EDGE_CURVE('',#1384,#1233,#734,.T.);
#1781=EDGE_CURVE('',#1385,#1232,#735,.T.);
#1782=EDGE_CURVE('',#1386,#1384,#736,.T.);
#1783=EDGE_CURVE('',#1386,#1234,#737,.T.);
#1784=EDGE_CURVE('',#1387,#1386,#738,.T.);
#1785=EDGE_CURVE('',#1387,#1235,#739,.T.);
#1786=EDGE_CURVE('',#1388,#1387,#740,.T.);
#1787=EDGE_CURVE('',#1388,#1236,#741,.T.);
#1788=EDGE_CURVE('',#1389,#1388,#742,.T.);
#1789=EDGE_CURVE('',#1389,#1237,#743,.T.);
#1790=EDGE_CURVE('',#1221,#1389,#744,.T.);
#1791=EDGE_CURVE('',#1385,#1217,#745,.T.);
#1792=EDGE_CURVE('',#1376,#1390,#746,.T.);
#1793=EDGE_CURVE('',#1390,#1216,#747,.T.);
#1794=EDGE_CURVE('',#1390,#1169,#748,.T.);
#1795=ORIENTED_EDGE('',*,*,#1391,.F.);
#1796=ORIENTED_EDGE('',*,*,#1392,.T.);
#1797=ORIENTED_EDGE('',*,*,#1393,.F.);
#1798=ORIENTED_EDGE('',*,*,#1394,.F.);
#1799=ORIENTED_EDGE('',*,*,#1395,.F.);
#1800=ORIENTED_EDGE('',*,*,#1394,.T.);
#1801=ORIENTED_EDGE('',*,*,#1396,.F.);
#1802=ORIENTED_EDGE('',*,*,#1397,.F.);
#1803=ORIENTED_EDGE('',*,*,#1398,.F.);
#1804=ORIENTED_EDGE('',*,*,#1397,.T.);
#1805=ORIENTED_EDGE('',*,*,#1399,.F.);
#1806=ORIENTED_EDGE('',*,*,#1400,.F.);
#1807=ORIENTED_EDGE('',*,*,#1401,.F.);
#1808=ORIENTED_EDGE('',*,*,#1400,.T.);
#1809=ORIENTED_EDGE('',*,*,#1402,.F.);
#1810=ORIENTED_EDGE('',*,*,#1392,.F.);
#1811=ORIENTED_EDGE('',*,*,#1402,.T.);
#1812=ORIENTED_EDGE('',*,*,#1399,.T.);
#1813=ORIENTED_EDGE('',*,*,#1396,.T.);
#1814=ORIENTED_EDGE('',*,*,#1393,.T.);
#1815=ORIENTED_EDGE('',*,*,#1403,.F.);
#1816=ORIENTED_EDGE('',*,*,#1404,.T.);
#1817=ORIENTED_EDGE('',*,*,#1405,.F.);
#1818=ORIENTED_EDGE('',*,*,#1406,.F.);
#1819=ORIENTED_EDGE('',*,*,#1407,.F.);
#1820=ORIENTED_EDGE('',*,*,#1408,.F.);
#1821=ORIENTED_EDGE('',*,*,#1409,.F.);
#1822=ORIENTED_EDGE('',*,*,#1404,.F.);
#1823=ORIENTED_EDGE('',*,*,#1409,.T.);
#1824=ORIENTED_EDGE('',*,*,#1410,.F.);
#1825=ORIENTED_EDGE('',*,*,#1411,.T.);
#1826=ORIENTED_EDGE('',*,*,#1405,.T.);
#1827=ORIENTED_EDGE('',*,*,#1407,.T.);
#1828=ORIENTED_EDGE('',*,*,#1403,.T.);
#1829=ORIENTED_EDGE('',*,*,#1412,.T.);
#1830=ORIENTED_EDGE('',*,*,#1413,.T.);
#1831=ORIENTED_EDGE('',*,*,#1414,.T.);
#1832=ORIENTED_EDGE('',*,*,#1415,.T.);
#1833=ORIENTED_EDGE('',*,*,#1416,.T.);
#1834=ORIENTED_EDGE('',*,*,#1417,.T.);
#1835=ORIENTED_EDGE('',*,*,#1418,.T.);
#1836=ORIENTED_EDGE('',*,*,#1419,.T.);
#1837=ORIENTED_EDGE('',*,*,#1420,.T.);
#1838=ORIENTED_EDGE('',*,*,#1421,.F.);
#1839=ORIENTED_EDGE('',*,*,#1422,.T.);
#1840=ORIENTED_EDGE('',*,*,#1423,.F.);
#1841=ORIENTED_EDGE('',*,*,#1424,.T.);
#1842=ORIENTED_EDGE('',*,*,#1423,.T.);
#1843=ORIENTED_EDGE('',*,*,#1425,.T.);
#1844=ORIENTED_EDGE('',*,*,#1426,.F.);
#1845=ORIENTED_EDGE('',*,*,#1427,.F.);
#1846=ORIENTED_EDGE('',*,*,#1416,.F.);
#1847=ORIENTED_EDGE('',*,*,#1428,.F.);
#1848=ORIENTED_EDGE('',*,*,#1429,.F.);
#1849=ORIENTED_EDGE('',*,*,#1430,.F.);
#1850=ORIENTED_EDGE('',*,*,#1429,.T.);
#1851=ORIENTED_EDGE('',*,*,#1431,.T.);
#1852=ORIENTED_EDGE('',*,*,#1432,.T.);
#1853=ORIENTED_EDGE('',*,*,#1433,.T.);
#1854=ORIENTED_EDGE('',*,*,#1434,.T.);
#1855=ORIENTED_EDGE('',*,*,#1435,.T.);
#1856=ORIENTED_EDGE('',*,*,#1436,.T.);
#1857=ORIENTED_EDGE('',*,*,#1437,.F.);
#1858=ORIENTED_EDGE('',*,*,#1438,.T.);
#1859=ORIENTED_EDGE('',*,*,#1439,.T.);
#1860=ORIENTED_EDGE('',*,*,#1440,.T.);
#1861=ORIENTED_EDGE('',*,*,#1441,.T.);
#1862=ORIENTED_EDGE('',*,*,#1442,.T.);
#1863=ORIENTED_EDGE('',*,*,#1443,.T.);
#1864=ORIENTED_EDGE('',*,*,#1444,.T.);
#1865=ORIENTED_EDGE('',*,*,#1445,.T.);
#1866=ORIENTED_EDGE('',*,*,#1446,.F.);
#1867=ORIENTED_EDGE('',*,*,#1447,.T.);
#1868=ORIENTED_EDGE('',*,*,#1448,.T.);
#1869=ORIENTED_EDGE('',*,*,#1449,.T.);
#1870=ORIENTED_EDGE('',*,*,#1450,.T.);
#1871=ORIENTED_EDGE('',*,*,#1428,.T.);
#1872=ORIENTED_EDGE('',*,*,#1415,.F.);
#1873=ORIENTED_EDGE('',*,*,#1451,.F.);
#1874=ORIENTED_EDGE('',*,*,#1431,.F.);
#1875=ORIENTED_EDGE('',*,*,#1452,.T.);
#1876=ORIENTED_EDGE('',*,*,#1453,.F.);
#1877=ORIENTED_EDGE('',*,*,#1454,.T.);
#1878=ORIENTED_EDGE('',*,*,#1455,.T.);
#1879=ORIENTED_EDGE('',*,*,#1456,.F.);
#1880=ORIENTED_EDGE('',*,*,#1457,.T.);
#1881=ORIENTED_EDGE('',*,*,#1458,.F.);
#1882=ORIENTED_EDGE('',*,*,#1459,.F.);
#1883=ORIENTED_EDGE('',*,*,#1424,.F.);
#1884=ORIENTED_EDGE('',*,*,#1427,.T.);
#1885=ORIENTED_EDGE('',*,*,#1460,.F.);
#1886=ORIENTED_EDGE('',*,*,#1461,.F.);
#1887=ORIENTED_EDGE('',*,*,#1462,.F.);
#1888=ORIENTED_EDGE('',*,*,#1463,.T.);
#1889=ORIENTED_EDGE('',*,*,#1461,.T.);
#1890=ORIENTED_EDGE('',*,*,#1464,.F.);
#1891=ORIENTED_EDGE('',*,*,#1465,.T.);
#1892=ORIENTED_EDGE('',*,*,#1466,.F.);
#1893=ORIENTED_EDGE('',*,*,#1467,.F.);
#1894=ORIENTED_EDGE('',*,*,#1468,.F.);
#1895=ORIENTED_EDGE('',*,*,#1425,.F.);
#1896=ORIENTED_EDGE('',*,*,#1422,.F.);
#1897=ORIENTED_EDGE('',*,*,#1469,.T.);
#1898=ORIENTED_EDGE('',*,*,#1470,.F.);
#1899=ORIENTED_EDGE('',*,*,#1471,.F.);
#1900=ORIENTED_EDGE('',*,*,#1426,.T.);
#1901=ORIENTED_EDGE('',*,*,#1468,.T.);
#1902=ORIENTED_EDGE('',*,*,#1472,.F.);
#1903=ORIENTED_EDGE('',*,*,#1453,.T.);
#1904=ORIENTED_EDGE('',*,*,#1473,.F.);
#1905=ORIENTED_EDGE('',*,*,#1464,.T.);
#1906=ORIENTED_EDGE('',*,*,#1460,.T.);
#1907=ORIENTED_EDGE('',*,*,#1473,.T.);
#1908=ORIENTED_EDGE('',*,*,#1474,.T.);
#1909=ORIENTED_EDGE('',*,*,#1475,.F.);
#1910=ORIENTED_EDGE('',*,*,#1476,.T.);
#1911=ORIENTED_EDGE('',*,*,#1467,.T.);
#1912=ORIENTED_EDGE('',*,*,#1477,.T.);
#1913=ORIENTED_EDGE('',*,*,#1419,.F.);
#1914=ORIENTED_EDGE('',*,*,#1478,.T.);
#1915=ORIENTED_EDGE('',*,*,#1479,.T.);
#1916=ORIENTED_EDGE('',*,*,#1480,.T.);
#1917=ORIENTED_EDGE('',*,*,#1481,.T.);
#1918=ORIENTED_EDGE('',*,*,#1482,.T.);
#1919=ORIENTED_EDGE('',*,*,#1483,.T.);
#1920=ORIENTED_EDGE('',*,*,#1472,.T.);
#1921=ORIENTED_EDGE('',*,*,#1484,.F.);
#1922=ORIENTED_EDGE('',*,*,#1471,.T.);
#1923=ORIENTED_EDGE('',*,*,#1485,.F.);
#1924=ORIENTED_EDGE('',*,*,#1457,.F.);
#1925=ORIENTED_EDGE('',*,*,#1421,.T.);
#1926=ORIENTED_EDGE('',*,*,#1459,.T.);
#1927=ORIENTED_EDGE('',*,*,#1486,.F.);
#1928=ORIENTED_EDGE('',*,*,#1469,.F.);
#1929=ORIENTED_EDGE('',*,*,#1486,.T.);
#1930=ORIENTED_EDGE('',*,*,#1458,.T.);
#1931=ORIENTED_EDGE('',*,*,#1485,.T.);
#1932=ORIENTED_EDGE('',*,*,#1470,.T.);
#1933=ORIENTED_EDGE('',*,*,#1487,.F.);
#1934=ORIENTED_EDGE('',*,*,#1488,.F.);
#1935=ORIENTED_EDGE('',*,*,#1489,.T.);
#1936=ORIENTED_EDGE('',*,*,#1490,.F.);
#1937=ORIENTED_EDGE('',*,*,#1491,.F.);
#1938=ORIENTED_EDGE('',*,*,#1492,.F.);
#1939=ORIENTED_EDGE('',*,*,#1493,.T.);
#1940=ORIENTED_EDGE('',*,*,#1494,.T.);
#1941=ORIENTED_EDGE('',*,*,#1495,.F.);
#1942=ORIENTED_EDGE('',*,*,#1494,.F.);
#1943=ORIENTED_EDGE('',*,*,#1496,.T.);
#1944=ORIENTED_EDGE('',*,*,#1488,.T.);
#1945=ORIENTED_EDGE('',*,*,#1497,.F.);
#1946=ORIENTED_EDGE('',*,*,#1498,.F.);
#1947=ORIENTED_EDGE('',*,*,#1499,.T.);
#1948=ORIENTED_EDGE('',*,*,#1500,.T.);
#1949=ORIENTED_EDGE('',*,*,#1501,.F.);
#1950=ORIENTED_EDGE('',*,*,#1500,.F.);
#1951=ORIENTED_EDGE('',*,*,#1502,.T.);
#1952=ORIENTED_EDGE('',*,*,#1503,.F.);
#1953=ORIENTED_EDGE('',*,*,#1504,.F.);
#1954=ORIENTED_EDGE('',*,*,#1505,.F.);
#1955=ORIENTED_EDGE('',*,*,#1506,.T.);
#1956=ORIENTED_EDGE('',*,*,#1498,.T.);
#1957=ORIENTED_EDGE('',*,*,#1491,.T.);
#1958=ORIENTED_EDGE('',*,*,#1495,.T.);
#1959=ORIENTED_EDGE('',*,*,#1487,.T.);
#1960=ORIENTED_EDGE('',*,*,#1507,.F.);
#1961=ORIENTED_EDGE('',*,*,#1508,.F.);
#1962=ORIENTED_EDGE('',*,*,#1509,.F.);
#1963=ORIENTED_EDGE('',*,*,#1510,.F.);
#1964=ORIENTED_EDGE('',*,*,#1511,.F.);
#1965=ORIENTED_EDGE('',*,*,#1512,.T.);
#1966=ORIENTED_EDGE('',*,*,#1513,.F.);
#1967=ORIENTED_EDGE('',*,*,#1514,.T.);
#1968=ORIENTED_EDGE('',*,*,#1504,.T.);
#1969=ORIENTED_EDGE('',*,*,#1497,.T.);
#1970=ORIENTED_EDGE('',*,*,#1501,.T.);
#1971=ORIENTED_EDGE('',*,*,#1515,.T.);
#1972=ORIENTED_EDGE('',*,*,#1516,.T.);
#1973=ORIENTED_EDGE('',*,*,#1517,.T.);
#1974=ORIENTED_EDGE('',*,*,#1518,.T.);
#1975=ORIENTED_EDGE('',*,*,#1519,.T.);
#1976=ORIENTED_EDGE('',*,*,#1520,.F.);
#1977=ORIENTED_EDGE('',*,*,#1521,.F.);
#1978=ORIENTED_EDGE('',*,*,#1522,.F.);
#1979=ORIENTED_EDGE('',*,*,#1523,.F.);
#1980=ORIENTED_EDGE('',*,*,#1524,.F.);
#1981=ORIENTED_EDGE('',*,*,#1525,.T.);
#1982=ORIENTED_EDGE('',*,*,#1505,.T.);
#1983=ORIENTED_EDGE('',*,*,#1525,.F.);
#1984=ORIENTED_EDGE('',*,*,#1526,.T.);
#1985=ORIENTED_EDGE('',*,*,#1527,.T.);
#1986=ORIENTED_EDGE('',*,*,#1490,.T.);
#1987=ORIENTED_EDGE('',*,*,#1528,.T.);
#1988=ORIENTED_EDGE('',*,*,#1529,.T.);
#1989=ORIENTED_EDGE('',*,*,#1507,.T.);
#1990=ORIENTED_EDGE('',*,*,#1492,.T.);
#1991=ORIENTED_EDGE('',*,*,#1513,.T.);
#1992=ORIENTED_EDGE('',*,*,#1530,.T.);
#1993=ORIENTED_EDGE('',*,*,#1531,.T.);
#1994=ORIENTED_EDGE('',*,*,#1532,.T.);
#1995=ORIENTED_EDGE('',*,*,#1533,.T.);
#1996=ORIENTED_EDGE('',*,*,#1534,.T.);
#1997=ORIENTED_EDGE('',*,*,#1535,.T.);
#1998=ORIENTED_EDGE('',*,*,#1536,.T.);
#1999=ORIENTED_EDGE('',*,*,#1515,.F.);
#2000=ORIENTED_EDGE('',*,*,#1503,.T.);
#2001=ORIENTED_EDGE('',*,*,#1537,.T.);
#2002=ORIENTED_EDGE('',*,*,#1538,.T.);
#2003=ORIENTED_EDGE('',*,*,#1539,.F.);
#2004=ORIENTED_EDGE('',*,*,#1540,.F.);
#2005=ORIENTED_EDGE('',*,*,#1541,.F.);
#2006=ORIENTED_EDGE('',*,*,#1542,.T.);
#2007=ORIENTED_EDGE('',*,*,#1543,.F.);
#2008=ORIENTED_EDGE('',*,*,#1544,.F.);
#2009=ORIENTED_EDGE('',*,*,#1539,.T.);
#2010=ORIENTED_EDGE('',*,*,#1545,.T.);
#2011=ORIENTED_EDGE('',*,*,#1546,.F.);
#2012=ORIENTED_EDGE('',*,*,#1547,.F.);
#2013=ORIENTED_EDGE('',*,*,#1543,.T.);
#2014=ORIENTED_EDGE('',*,*,#1541,.T.);
#2015=ORIENTED_EDGE('',*,*,#1548,.T.);
#2016=ORIENTED_EDGE('',*,*,#1549,.F.);
#2017=ORIENTED_EDGE('',*,*,#1550,.T.);
#2018=ORIENTED_EDGE('',*,*,#1551,.F.);
#2019=ORIENTED_EDGE('',*,*,#1552,.F.);
#2020=ORIENTED_EDGE('',*,*,#1553,.T.);
#2021=ORIENTED_EDGE('',*,*,#1523,.T.);
#2022=ORIENTED_EDGE('',*,*,#1554,.F.);
#2023=ORIENTED_EDGE('',*,*,#1555,.F.);
#2024=ORIENTED_EDGE('',*,*,#1551,.T.);
#2025=ORIENTED_EDGE('',*,*,#1522,.T.);
#2026=ORIENTED_EDGE('',*,*,#1556,.F.);
#2027=ORIENTED_EDGE('',*,*,#1557,.F.);
#2028=ORIENTED_EDGE('',*,*,#1554,.T.);
#2029=ORIENTED_EDGE('',*,*,#1521,.T.);
#2030=ORIENTED_EDGE('',*,*,#1558,.F.);
#2031=ORIENTED_EDGE('',*,*,#1559,.F.);
#2032=ORIENTED_EDGE('',*,*,#1556,.T.);
#2033=ORIENTED_EDGE('',*,*,#1520,.T.);
#2034=ORIENTED_EDGE('',*,*,#1553,.F.);
#2035=ORIENTED_EDGE('',*,*,#1560,.F.);
#2036=ORIENTED_EDGE('',*,*,#1526,.F.);
#2037=ORIENTED_EDGE('',*,*,#1524,.T.);
#2038=ORIENTED_EDGE('',*,*,#1558,.T.);
#2039=ORIENTED_EDGE('',*,*,#1519,.F.);
#2040=ORIENTED_EDGE('',*,*,#1561,.T.);
#2041=ORIENTED_EDGE('',*,*,#1562,.T.);
#2042=ORIENTED_EDGE('',*,*,#1563,.T.);
#2043=ORIENTED_EDGE('',*,*,#1564,.T.);
#2044=ORIENTED_EDGE('',*,*,#1565,.T.);
#2045=ORIENTED_EDGE('',*,*,#1566,.T.);
#2046=ORIENTED_EDGE('',*,*,#1567,.T.);
#2047=ORIENTED_EDGE('',*,*,#1568,.T.);
#2048=ORIENTED_EDGE('',*,*,#1549,.T.);
#2049=ORIENTED_EDGE('',*,*,#1569,.T.);
#2050=ORIENTED_EDGE('',*,*,#1570,.F.);
#2051=ORIENTED_EDGE('',*,*,#1571,.F.);
#2052=ORIENTED_EDGE('',*,*,#1572,.F.);
#2053=ORIENTED_EDGE('',*,*,#1573,.T.);
#2054=ORIENTED_EDGE('',*,*,#1574,.T.);
#2055=ORIENTED_EDGE('',*,*,#1575,.F.);
#2056=ORIENTED_EDGE('',*,*,#1576,.F.);
#2057=ORIENTED_EDGE('',*,*,#1574,.F.);
#2058=ORIENTED_EDGE('',*,*,#1577,.F.);
#2059=ORIENTED_EDGE('',*,*,#1578,.F.);
#2060=ORIENTED_EDGE('',*,*,#1579,.F.);
#2061=ORIENTED_EDGE('',*,*,#1578,.T.);
#2062=ORIENTED_EDGE('',*,*,#1580,.F.);
#2063=ORIENTED_EDGE('',*,*,#1581,.F.);
#2064=ORIENTED_EDGE('',*,*,#1582,.T.);
#2065=ORIENTED_EDGE('',*,*,#1583,.F.);
#2066=ORIENTED_EDGE('',*,*,#1584,.F.);
#2067=ORIENTED_EDGE('',*,*,#1582,.F.);
#2068=ORIENTED_EDGE('',*,*,#1585,.F.);
#2069=ORIENTED_EDGE('',*,*,#1586,.T.);
#2070=ORIENTED_EDGE('',*,*,#1587,.F.);
#2071=ORIENTED_EDGE('',*,*,#1586,.F.);
#2072=ORIENTED_EDGE('',*,*,#1588,.F.);
#2073=ORIENTED_EDGE('',*,*,#1589,.T.);
#2074=ORIENTED_EDGE('',*,*,#1590,.F.);
#2075=ORIENTED_EDGE('',*,*,#1589,.F.);
#2076=ORIENTED_EDGE('',*,*,#1591,.F.);
#2077=ORIENTED_EDGE('',*,*,#1592,.T.);
#2078=ORIENTED_EDGE('',*,*,#1593,.F.);
#2079=ORIENTED_EDGE('',*,*,#1592,.F.);
#2080=ORIENTED_EDGE('',*,*,#1594,.F.);
#2081=ORIENTED_EDGE('',*,*,#1595,.T.);
#2082=ORIENTED_EDGE('',*,*,#1596,.F.);
#2083=ORIENTED_EDGE('',*,*,#1595,.F.);
#2084=ORIENTED_EDGE('',*,*,#1597,.F.);
#2085=ORIENTED_EDGE('',*,*,#1571,.T.);
#2086=ORIENTED_EDGE('',*,*,#1598,.F.);
#2087=ORIENTED_EDGE('',*,*,#1580,.T.);
#2088=ORIENTED_EDGE('',*,*,#1577,.T.);
#2089=ORIENTED_EDGE('',*,*,#1573,.F.);
#2090=ORIENTED_EDGE('',*,*,#1408,.T.);
#2091=ORIENTED_EDGE('',*,*,#1420,.F.);
#2092=ORIENTED_EDGE('',*,*,#1477,.F.);
#2093=ORIENTED_EDGE('',*,*,#1466,.T.);
#2094=ORIENTED_EDGE('',*,*,#1484,.T.);
#2095=ORIENTED_EDGE('',*,*,#1456,.T.);
#2096=ORIENTED_EDGE('',*,*,#1599,.F.);
#2097=ORIENTED_EDGE('',*,*,#1600,.F.);
#2098=ORIENTED_EDGE('',*,*,#1601,.T.);
#2099=ORIENTED_EDGE('',*,*,#1602,.T.);
#2100=ORIENTED_EDGE('',*,*,#1575,.T.);
#2101=ORIENTED_EDGE('',*,*,#1576,.T.);
#2102=ORIENTED_EDGE('',*,*,#1579,.T.);
#2103=ORIENTED_EDGE('',*,*,#1603,.T.);
#2104=ORIENTED_EDGE('',*,*,#1604,.T.);
#2105=ORIENTED_EDGE('',*,*,#1605,.F.);
#2106=ORIENTED_EDGE('',*,*,#1528,.F.);
#2107=ORIENTED_EDGE('',*,*,#1489,.F.);
#2108=ORIENTED_EDGE('',*,*,#1496,.F.);
#2109=ORIENTED_EDGE('',*,*,#1493,.F.);
#2110=ORIENTED_EDGE('',*,*,#1537,.F.);
#2111=ORIENTED_EDGE('',*,*,#1502,.F.);
#2112=ORIENTED_EDGE('',*,*,#1499,.F.);
#2113=ORIENTED_EDGE('',*,*,#1506,.F.);
#2114=ORIENTED_EDGE('',*,*,#1527,.F.);
#2115=ORIENTED_EDGE('',*,*,#1560,.T.);
#2116=ORIENTED_EDGE('',*,*,#1552,.T.);
#2117=ORIENTED_EDGE('',*,*,#1555,.T.);
#2118=ORIENTED_EDGE('',*,*,#1557,.T.);
#2119=ORIENTED_EDGE('',*,*,#1559,.T.);
#2120=ORIENTED_EDGE('',*,*,#1569,.F.);
#2121=ORIENTED_EDGE('',*,*,#1548,.F.);
#2122=ORIENTED_EDGE('',*,*,#1540,.T.);
#2123=ORIENTED_EDGE('',*,*,#1544,.T.);
#2124=ORIENTED_EDGE('',*,*,#1547,.T.);
#2125=ORIENTED_EDGE('',*,*,#1606,.F.);
#2126=ORIENTED_EDGE('',*,*,#1607,.T.);
#2127=ORIENTED_EDGE('',*,*,#1608,.T.);
#2128=ORIENTED_EDGE('',*,*,#1609,.T.);
#2129=ORIENTED_EDGE('',*,*,#1410,.T.);
#2130=ORIENTED_EDGE('',*,*,#1391,.T.);
#2131=ORIENTED_EDGE('',*,*,#1395,.T.);
#2132=ORIENTED_EDGE('',*,*,#1398,.T.);
#2133=ORIENTED_EDGE('',*,*,#1401,.T.);
#2134=ORIENTED_EDGE('',*,*,#1570,.T.);
#2135=ORIENTED_EDGE('',*,*,#1602,.F.);
#2136=ORIENTED_EDGE('',*,*,#1610,.T.);
#2137=ORIENTED_EDGE('',*,*,#1611,.F.);
#2138=ORIENTED_EDGE('',*,*,#1612,.F.);
#2139=ORIENTED_EDGE('',*,*,#1613,.F.);
#2140=ORIENTED_EDGE('',*,*,#1614,.F.);
#2141=ORIENTED_EDGE('',*,*,#1615,.F.);
#2142=ORIENTED_EDGE('',*,*,#1616,.F.);
#2143=ORIENTED_EDGE('',*,*,#1617,.F.);
#2144=ORIENTED_EDGE('',*,*,#1618,.F.);
#2145=ORIENTED_EDGE('',*,*,#1619,.F.);
#2146=ORIENTED_EDGE('',*,*,#1620,.F.);
#2147=ORIENTED_EDGE('',*,*,#1603,.F.);
#2148=ORIENTED_EDGE('',*,*,#1583,.T.);
#2149=ORIENTED_EDGE('',*,*,#1584,.T.);
#2150=ORIENTED_EDGE('',*,*,#1587,.T.);
#2151=ORIENTED_EDGE('',*,*,#1590,.T.);
#2152=ORIENTED_EDGE('',*,*,#1593,.T.);
#2153=ORIENTED_EDGE('',*,*,#1596,.T.);
#2154=ORIENTED_EDGE('',*,*,#1621,.F.);
#2155=ORIENTED_EDGE('',*,*,#1622,.F.);
#2156=ORIENTED_EDGE('',*,*,#1623,.F.);
#2157=ORIENTED_EDGE('',*,*,#1607,.F.);
#2158=ORIENTED_EDGE('',*,*,#1609,.F.);
#2159=ORIENTED_EDGE('',*,*,#1624,.T.);
#2160=ORIENTED_EDGE('',*,*,#1625,.F.);
#2161=ORIENTED_EDGE('',*,*,#1412,.F.);
#2162=ORIENTED_EDGE('',*,*,#1406,.T.);
#2163=ORIENTED_EDGE('',*,*,#1411,.F.);
#2164=ORIENTED_EDGE('',*,*,#1626,.F.);
#2165=ORIENTED_EDGE('',*,*,#1610,.F.);
#2166=ORIENTED_EDGE('',*,*,#1601,.F.);
#2167=ORIENTED_EDGE('',*,*,#1627,.F.);
#2168=ORIENTED_EDGE('',*,*,#1628,.F.);
#2169=ORIENTED_EDGE('',*,*,#1629,.F.);
#2170=ORIENTED_EDGE('',*,*,#1604,.F.);
#2171=ORIENTED_EDGE('',*,*,#1620,.T.);
#2172=ORIENTED_EDGE('',*,*,#1630,.F.);
#2173=ORIENTED_EDGE('',*,*,#1631,.F.);
#2174=ORIENTED_EDGE('',*,*,#1632,.F.);
#2175=ORIENTED_EDGE('',*,*,#1633,.F.);
#2176=ORIENTED_EDGE('',*,*,#1634,.F.);
#2177=ORIENTED_EDGE('',*,*,#1635,.F.);
#2178=ORIENTED_EDGE('',*,*,#1636,.F.);
#2179=ORIENTED_EDGE('',*,*,#1637,.F.);
#2180=ORIENTED_EDGE('',*,*,#1638,.F.);
#2181=ORIENTED_EDGE('',*,*,#1624,.F.);
#2182=ORIENTED_EDGE('',*,*,#1608,.F.);
#2183=ORIENTED_EDGE('',*,*,#1623,.T.);
#2184=ORIENTED_EDGE('',*,*,#1615,.T.);
#2185=ORIENTED_EDGE('',*,*,#1639,.T.);
#2186=ORIENTED_EDGE('',*,*,#1640,.T.);
#2187=ORIENTED_EDGE('',*,*,#1641,.T.);
#2188=ORIENTED_EDGE('',*,*,#1614,.T.);
#2189=ORIENTED_EDGE('',*,*,#1642,.F.);
#2190=ORIENTED_EDGE('',*,*,#1643,.F.);
#2191=ORIENTED_EDGE('',*,*,#1639,.F.);
#2192=ORIENTED_EDGE('',*,*,#1613,.T.);
#2193=ORIENTED_EDGE('',*,*,#1644,.F.);
#2194=ORIENTED_EDGE('',*,*,#1645,.F.);
#2195=ORIENTED_EDGE('',*,*,#1642,.T.);
#2196=ORIENTED_EDGE('',*,*,#1612,.T.);
#2197=ORIENTED_EDGE('',*,*,#1646,.F.);
#2198=ORIENTED_EDGE('',*,*,#1647,.F.);
#2199=ORIENTED_EDGE('',*,*,#1644,.T.);
#2200=ORIENTED_EDGE('',*,*,#1611,.T.);
#2201=ORIENTED_EDGE('',*,*,#1626,.T.);
#2202=ORIENTED_EDGE('',*,*,#1648,.F.);
#2203=ORIENTED_EDGE('',*,*,#1649,.F.);
#2204=ORIENTED_EDGE('',*,*,#1650,.F.);
#2205=ORIENTED_EDGE('',*,*,#1646,.T.);
#2206=ORIENTED_EDGE('',*,*,#1627,.T.);
#2207=ORIENTED_EDGE('',*,*,#1600,.T.);
#2208=ORIENTED_EDGE('',*,*,#1651,.F.);
#2209=ORIENTED_EDGE('',*,*,#1652,.T.);
#2210=ORIENTED_EDGE('',*,*,#1653,.T.);
#2211=ORIENTED_EDGE('',*,*,#1654,.T.);
#2212=ORIENTED_EDGE('',*,*,#1655,.T.);
#2213=ORIENTED_EDGE('',*,*,#1648,.T.);
#2214=ORIENTED_EDGE('',*,*,#1546,.T.);
#2215=ORIENTED_EDGE('',*,*,#1656,.T.);
#2216=ORIENTED_EDGE('',*,*,#1657,.T.);
#2217=ORIENTED_EDGE('',*,*,#1658,.T.);
#2218=ORIENTED_EDGE('',*,*,#1659,.T.);
#2219=ORIENTED_EDGE('',*,*,#1660,.T.);
#2220=ORIENTED_EDGE('',*,*,#1621,.T.);
#2221=ORIENTED_EDGE('',*,*,#1606,.T.);
#2222=ORIENTED_EDGE('',*,*,#1625,.T.);
#2223=ORIENTED_EDGE('',*,*,#1638,.T.);
#2224=ORIENTED_EDGE('',*,*,#1661,.F.);
#2225=ORIENTED_EDGE('',*,*,#1433,.F.);
#2226=ORIENTED_EDGE('',*,*,#1662,.T.);
#2227=ORIENTED_EDGE('',*,*,#1413,.F.);
#2228=ORIENTED_EDGE('',*,*,#1637,.T.);
#2229=ORIENTED_EDGE('',*,*,#1663,.F.);
#2230=ORIENTED_EDGE('',*,*,#1434,.F.);
#2231=ORIENTED_EDGE('',*,*,#1661,.T.);
#2232=ORIENTED_EDGE('',*,*,#1636,.T.);
#2233=ORIENTED_EDGE('',*,*,#1664,.F.);
#2234=ORIENTED_EDGE('',*,*,#1435,.F.);
#2235=ORIENTED_EDGE('',*,*,#1663,.T.);
#2236=ORIENTED_EDGE('',*,*,#1665,.F.);
#2237=ORIENTED_EDGE('',*,*,#1666,.T.);
#2238=ORIENTED_EDGE('',*,*,#1514,.F.);
#2239=ORIENTED_EDGE('',*,*,#1666,.F.);
#2240=ORIENTED_EDGE('',*,*,#1667,.F.);
#2241=ORIENTED_EDGE('',*,*,#1668,.T.);
#2242=ORIENTED_EDGE('',*,*,#1669,.T.);
#2243=ORIENTED_EDGE('',*,*,#1668,.F.);
#2244=ORIENTED_EDGE('',*,*,#1669,.F.);
#2245=ORIENTED_EDGE('',*,*,#1665,.T.);
#2246=ORIENTED_EDGE('',*,*,#1670,.F.);
#2247=ORIENTED_EDGE('',*,*,#1671,.T.);
#2248=ORIENTED_EDGE('',*,*,#1672,.F.);
#2249=ORIENTED_EDGE('',*,*,#1671,.F.);
#2250=ORIENTED_EDGE('',*,*,#1673,.F.);
#2251=ORIENTED_EDGE('',*,*,#1674,.T.);
#2252=ORIENTED_EDGE('',*,*,#1675,.T.);
#2253=ORIENTED_EDGE('',*,*,#1674,.F.);
#2254=ORIENTED_EDGE('',*,*,#1675,.F.);
#2255=ORIENTED_EDGE('',*,*,#1670,.T.);
#2256=ORIENTED_EDGE('',*,*,#1676,.F.);
#2257=ORIENTED_EDGE('',*,*,#1677,.T.);
#2258=ORIENTED_EDGE('',*,*,#1678,.F.);
#2259=ORIENTED_EDGE('',*,*,#1677,.F.);
#2260=ORIENTED_EDGE('',*,*,#1679,.F.);
#2261=ORIENTED_EDGE('',*,*,#1680,.T.);
#2262=ORIENTED_EDGE('',*,*,#1681,.T.);
#2263=ORIENTED_EDGE('',*,*,#1680,.F.);
#2264=ORIENTED_EDGE('',*,*,#1681,.F.);
#2265=ORIENTED_EDGE('',*,*,#1676,.T.);
#2266=ORIENTED_EDGE('',*,*,#1682,.F.);
#2267=ORIENTED_EDGE('',*,*,#1683,.T.);
#2268=ORIENTED_EDGE('',*,*,#1684,.F.);
#2269=ORIENTED_EDGE('',*,*,#1683,.F.);
#2270=ORIENTED_EDGE('',*,*,#1685,.F.);
#2271=ORIENTED_EDGE('',*,*,#1686,.T.);
#2272=ORIENTED_EDGE('',*,*,#1687,.T.);
#2273=ORIENTED_EDGE('',*,*,#1686,.F.);
#2274=ORIENTED_EDGE('',*,*,#1687,.F.);
#2275=ORIENTED_EDGE('',*,*,#1682,.T.);
#2276=ORIENTED_EDGE('',*,*,#1616,.T.);
#2277=ORIENTED_EDGE('',*,*,#1641,.F.);
#2278=ORIENTED_EDGE('',*,*,#1688,.F.);
#2279=ORIENTED_EDGE('',*,*,#1689,.T.);
#2280=ORIENTED_EDGE('',*,*,#1617,.T.);
#2281=ORIENTED_EDGE('',*,*,#1689,.F.);
#2282=ORIENTED_EDGE('',*,*,#1690,.F.);
#2283=ORIENTED_EDGE('',*,*,#1691,.T.);
#2284=ORIENTED_EDGE('',*,*,#1618,.T.);
#2285=ORIENTED_EDGE('',*,*,#1691,.F.);
#2286=ORIENTED_EDGE('',*,*,#1692,.F.);
#2287=ORIENTED_EDGE('',*,*,#1693,.T.);
#2288=ORIENTED_EDGE('',*,*,#1619,.T.);
#2289=ORIENTED_EDGE('',*,*,#1693,.F.);
#2290=ORIENTED_EDGE('',*,*,#1694,.F.);
#2291=ORIENTED_EDGE('',*,*,#1695,.T.);
#2292=ORIENTED_EDGE('',*,*,#1696,.F.);
#2293=ORIENTED_EDGE('',*,*,#1628,.T.);
#2294=ORIENTED_EDGE('',*,*,#1697,.F.);
#2295=ORIENTED_EDGE('',*,*,#1698,.T.);
#2296=ORIENTED_EDGE('',*,*,#1699,.F.);
#2297=ORIENTED_EDGE('',*,*,#1695,.F.);
#2298=ORIENTED_EDGE('',*,*,#1700,.F.);
#2299=ORIENTED_EDGE('',*,*,#1701,.T.);
#2300=ORIENTED_EDGE('',*,*,#1702,.F.);
#2301=ORIENTED_EDGE('',*,*,#1698,.F.);
#2302=ORIENTED_EDGE('',*,*,#1703,.F.);
#2303=ORIENTED_EDGE('',*,*,#1509,.T.);
#2304=ORIENTED_EDGE('',*,*,#1704,.F.);
#2305=ORIENTED_EDGE('',*,*,#1701,.F.);
#2306=ORIENTED_EDGE('',*,*,#1705,.F.);
#2307=ORIENTED_EDGE('',*,*,#1706,.T.);
#2308=ORIENTED_EDGE('',*,*,#1654,.F.);
#2309=ORIENTED_EDGE('',*,*,#1707,.F.);
#2310=ORIENTED_EDGE('',*,*,#1708,.F.);
#2311=ORIENTED_EDGE('',*,*,#1649,.T.);
#2312=ORIENTED_EDGE('',*,*,#1655,.F.);
#2313=ORIENTED_EDGE('',*,*,#1706,.F.);
#2314=ORIENTED_EDGE('',*,*,#1709,.F.);
#2315=ORIENTED_EDGE('',*,*,#1707,.T.);
#2316=ORIENTED_EDGE('',*,*,#1653,.F.);
#2317=ORIENTED_EDGE('',*,*,#1710,.F.);
#2318=ORIENTED_EDGE('',*,*,#1629,.T.);
#2319=ORIENTED_EDGE('',*,*,#1696,.T.);
#2320=ORIENTED_EDGE('',*,*,#1699,.T.);
#2321=ORIENTED_EDGE('',*,*,#1702,.T.);
#2322=ORIENTED_EDGE('',*,*,#1704,.T.);
#2323=ORIENTED_EDGE('',*,*,#1508,.T.);
#2324=ORIENTED_EDGE('',*,*,#1529,.F.);
#2325=ORIENTED_EDGE('',*,*,#1605,.T.);
#2326=ORIENTED_EDGE('',*,*,#1711,.F.);
#2327=ORIENTED_EDGE('',*,*,#1712,.F.);
#2328=ORIENTED_EDGE('',*,*,#1713,.F.);
#2329=ORIENTED_EDGE('',*,*,#1714,.F.);
#2330=ORIENTED_EDGE('',*,*,#1710,.T.);
#2331=ORIENTED_EDGE('',*,*,#1652,.F.);
#2332=ORIENTED_EDGE('',*,*,#1672,.T.);
#2333=ORIENTED_EDGE('',*,*,#1715,.F.);
#2334=ORIENTED_EDGE('',*,*,#1716,.T.);
#2335=ORIENTED_EDGE('',*,*,#1465,.F.);
#2336=ORIENTED_EDGE('',*,*,#1476,.F.);
#2337=ORIENTED_EDGE('',*,*,#1717,.F.);
#2338=ORIENTED_EDGE('',*,*,#1718,.F.);
#2339=ORIENTED_EDGE('',*,*,#1719,.T.);
#2340=ORIENTED_EDGE('',*,*,#1720,.F.);
#2341=ORIENTED_EDGE('',*,*,#1463,.F.);
#2342=ORIENTED_EDGE('',*,*,#1716,.F.);
#2343=ORIENTED_EDGE('',*,*,#1721,.F.);
#2344=ORIENTED_EDGE('',*,*,#1722,.T.);
#2345=ORIENTED_EDGE('',*,*,#1723,.F.);
#2346=ORIENTED_EDGE('',*,*,#1719,.F.);
#2347=ORIENTED_EDGE('',*,*,#1724,.F.);
#2348=ORIENTED_EDGE('',*,*,#1725,.T.);
#2349=ORIENTED_EDGE('',*,*,#1726,.F.);
#2350=ORIENTED_EDGE('',*,*,#1722,.F.);
#2351=ORIENTED_EDGE('',*,*,#1727,.F.);
#2352=ORIENTED_EDGE('',*,*,#1728,.T.);
#2353=ORIENTED_EDGE('',*,*,#1729,.F.);
#2354=ORIENTED_EDGE('',*,*,#1725,.F.);
#2355=ORIENTED_EDGE('',*,*,#1730,.F.);
#2356=ORIENTED_EDGE('',*,*,#1731,.T.);
#2357=ORIENTED_EDGE('',*,*,#1732,.F.);
#2358=ORIENTED_EDGE('',*,*,#1728,.F.);
#2359=ORIENTED_EDGE('',*,*,#1733,.F.);
#2360=ORIENTED_EDGE('',*,*,#1712,.T.);
#2361=ORIENTED_EDGE('',*,*,#1734,.F.);
#2362=ORIENTED_EDGE('',*,*,#1731,.F.);
#2363=ORIENTED_EDGE('',*,*,#1735,.F.);
#2364=ORIENTED_EDGE('',*,*,#1736,.T.);
#2365=ORIENTED_EDGE('',*,*,#1480,.F.);
#2366=ORIENTED_EDGE('',*,*,#1737,.F.);
#2367=ORIENTED_EDGE('',*,*,#1738,.F.);
#2368=ORIENTED_EDGE('',*,*,#1739,.T.);
#2369=ORIENTED_EDGE('',*,*,#1481,.F.);
#2370=ORIENTED_EDGE('',*,*,#1736,.F.);
#2371=ORIENTED_EDGE('',*,*,#1740,.F.);
#2372=ORIENTED_EDGE('',*,*,#1741,.T.);
#2373=ORIENTED_EDGE('',*,*,#1482,.F.);
#2374=ORIENTED_EDGE('',*,*,#1739,.F.);
#2375=ORIENTED_EDGE('',*,*,#1742,.F.);
#2376=ORIENTED_EDGE('',*,*,#1743,.T.);
#2377=ORIENTED_EDGE('',*,*,#1454,.F.);
#2378=ORIENTED_EDGE('',*,*,#1483,.F.);
#2379=ORIENTED_EDGE('',*,*,#1741,.F.);
#2380=ORIENTED_EDGE('',*,*,#1744,.F.);
#2381=ORIENTED_EDGE('',*,*,#1745,.T.);
#2382=ORIENTED_EDGE('',*,*,#1455,.F.);
#2383=ORIENTED_EDGE('',*,*,#1743,.F.);
#2384=ORIENTED_EDGE('',*,*,#1746,.F.);
#2385=ORIENTED_EDGE('',*,*,#1747,.F.);
#2386=ORIENTED_EDGE('',*,*,#1474,.F.);
#2387=ORIENTED_EDGE('',*,*,#1452,.F.);
#2388=ORIENTED_EDGE('',*,*,#1745,.F.);
#2389=ORIENTED_EDGE('',*,*,#1748,.F.);
#2390=ORIENTED_EDGE('',*,*,#1737,.T.);
#2391=ORIENTED_EDGE('',*,*,#1479,.F.);
#2392=ORIENTED_EDGE('',*,*,#1749,.F.);
#2393=ORIENTED_EDGE('',*,*,#1717,.T.);
#2394=ORIENTED_EDGE('',*,*,#1475,.T.);
#2395=ORIENTED_EDGE('',*,*,#1747,.T.);
#2396=ORIENTED_EDGE('',*,*,#1750,.T.);
#2397=ORIENTED_EDGE('',*,*,#1713,.T.);
#2398=ORIENTED_EDGE('',*,*,#1733,.T.);
#2399=ORIENTED_EDGE('',*,*,#1730,.T.);
#2400=ORIENTED_EDGE('',*,*,#1727,.T.);
#2401=ORIENTED_EDGE('',*,*,#1724,.T.);
#2402=ORIENTED_EDGE('',*,*,#1721,.T.);
#2403=ORIENTED_EDGE('',*,*,#1718,.T.);
#2404=ORIENTED_EDGE('',*,*,#1715,.T.);
#2405=ORIENTED_EDGE('',*,*,#1750,.F.);
#2406=ORIENTED_EDGE('',*,*,#1746,.T.);
#2407=ORIENTED_EDGE('',*,*,#1744,.T.);
#2408=ORIENTED_EDGE('',*,*,#1742,.T.);
#2409=ORIENTED_EDGE('',*,*,#1740,.T.);
#2410=ORIENTED_EDGE('',*,*,#1738,.T.);
#2411=ORIENTED_EDGE('',*,*,#1735,.T.);
#2412=ORIENTED_EDGE('',*,*,#1748,.T.);
#2413=ORIENTED_EDGE('',*,*,#1751,.T.);
#2414=ORIENTED_EDGE('',*,*,#1448,.F.);
#2415=ORIENTED_EDGE('',*,*,#1752,.T.);
#2416=ORIENTED_EDGE('',*,*,#1753,.T.);
#2417=ORIENTED_EDGE('',*,*,#1418,.F.);
#2418=ORIENTED_EDGE('',*,*,#1754,.F.);
#2419=ORIENTED_EDGE('',*,*,#1449,.F.);
#2420=ORIENTED_EDGE('',*,*,#1751,.F.);
#2421=ORIENTED_EDGE('',*,*,#1749,.T.);
#2422=ORIENTED_EDGE('',*,*,#1478,.F.);
#2423=ORIENTED_EDGE('',*,*,#1678,.T.);
#2424=ORIENTED_EDGE('',*,*,#1635,.T.);
#2425=ORIENTED_EDGE('',*,*,#1755,.F.);
#2426=ORIENTED_EDGE('',*,*,#1436,.F.);
#2427=ORIENTED_EDGE('',*,*,#1664,.T.);
#2428=ORIENTED_EDGE('',*,*,#1432,.F.);
#2429=ORIENTED_EDGE('',*,*,#1451,.T.);
#2430=ORIENTED_EDGE('',*,*,#1414,.F.);
#2431=ORIENTED_EDGE('',*,*,#1662,.F.);
#2432=ORIENTED_EDGE('',*,*,#1430,.T.);
#2433=ORIENTED_EDGE('',*,*,#1450,.F.);
#2434=ORIENTED_EDGE('',*,*,#1754,.T.);
#2435=ORIENTED_EDGE('',*,*,#1417,.F.);
#2436=ORIENTED_EDGE('',*,*,#1443,.F.);
#2437=ORIENTED_EDGE('',*,*,#1756,.T.);
#2438=ORIENTED_EDGE('',*,*,#1658,.F.);
#2439=ORIENTED_EDGE('',*,*,#1757,.F.);
#2440=ORIENTED_EDGE('',*,*,#1442,.F.);
#2441=ORIENTED_EDGE('',*,*,#1758,.T.);
#2442=ORIENTED_EDGE('',*,*,#1659,.F.);
#2443=ORIENTED_EDGE('',*,*,#1756,.F.);
#2444=ORIENTED_EDGE('',*,*,#1622,.T.);
#2445=ORIENTED_EDGE('',*,*,#1660,.F.);
#2446=ORIENTED_EDGE('',*,*,#1758,.F.);
#2447=ORIENTED_EDGE('',*,*,#1441,.F.);
#2448=ORIENTED_EDGE('',*,*,#1759,.T.);
#2449=ORIENTED_EDGE('',*,*,#1630,.T.);
#2450=ORIENTED_EDGE('',*,*,#1631,.T.);
#2451=ORIENTED_EDGE('',*,*,#1759,.F.);
#2452=ORIENTED_EDGE('',*,*,#1440,.F.);
#2453=ORIENTED_EDGE('',*,*,#1760,.T.);
#2454=ORIENTED_EDGE('',*,*,#1632,.T.);
#2455=ORIENTED_EDGE('',*,*,#1760,.F.);
#2456=ORIENTED_EDGE('',*,*,#1439,.F.);
#2457=ORIENTED_EDGE('',*,*,#1761,.T.);
#2458=ORIENTED_EDGE('',*,*,#1633,.T.);
#2459=ORIENTED_EDGE('',*,*,#1761,.F.);
#2460=ORIENTED_EDGE('',*,*,#1438,.F.);
#2461=ORIENTED_EDGE('',*,*,#1762,.F.);
#2462=ORIENTED_EDGE('',*,*,#1444,.F.);
#2463=ORIENTED_EDGE('',*,*,#1757,.T.);
#2464=ORIENTED_EDGE('',*,*,#1657,.F.);
#2465=ORIENTED_EDGE('',*,*,#1763,.F.);
#2466=ORIENTED_EDGE('',*,*,#1634,.T.);
#2467=ORIENTED_EDGE('',*,*,#1762,.T.);
#2468=ORIENTED_EDGE('',*,*,#1437,.T.);
#2469=ORIENTED_EDGE('',*,*,#1755,.T.);
#2470=ORIENTED_EDGE('',*,*,#1568,.F.);
#2471=ORIENTED_EDGE('',*,*,#1764,.F.);
#2472=ORIENTED_EDGE('',*,*,#1765,.F.);
#2473=ORIENTED_EDGE('',*,*,#1445,.F.);
#2474=ORIENTED_EDGE('',*,*,#1763,.T.);
#2475=ORIENTED_EDGE('',*,*,#1656,.F.);
#2476=ORIENTED_EDGE('',*,*,#1545,.F.);
#2477=ORIENTED_EDGE('',*,*,#1542,.F.);
#2478=ORIENTED_EDGE('',*,*,#1538,.F.);
#2479=ORIENTED_EDGE('',*,*,#1550,.F.);
#2480=ORIENTED_EDGE('',*,*,#1684,.T.);
#2481=ORIENTED_EDGE('',*,*,#1766,.F.);
#2482=ORIENTED_EDGE('',*,*,#1767,.T.);
#2483=ORIENTED_EDGE('',*,*,#1561,.F.);
#2484=ORIENTED_EDGE('',*,*,#1518,.F.);
#2485=ORIENTED_EDGE('',*,*,#1768,.F.);
#2486=ORIENTED_EDGE('',*,*,#1769,.T.);
#2487=ORIENTED_EDGE('',*,*,#1562,.F.);
#2488=ORIENTED_EDGE('',*,*,#1767,.F.);
#2489=ORIENTED_EDGE('',*,*,#1770,.F.);
#2490=ORIENTED_EDGE('',*,*,#1771,.T.);
#2491=ORIENTED_EDGE('',*,*,#1563,.F.);
#2492=ORIENTED_EDGE('',*,*,#1769,.F.);
#2493=ORIENTED_EDGE('',*,*,#1772,.F.);
#2494=ORIENTED_EDGE('',*,*,#1773,.T.);
#2495=ORIENTED_EDGE('',*,*,#1564,.F.);
#2496=ORIENTED_EDGE('',*,*,#1771,.F.);
#2497=ORIENTED_EDGE('',*,*,#1774,.F.);
#2498=ORIENTED_EDGE('',*,*,#1775,.T.);
#2499=ORIENTED_EDGE('',*,*,#1565,.F.);
#2500=ORIENTED_EDGE('',*,*,#1773,.F.);
#2501=ORIENTED_EDGE('',*,*,#1776,.F.);
#2502=ORIENTED_EDGE('',*,*,#1777,.T.);
#2503=ORIENTED_EDGE('',*,*,#1566,.F.);
#2504=ORIENTED_EDGE('',*,*,#1775,.F.);
#2505=ORIENTED_EDGE('',*,*,#1778,.F.);
#2506=ORIENTED_EDGE('',*,*,#1764,.T.);
#2507=ORIENTED_EDGE('',*,*,#1567,.F.);
#2508=ORIENTED_EDGE('',*,*,#1777,.F.);
#2509=ORIENTED_EDGE('',*,*,#1779,.F.);
#2510=ORIENTED_EDGE('',*,*,#1780,.T.);
#2511=ORIENTED_EDGE('',*,*,#1531,.F.);
#2512=ORIENTED_EDGE('',*,*,#1781,.F.);
#2513=ORIENTED_EDGE('',*,*,#1782,.F.);
#2514=ORIENTED_EDGE('',*,*,#1783,.T.);
#2515=ORIENTED_EDGE('',*,*,#1532,.F.);
#2516=ORIENTED_EDGE('',*,*,#1780,.F.);
#2517=ORIENTED_EDGE('',*,*,#1784,.F.);
#2518=ORIENTED_EDGE('',*,*,#1785,.T.);
#2519=ORIENTED_EDGE('',*,*,#1533,.F.);
#2520=ORIENTED_EDGE('',*,*,#1783,.F.);
#2521=ORIENTED_EDGE('',*,*,#1786,.F.);
#2522=ORIENTED_EDGE('',*,*,#1787,.T.);
#2523=ORIENTED_EDGE('',*,*,#1534,.F.);
#2524=ORIENTED_EDGE('',*,*,#1785,.F.);
#2525=ORIENTED_EDGE('',*,*,#1788,.F.);
#2526=ORIENTED_EDGE('',*,*,#1789,.T.);
#2527=ORIENTED_EDGE('',*,*,#1535,.F.);
#2528=ORIENTED_EDGE('',*,*,#1787,.F.);
#2529=ORIENTED_EDGE('',*,*,#1790,.F.);
#2530=ORIENTED_EDGE('',*,*,#1516,.F.);
#2531=ORIENTED_EDGE('',*,*,#1536,.F.);
#2532=ORIENTED_EDGE('',*,*,#1789,.F.);
#2533=ORIENTED_EDGE('',*,*,#1791,.F.);
#2534=ORIENTED_EDGE('',*,*,#1781,.T.);
#2535=ORIENTED_EDGE('',*,*,#1530,.F.);
#2536=ORIENTED_EDGE('',*,*,#1512,.F.);
#2537=ORIENTED_EDGE('',*,*,#1688,.T.);
#2538=ORIENTED_EDGE('',*,*,#1640,.F.);
#2539=ORIENTED_EDGE('',*,*,#1643,.T.);
#2540=ORIENTED_EDGE('',*,*,#1645,.T.);
#2541=ORIENTED_EDGE('',*,*,#1647,.T.);
#2542=ORIENTED_EDGE('',*,*,#1650,.T.);
#2543=ORIENTED_EDGE('',*,*,#1708,.T.);
#2544=ORIENTED_EDGE('',*,*,#1705,.T.);
#2545=ORIENTED_EDGE('',*,*,#1709,.T.);
#2546=ORIENTED_EDGE('',*,*,#1714,.T.);
#2547=ORIENTED_EDGE('',*,*,#1753,.F.);
#2548=ORIENTED_EDGE('',*,*,#1792,.T.);
#2549=ORIENTED_EDGE('',*,*,#1793,.T.);
#2550=ORIENTED_EDGE('',*,*,#1510,.T.);
#2551=ORIENTED_EDGE('',*,*,#1703,.T.);
#2552=ORIENTED_EDGE('',*,*,#1700,.T.);
#2553=ORIENTED_EDGE('',*,*,#1697,.T.);
#2554=ORIENTED_EDGE('',*,*,#1694,.T.);
#2555=ORIENTED_EDGE('',*,*,#1692,.T.);
#2556=ORIENTED_EDGE('',*,*,#1690,.T.);
#2557=ORIENTED_EDGE('',*,*,#1585,.T.);
#2558=ORIENTED_EDGE('',*,*,#1581,.T.);
#2559=ORIENTED_EDGE('',*,*,#1598,.T.);
#2560=ORIENTED_EDGE('',*,*,#1572,.T.);
#2561=ORIENTED_EDGE('',*,*,#1597,.T.);
#2562=ORIENTED_EDGE('',*,*,#1594,.T.);
#2563=ORIENTED_EDGE('',*,*,#1591,.T.);
#2564=ORIENTED_EDGE('',*,*,#1588,.T.);
#2565=ORIENTED_EDGE('',*,*,#1765,.T.);
#2566=ORIENTED_EDGE('',*,*,#1778,.T.);
#2567=ORIENTED_EDGE('',*,*,#1776,.T.);
#2568=ORIENTED_EDGE('',*,*,#1774,.T.);
#2569=ORIENTED_EDGE('',*,*,#1772,.T.);
#2570=ORIENTED_EDGE('',*,*,#1770,.T.);
#2571=ORIENTED_EDGE('',*,*,#1768,.T.);
#2572=ORIENTED_EDGE('',*,*,#1766,.T.);
#2573=ORIENTED_EDGE('',*,*,#1517,.F.);
#2574=ORIENTED_EDGE('',*,*,#1790,.T.);
#2575=ORIENTED_EDGE('',*,*,#1788,.T.);
#2576=ORIENTED_EDGE('',*,*,#1786,.T.);
#2577=ORIENTED_EDGE('',*,*,#1784,.T.);
#2578=ORIENTED_EDGE('',*,*,#1782,.T.);
#2579=ORIENTED_EDGE('',*,*,#1779,.T.);
#2580=ORIENTED_EDGE('',*,*,#1791,.T.);
#2581=ORIENTED_EDGE('',*,*,#1511,.T.);
#2582=ORIENTED_EDGE('',*,*,#1793,.F.);
#2583=ORIENTED_EDGE('',*,*,#1794,.T.);
#2584=ORIENTED_EDGE('',*,*,#1446,.T.);
#2585=ORIENTED_EDGE('',*,*,#1462,.T.);
#2586=ORIENTED_EDGE('',*,*,#1720,.T.);
#2587=ORIENTED_EDGE('',*,*,#1723,.T.);
#2588=ORIENTED_EDGE('',*,*,#1726,.T.);
#2589=ORIENTED_EDGE('',*,*,#1729,.T.);
#2590=ORIENTED_EDGE('',*,*,#1732,.T.);
#2591=ORIENTED_EDGE('',*,*,#1734,.T.);
#2592=ORIENTED_EDGE('',*,*,#1711,.T.);
#2593=ORIENTED_EDGE('',*,*,#1651,.T.);
#2594=ORIENTED_EDGE('',*,*,#1599,.T.);
#2595=ORIENTED_EDGE('',*,*,#1794,.F.);
#2596=ORIENTED_EDGE('',*,*,#1792,.F.);
#2597=ORIENTED_EDGE('',*,*,#1752,.F.);
#2598=ORIENTED_EDGE('',*,*,#1447,.F.);
#2599=ORIENTED_EDGE('',*,*,#1667,.T.);
#2600=ORIENTED_EDGE('',*,*,#1673,.T.);
#2601=ORIENTED_EDGE('',*,*,#1679,.T.);
#2602=ORIENTED_EDGE('',*,*,#1685,.T.);
#2603=PLANE('',#2888);
#2604=PLANE('',#2889);
#2605=PLANE('',#2890);
#2606=PLANE('',#2891);
#2607=PLANE('',#2892);
#2608=PLANE('',#2896);
#2609=PLANE('',#2897);
#2610=PLANE('',#2898);
#2611=PLANE('',#2900);
#2612=PLANE('',#2901);
#2613=PLANE('',#2904);
#2614=PLANE('',#2905);
#2615=PLANE('',#2906);
#2616=PLANE('',#2907);
#2617=PLANE('',#2908);
#2618=PLANE('',#2909);
#2619=PLANE('',#2910);
#2620=PLANE('',#2911);
#2621=PLANE('',#2912);
#2622=PLANE('',#2913);
#2623=PLANE('',#2914);
#2624=PLANE('',#2915);
#2625=PLANE('',#2916);
#2626=PLANE('',#2917);
#2627=PLANE('',#2918);
#2628=PLANE('',#2919);
#2629=PLANE('',#2920);
#2630=PLANE('',#2921);
#2631=PLANE('',#2922);
#2632=PLANE('',#2924);
#2633=PLANE('',#2925);
#2634=PLANE('',#2926);
#2635=PLANE('',#2927);
#2636=PLANE('',#2928);
#2637=PLANE('',#2929);
#2638=PLANE('',#2930);
#2639=PLANE('',#2931);
#2640=PLANE('',#2932);
#2641=PLANE('',#2933);
#2642=PLANE('',#2934);
#2643=PLANE('',#2935);
#2644=PLANE('',#2936);
#2645=PLANE('',#2937);
#2646=PLANE('',#2942);
#2647=PLANE('',#2947);
#2648=PLANE('',#2951);
#2649=PLANE('',#2955);
#2650=PLANE('',#2956);
#2651=PLANE('',#2957);
#2652=PLANE('',#2958);
#2653=PLANE('',#2959);
#2654=PLANE('',#2960);
#2655=PLANE('',#2961);
#2656=PLANE('',#2962);
#2657=PLANE('',#2963);
#2658=PLANE('',#2964);
#2659=PLANE('',#2965);
#2660=PLANE('',#2966);
#2661=PLANE('',#2967);
#2662=PLANE('',#2968);
#2663=PLANE('',#2969);
#2664=PLANE('',#2970);
#2665=PLANE('',#2971);
#2666=PLANE('',#2972);
#2667=PLANE('',#2973);
#2668=PLANE('',#2979);
#2669=PLANE('',#2986);
#2670=PLANE('',#2993);
#2671=PLANE('',#3000);
#2672=PLANE('',#3001);
#2673=PLANE('',#3002);
#2674=PLANE('',#3003);
#2675=PLANE('',#3004);
#2676=PLANE('',#3005);
#2677=PLANE('',#3006);
#2678=PLANE('',#3007);
#2679=PLANE('',#3008);
#2680=PLANE('',#3009);
#2681=PLANE('',#3010);
#2682=PLANE('',#3011);
#2683=PLANE('',#3012);
#2684=PLANE('',#3013);
#2685=PLANE('',#3014);
#2686=PLANE('',#3015);
#2687=PLANE('',#3016);
#2688=PLANE('',#3017);
#2689=PLANE('',#3018);
#2690=PLANE('',#3019);
#2691=PLANE('',#3020);
#2692=PLANE('',#3021);
#2693=PLANE('',#3022);
#2694=PLANE('',#3023);
#2695=PLANE('',#3024);
#2696=PLANE('',#3025);
#2697=PLANE('',#3026);
#2698=PLANE('',#3027);
#2699=PLANE('',#3028);
#2700=PLANE('',#3029);
#2701=PLANE('',#3030);
#2702=PLANE('',#3031);
#2703=PLANE('',#3032);
#2704=PLANE('',#3033);
#2705=PLANE('',#3034);
#2706=PLANE('',#3035);
#2707=PLANE('',#3036);
#2708=PLANE('',#3037);
#2709=PLANE('',#3038);
#2710=PLANE('',#3039);
#2711=PLANE('',#3040);
#2712=PLANE('',#3041);
#2713=PLANE('',#3042);
#2714=PLANE('',#3043);
#2715=PLANE('',#3044);
#2716=PLANE('',#3045);
#2717=PLANE('',#3046);
#2718=PLANE('',#3047);
#2719=PLANE('',#3048);
#2720=PLANE('',#3049);
#2721=PLANE('',#3050);
#2722=PLANE('',#3051);
#2723=PLANE('',#3052);
#2724=PLANE('',#3053);
#2725=PLANE('',#3054);
#2726=PLANE('',#3055);
#2727=PLANE('',#3056);
#2728=PLANE('',#3057);
#2729=PLANE('',#3058);
#2730=PLANE('',#3059);
#2731=ADVANCED_FACE('',(#77),#2603,.T.);
#2732=ADVANCED_FACE('',(#78),#2604,.T.);
#2733=ADVANCED_FACE('',(#79),#2605,.T.);
#2734=ADVANCED_FACE('',(#80),#2606,.T.);
#2735=ADVANCED_FACE('',(#81),#2607,.T.);
#2736=ADVANCED_FACE('',(#82),#63,.F.);
#2737=ADVANCED_FACE('',(#83),#2608,.T.);
#2738=ADVANCED_FACE('',(#84),#2609,.T.);
#2739=ADVANCED_FACE('',(#85),#2610,.F.);
#2740=ADVANCED_FACE('',(#86),#2611,.T.);
#2741=ADVANCED_FACE('',(#87),#2612,.T.);
#2742=ADVANCED_FACE('',(#88),#64,.F.);
#2743=ADVANCED_FACE('',(#89),#2613,.T.);
#2744=ADVANCED_FACE('',(#90),#2614,.F.);
#2745=ADVANCED_FACE('',(#91),#2615,.T.);
#2746=ADVANCED_FACE('',(#92),#2616,.T.);
#2747=ADVANCED_FACE('',(#93),#2617,.T.);
#2748=ADVANCED_FACE('',(#94),#2618,.T.);
#2749=ADVANCED_FACE('',(#95),#2619,.T.);
#2750=ADVANCED_FACE('',(#96),#2620,.F.);
#2751=ADVANCED_FACE('',(#97),#2621,.F.);
#2752=ADVANCED_FACE('',(#98),#2622,.T.);
#2753=ADVANCED_FACE('',(#99),#2623,.T.);
#2754=ADVANCED_FACE('',(#100),#2624,.T.);
#2755=ADVANCED_FACE('',(#101),#2625,.F.);
#2756=ADVANCED_FACE('',(#102),#2626,.F.);
#2757=ADVANCED_FACE('',(#103),#2627,.F.);
#2758=ADVANCED_FACE('',(#104),#2628,.F.);
#2759=ADVANCED_FACE('',(#105),#2629,.F.);
#2760=ADVANCED_FACE('',(#106),#2630,.F.);
#2761=ADVANCED_FACE('',(#107,#19),#2631,.F.);
#2762=ADVANCED_FACE('',(#108),#2632,.T.);
#2763=ADVANCED_FACE('',(#109),#2633,.F.);
#2764=ADVANCED_FACE('',(#110),#2634,.F.);
#2765=ADVANCED_FACE('',(#111),#2635,.F.);
#2766=ADVANCED_FACE('',(#112),#2636,.T.);
#2767=ADVANCED_FACE('',(#113),#2637,.T.);
#2768=ADVANCED_FACE('',(#114),#2638,.T.);
#2769=ADVANCED_FACE('',(#115),#2639,.F.);
#2770=ADVANCED_FACE('',(#116),#2640,.T.);
#2771=ADVANCED_FACE('',(#117),#2641,.T.);
#2772=ADVANCED_FACE('',(#118),#2642,.T.);
#2773=ADVANCED_FACE('',(#119),#2643,.T.);
#2774=ADVANCED_FACE('',(#120),#2644,.T.);
#2775=ADVANCED_FACE('',(#121),#2645,.F.);
#2776=ADVANCED_FACE('',(#122),#65,.F.);
#2777=ADVANCED_FACE('',(#123),#2646,.T.);
#2778=ADVANCED_FACE('',(#124),#66,.F.);
#2779=ADVANCED_FACE('',(#125),#2647,.F.);
#2780=ADVANCED_FACE('',(#126),#67,.F.);
#2781=ADVANCED_FACE('',(#127),#2648,.F.);
#2782=ADVANCED_FACE('',(#128),#68,.F.);
#2783=ADVANCED_FACE('',(#129),#2649,.F.);
#2784=ADVANCED_FACE('',(#130),#2650,.F.);
#2785=ADVANCED_FACE('',(#131,#20),#2651,.F.);
#2786=ADVANCED_FACE('',(#132),#2652,.F.);
#2787=ADVANCED_FACE('',(#133),#2653,.F.);
#2788=ADVANCED_FACE('',(#134),#2654,.F.);
#2789=ADVANCED_FACE('',(#135),#2655,.F.);
#2790=ADVANCED_FACE('',(#136),#2656,.F.);
#2791=ADVANCED_FACE('',(#137),#2657,.F.);
#2792=ADVANCED_FACE('',(#138),#2658,.T.);
#2793=ADVANCED_FACE('',(#139),#2659,.F.);
#2794=ADVANCED_FACE('',(#140),#2660,.F.);
#2795=ADVANCED_FACE('',(#141),#2661,.F.);
#2796=ADVANCED_FACE('',(#142),#2662,.F.);
#2797=ADVANCED_FACE('',(#143),#2663,.F.);
#2798=ADVANCED_FACE('',(#144),#2664,.F.);
#2799=ADVANCED_FACE('',(#145),#2665,.F.);
#2800=ADVANCED_FACE('',(#146),#2666,.F.);
#2801=ADVANCED_FACE('',(#147),#2667,.F.);
#2802=ADVANCED_FACE('',(#148),#69,.F.);
#2803=ADVANCED_FACE('',(#149),#70,.F.);
#2804=ADVANCED_FACE('',(#150,#21),#2668,.T.);
#2805=ADVANCED_FACE('',(#151),#71,.F.);
#2806=ADVANCED_FACE('',(#152),#72,.F.);
#2807=ADVANCED_FACE('',(#153,#22),#2669,.T.);
#2808=ADVANCED_FACE('',(#154),#73,.F.);
#2809=ADVANCED_FACE('',(#155),#74,.F.);
#2810=ADVANCED_FACE('',(#156,#23),#2670,.T.);
#2811=ADVANCED_FACE('',(#157),#75,.F.);
#2812=ADVANCED_FACE('',(#158),#76,.F.);
#2813=ADVANCED_FACE('',(#159,#24),#2671,.T.);
#2814=ADVANCED_FACE('',(#160),#2672,.F.);
#2815=ADVANCED_FACE('',(#161),#2673,.F.);
#2816=ADVANCED_FACE('',(#162),#2674,.F.);
#2817=ADVANCED_FACE('',(#163),#2675,.F.);
#2818=ADVANCED_FACE('',(#164),#2676,.F.);
#2819=ADVANCED_FACE('',(#165),#2677,.F.);
#2820=ADVANCED_FACE('',(#166),#2678,.F.);
#2821=ADVANCED_FACE('',(#167),#2679,.F.);
#2822=ADVANCED_FACE('',(#168),#2680,.F.);
#2823=ADVANCED_FACE('',(#169),#2681,.F.);
#2824=ADVANCED_FACE('',(#170),#2682,.F.);
#2825=ADVANCED_FACE('',(#171,#25),#2683,.F.);
#2826=ADVANCED_FACE('',(#172),#2684,.F.);
#2827=ADVANCED_FACE('',(#173),#2685,.F.);
#2828=ADVANCED_FACE('',(#174),#2686,.F.);
#2829=ADVANCED_FACE('',(#175),#2687,.F.);
#2830=ADVANCED_FACE('',(#176),#2688,.F.);
#2831=ADVANCED_FACE('',(#177),#2689,.F.);
#2832=ADVANCED_FACE('',(#178),#2690,.F.);
#2833=ADVANCED_FACE('',(#179),#2691,.F.);
#2834=ADVANCED_FACE('',(#180),#2692,.F.);
#2835=ADVANCED_FACE('',(#181),#2693,.F.);
#2836=ADVANCED_FACE('',(#182),#2694,.F.);
#2837=ADVANCED_FACE('',(#183),#2695,.F.);
#2838=ADVANCED_FACE('',(#184),#2696,.F.);
#2839=ADVANCED_FACE('',(#185),#2697,.F.);
#2840=ADVANCED_FACE('',(#186),#2698,.T.);
#2841=ADVANCED_FACE('',(#187),#2699,.T.);
#2842=ADVANCED_FACE('',(#188,#26),#2700,.F.);
#2843=ADVANCED_FACE('',(#189),#2701,.F.);
#2844=ADVANCED_FACE('',(#190),#2702,.F.);
#2845=ADVANCED_FACE('',(#191),#2703,.F.);
#2846=ADVANCED_FACE('',(#192),#2704,.F.);
#2847=ADVANCED_FACE('',(#193),#2705,.F.);
#2848=ADVANCED_FACE('',(#194),#2706,.F.);
#2849=ADVANCED_FACE('',(#195),#2707,.F.);
#2850=ADVANCED_FACE('',(#196),#2708,.F.);
#2851=ADVANCED_FACE('',(#197),#2709,.F.);
#2852=ADVANCED_FACE('',(#198),#2710,.F.);
#2853=ADVANCED_FACE('',(#199),#2711,.T.);
#2854=ADVANCED_FACE('',(#200,#27),#2712,.F.);
#2855=ADVANCED_FACE('',(#201),#2713,.F.);
#2856=ADVANCED_FACE('',(#202),#2714,.F.);
#2857=ADVANCED_FACE('',(#203),#2715,.F.);
#2858=ADVANCED_FACE('',(#204),#2716,.F.);
#2859=ADVANCED_FACE('',(#205),#2717,.F.);
#2860=ADVANCED_FACE('',(#206),#2718,.F.);
#2861=ADVANCED_FACE('',(#207),#2719,.F.);
#2862=ADVANCED_FACE('',(#208),#2720,.F.);
#2863=ADVANCED_FACE('',(#209),#2721,.F.);
#2864=ADVANCED_FACE('',(#210),#2722,.F.);
#2865=ADVANCED_FACE('',(#211),#2723,.F.);
#2866=ADVANCED_FACE('',(#212),#2724,.F.);
#2867=ADVANCED_FACE('',(#213),#2725,.F.);
#2868=ADVANCED_FACE('',(#214),#2726,.F.);
#2869=ADVANCED_FACE('',(#215,#28),#2727,.T.);
#2870=ADVANCED_FACE('',(#216),#2728,.T.);
#2871=ADVANCED_FACE('',(#217),#2729,.F.);
#2872=ADVANCED_FACE('',(#218,#29,#30,#31,#32),#2730,.F.);
#2873=CLOSED_SHELL('',(#2731,#2732,#2733,#2734,#2735,#2736,#2737,#2738,
#2739,#2740,#2741,#2742,#2743,#2744,#2745,#2746,#2747,#2748,#2749,#2750,
#2751,#2752,#2753,#2754,#2755,#2756,#2757,#2758,#2759,#2760,#2761,#2762,
#2763,#2764,#2765,#2766,#2767,#2768,#2769,#2770,#2771,#2772,#2773,#2774,
#2775,#2776,#2777,#2778,#2779,#2780,#2781,#2782,#2783,#2784,#2785,#2786,
#2787,#2788,#2789,#2790,#2791,#2792,#2793,#2794,#2795,#2796,#2797,#2798,
#2799,#2800,#2801,#2802,#2803,#2804,#2805,#2806,#2807,#2808,#2809,#2810,
#2811,#2812,#2813,#2814,#2815,#2816,#2817,#2818,#2819,#2820,#2821,#2822,
#2823,#2824,#2825,#2826,#2827,#2828,#2829,#2830,#2831,#2832,#2833,#2834,
#2835,#2836,#2837,#2838,#2839,#2840,#2841,#2842,#2843,#2844,#2845,#2846,
#2847,#2848,#2849,#2850,#2851,#2852,#2853,#2854,#2855,#2856,#2857,#2858,
#2859,#2860,#2861,#2862,#2863,#2864,#2865,#2866,#2867,#2868,#2869,#2870,
#2871,#2872));
#2874=DERIVED_UNIT_ELEMENT(#2876,1.);
#2875=DERIVED_UNIT_ELEMENT(#4609,-3.);
#2876=(
MASS_UNIT()
NAMED_UNIT(*)
SI_UNIT(.KILO.,.GRAM.)
);
#2877=DERIVED_UNIT((#2874,#2875));
#2878=MEASURE_REPRESENTATION_ITEM('density measure',
POSITIVE_RATIO_MEASURE(7850.),#2877);
#2879=PROPERTY_DEFINITION_REPRESENTATION(#2884,#2881);
#2880=PROPERTY_DEFINITION_REPRESENTATION(#2885,#2882);
#2881=REPRESENTATION('material name',(#2883),#4606);
#2882=REPRESENTATION('density',(#2878),#4606);
#2883=DESCRIPTIVE_REPRESENTATION_ITEM('Steel','Steel');
#2884=PROPERTY_DEFINITION('material property','material name',#4621);
#2885=PROPERTY_DEFINITION('material property','density of part',#4621);
#2886=AXIS2_PLACEMENT_3D('',#3785,#3061,#3062);
#2887=AXIS2_PLACEMENT_3D('',#3786,#3063,#3064);
#2888=AXIS2_PLACEMENT_3D('',#3787,#3065,#3066);
#2889=AXIS2_PLACEMENT_3D('',#3796,#3071,#3072);
#2890=AXIS2_PLACEMENT_3D('',#3802,#3076,#3077);
#2891=AXIS2_PLACEMENT_3D('',#3808,#3081,#3082);
#2892=AXIS2_PLACEMENT_3D('',#3811,#3085,#3086);
#2893=AXIS2_PLACEMENT_3D('',#3812,#3087,#3088);
#2894=AXIS2_PLACEMENT_3D('',#3815,#3089,#3090);
#2895=AXIS2_PLACEMENT_3D('',#3819,#3092,#3093);
#2896=AXIS2_PLACEMENT_3D('',#3821,#3095,#3096);
#2897=AXIS2_PLACEMENT_3D('',#3827,#3100,#3101);
#2898=AXIS2_PLACEMENT_3D('',#3831,#3104,#3105);
#2899=AXIS2_PLACEMENT_3D('',#3841,#3110,#3111);
#2900=AXIS2_PLACEMENT_3D('',#3849,#3116,#3117);
#2901=AXIS2_PLACEMENT_3D('',#3858,#3122,#3123);
#2902=AXIS2_PLACEMENT_3D('',#3864,#3127,#3128);
#2903=AXIS2_PLACEMENT_3D('',#3868,#3130,#3131);
#2904=AXIS2_PLACEMENT_3D('',#3870,#3133,#3134);
#2905=AXIS2_PLACEMENT_3D('',#3910,#3155,#3156);
#2906=AXIS2_PLACEMENT_3D('',#3912,#3158,#3159);
#2907=AXIS2_PLACEMENT_3D('',#3921,#3164,#3165);
#2908=AXIS2_PLACEMENT_3D('',#3935,#3173,#3174);
#2909=AXIS2_PLACEMENT_3D('',#3941,#3178,#3179);
#2910=AXIS2_PLACEMENT_3D('',#3953,#3186,#3187);
#2911=AXIS2_PLACEMENT_3D('',#3956,#3190,#3191);
#2912=AXIS2_PLACEMENT_3D('',#3962,#3195,#3196);
#2913=AXIS2_PLACEMENT_3D('',#3975,#3204,#3205);
#2914=AXIS2_PLACEMENT_3D('',#3978,#3208,#3209);
#2915=AXIS2_PLACEMENT_3D('',#3980,#3211,#3212);
#2916=AXIS2_PLACEMENT_3D('',#3981,#3213,#3214);
#2917=AXIS2_PLACEMENT_3D('',#3990,#3219,#3220);
#2918=AXIS2_PLACEMENT_3D('',#3999,#3225,#3226);
#2919=AXIS2_PLACEMENT_3D('',#4002,#3229,#3230);
#2920=AXIS2_PLACEMENT_3D('',#4011,#3235,#3236);
#2921=AXIS2_PLACEMENT_3D('',#4017,#3240,#3241);
#2922=AXIS2_PLACEMENT_3D('',#4023,#3245,#3246);
#2923=AXIS2_PLACEMENT_3D('',#4038,#3254,#3255);
#2924=AXIS2_PLACEMENT_3D('',#4039,#3256,#3257);
#2925=AXIS2_PLACEMENT_3D('',#4061,#3269,#3270);
#2926=AXIS2_PLACEMENT_3D('',#4065,#3273,#3274);
#2927=AXIS2_PLACEMENT_3D('',#4069,#3277,#3278);
#2928=AXIS2_PLACEMENT_3D('',#4084,#3287,#3288);
#2929=AXIS2_PLACEMENT_3D('',#4093,#3293,#3294);
#2930=AXIS2_PLACEMENT_3D('',#4099,#3298,#3299);
#2931=AXIS2_PLACEMENT_3D('',#4105,#3303,#3304);
#2932=AXIS2_PLACEMENT_3D('',#4111,#3308,#3309);
#2933=AXIS2_PLACEMENT_3D('',#4117,#3313,#3314);
#2934=AXIS2_PLACEMENT_3D('',#4121,#3317,#3318);
#2935=AXIS2_PLACEMENT_3D('',#4125,#3321,#3322);
#2936=AXIS2_PLACEMENT_3D('',#4129,#3325,#3326);
#2937=AXIS2_PLACEMENT_3D('',#4131,#3328,#3329);
#2938=AXIS2_PLACEMENT_3D('',#4148,#3339,#3340);
#2939=AXIS2_PLACEMENT_3D('',#4151,#3341,#3342);
#2940=AXIS2_PLACEMENT_3D('',#4155,#3344,#3345);
#2941=AXIS2_PLACEMENT_3D('',#4159,#3347,#3348);
#2942=AXIS2_PLACEMENT_3D('',#4161,#3350,#3351);
#2943=AXIS2_PLACEMENT_3D('',#4166,#3354,#3355);
#2944=AXIS2_PLACEMENT_3D('',#4167,#3356,#3357);
#2945=AXIS2_PLACEMENT_3D('',#4173,#3360,#3361);
#2946=AXIS2_PLACEMENT_3D('',#4176,#3363,#3364);
#2947=AXIS2_PLACEMENT_3D('',#4177,#3365,#3366);
#2948=AXIS2_PLACEMENT_3D('',#4183,#3370,#3371);
#2949=AXIS2_PLACEMENT_3D('',#4185,#3372,#3373);
#2950=AXIS2_PLACEMENT_3D('',#4187,#3374,#3375);
#2951=AXIS2_PLACEMENT_3D('',#4189,#3377,#3378);
#2952=AXIS2_PLACEMENT_3D('',#4195,#3382,#3383);
#2953=AXIS2_PLACEMENT_3D('',#4197,#3384,#3385);
#2954=AXIS2_PLACEMENT_3D('',#4199,#3386,#3387);
#2955=AXIS2_PLACEMENT_3D('',#4201,#3389,#3390);
#2956=AXIS2_PLACEMENT_3D('',#4204,#3393,#3394);
#2957=AXIS2_PLACEMENT_3D('',#4206,#3396,#3397);
#2958=AXIS2_PLACEMENT_3D('',#4226,#3409,#3410);
#2959=AXIS2_PLACEMENT_3D('',#4248,#3422,#3423);
#2960=AXIS2_PLACEMENT_3D('',#4254,#3427,#3428);
#2961=AXIS2_PLACEMENT_3D('',#4258,#3431,#3432);
#2962=AXIS2_PLACEMENT_3D('',#4262,#3435,#3436);
#2963=AXIS2_PLACEMENT_3D('',#4266,#3439,#3440);
#2964=AXIS2_PLACEMENT_3D('',#4284,#3450,#3451);
#2965=AXIS2_PLACEMENT_3D('',#4290,#3455,#3456);
#2966=AXIS2_PLACEMENT_3D('',#4294,#3459,#3460);
#2967=AXIS2_PLACEMENT_3D('',#4298,#3463,#3464);
#2968=AXIS2_PLACEMENT_3D('',#4302,#3467,#3468);
#2969=AXIS2_PLACEMENT_3D('',#4308,#3472,#3473);
#2970=AXIS2_PLACEMENT_3D('',#4318,#3479,#3480);
#2971=AXIS2_PLACEMENT_3D('',#4328,#3486,#3487);
#2972=AXIS2_PLACEMENT_3D('',#4331,#3490,#3491);
#2973=AXIS2_PLACEMENT_3D('',#4333,#3493,#3494);
#2974=AXIS2_PLACEMENT_3D('',#4335,#3496,#3497);
#2975=AXIS2_PLACEMENT_3D('',#4337,#3498,#3499);
#2976=AXIS2_PLACEMENT_3D('',#4339,#3501,#3502);
#2977=AXIS2_PLACEMENT_3D('',#4341,#3503,#3504);
#2978=AXIS2_PLACEMENT_3D('',#4344,#3506,#3507);
#2979=AXIS2_PLACEMENT_3D('',#4345,#3508,#3509);
#2980=AXIS2_PLACEMENT_3D('',#4346,#3510,#3511);
#2981=AXIS2_PLACEMENT_3D('',#4348,#3512,#3513);
#2982=AXIS2_PLACEMENT_3D('',#4351,#3515,#3516);
#2983=AXIS2_PLACEMENT_3D('',#4352,#3517,#3518);
#2984=AXIS2_PLACEMENT_3D('',#4354,#3519,#3520);
#2985=AXIS2_PLACEMENT_3D('',#4357,#3522,#3523);
#2986=AXIS2_PLACEMENT_3D('',#4358,#3524,#3525);
#2987=AXIS2_PLACEMENT_3D('',#4359,#3526,#3527);
#2988=AXIS2_PLACEMENT_3D('',#4361,#3528,#3529);
#2989=AXIS2_PLACEMENT_3D('',#4364,#3531,#3532);
#2990=AXIS2_PLACEMENT_3D('',#4365,#3533,#3534);
#2991=AXIS2_PLACEMENT_3D('',#4367,#3535,#3536);
#2992=AXIS2_PLACEMENT_3D('',#4370,#3538,#3539);
#2993=AXIS2_PLACEMENT_3D('',#4371,#3540,#3541);
#2994=AXIS2_PLACEMENT_3D('',#4372,#3542,#3543);
#2995=AXIS2_PLACEMENT_3D('',#4374,#3544,#3545);
#2996=AXIS2_PLACEMENT_3D('',#4377,#3547,#3548);
#2997=AXIS2_PLACEMENT_3D('',#4378,#3549,#3550);
#2998=AXIS2_PLACEMENT_3D('',#4380,#3551,#3552);
#2999=AXIS2_PLACEMENT_3D('',#4383,#3554,#3555);
#3000=AXIS2_PLACEMENT_3D('',#4384,#3556,#3557);
#3001=AXIS2_PLACEMENT_3D('',#4385,#3558,#3559);
#3002=AXIS2_PLACEMENT_3D('',#4389,#3562,#3563);
#3003=AXIS2_PLACEMENT_3D('',#4393,#3566,#3567);
#3004=AXIS2_PLACEMENT_3D('',#4397,#3570,#3571);
#3005=AXIS2_PLACEMENT_3D('',#4403,#3575,#3576);
#3006=AXIS2_PLACEMENT_3D('',#4409,#3580,#3581);
#3007=AXIS2_PLACEMENT_3D('',#4415,#3585,#3586);
#3008=AXIS2_PLACEMENT_3D('',#4418,#3589,#3590);
#3009=AXIS2_PLACEMENT_3D('',#4424,#3594,#3595);
#3010=AXIS2_PLACEMENT_3D('',#4426,#3597,#3598);
#3011=AXIS2_PLACEMENT_3D('',#4430,#3601,#3602);
#3012=AXIS2_PLACEMENT_3D('',#4431,#3603,#3604);
#3013=AXIS2_PLACEMENT_3D('',#4439,#3609,#3610);
#3014=AXIS2_PLACEMENT_3D('',#4445,#3614,#3615);
#3015=AXIS2_PLACEMENT_3D('',#4451,#3619,#3620);
#3016=AXIS2_PLACEMENT_3D('',#4457,#3624,#3625);
#3017=AXIS2_PLACEMENT_3D('',#4463,#3629,#3630);
#3018=AXIS2_PLACEMENT_3D('',#4469,#3634,#3635);
#3019=AXIS2_PLACEMENT_3D('',#4475,#3639,#3640);
#3020=AXIS2_PLACEMENT_3D('',#4478,#3643,#3644);
#3021=AXIS2_PLACEMENT_3D('',#4484,#3648,#3649);
#3022=AXIS2_PLACEMENT_3D('',#4488,#3652,#3653);
#3023=AXIS2_PLACEMENT_3D('',#4492,#3656,#3657);
#3024=AXIS2_PLACEMENT_3D('',#4496,#3660,#3661);
#3025=AXIS2_PLACEMENT_3D('',#4500,#3664,#3665);
#3026=AXIS2_PLACEMENT_3D('',#4504,#3668,#3669);
#3027=AXIS2_PLACEMENT_3D('',#4508,#3672,#3673);
#3028=AXIS2_PLACEMENT_3D('',#4510,#3675,#3676);
#3029=AXIS2_PLACEMENT_3D('',#4515,#3680,#3681);
#3030=AXIS2_PLACEMENT_3D('',#4517,#3683,#3684);
#3031=AXIS2_PLACEMENT_3D('',#4519,#3686,#3687);
#3032=AXIS2_PLACEMENT_3D('',#4520,#3688,#3689);
#3033=AXIS2_PLACEMENT_3D('',#4521,#3690,#3691);
#3034=AXIS2_PLACEMENT_3D('',#4524,#3694,#3695);
#3035=AXIS2_PLACEMENT_3D('',#4526,#3697,#3698);
#3036=AXIS2_PLACEMENT_3D('',#4528,#3700,#3701);
#3037=AXIS2_PLACEMENT_3D('',#4530,#3703,#3704);
#3038=AXIS2_PLACEMENT_3D('',#4532,#3706,#3707);
#3039=AXIS2_PLACEMENT_3D('',#4534,#3709,#3710);
#3040=AXIS2_PLACEMENT_3D('',#4536,#3712,#3713);
#3041=AXIS2_PLACEMENT_3D('',#4537,#3714,#3715);
#3042=AXIS2_PLACEMENT_3D('',#4541,#3718,#3719);
#3043=AXIS2_PLACEMENT_3D('',#4545,#3722,#3723);
#3044=AXIS2_PLACEMENT_3D('',#4549,#3726,#3727);
#3045=AXIS2_PLACEMENT_3D('',#4553,#3730,#3731);
#3046=AXIS2_PLACEMENT_3D('',#4557,#3734,#3735);
#3047=AXIS2_PLACEMENT_3D('',#4561,#3738,#3739);
#3048=AXIS2_PLACEMENT_3D('',#4565,#3742,#3743);
#3049=AXIS2_PLACEMENT_3D('',#4567,#3745,#3746);
#3050=AXIS2_PLACEMENT_3D('',#4573,#3750,#3751);
#3051=AXIS2_PLACEMENT_3D('',#4577,#3754,#3755);
#3052=AXIS2_PLACEMENT_3D('',#4581,#3758,#3759);
#3053=AXIS2_PLACEMENT_3D('',#4585,#3762,#3763);
#3054=AXIS2_PLACEMENT_3D('',#4589,#3766,#3767);
#3055=AXIS2_PLACEMENT_3D('',#4591,#3769,#3770);
#3056=AXIS2_PLACEMENT_3D('',#4593,#3772,#3773);
#3057=AXIS2_PLACEMENT_3D('',#4597,#3776,#3777);
#3058=AXIS2_PLACEMENT_3D('',#4599,#3779,#3780);
#3059=AXIS2_PLACEMENT_3D('',#4600,#3781,#3782);
#3060=AXIS2_PLACEMENT_3D('',#4601,#3783,#3784);
#3061=DIRECTION('axis',(0.,0.,1.));
#3062=DIRECTION('refdir',(1.,0.,0.));
#3063=DIRECTION('axis',(0.,0.,1.));
#3064=DIRECTION('refdir',(1.,0.,0.));
#3065=DIRECTION('center_axis',(0.,-1.,0.));
#3066=DIRECTION('ref_axis',(1.,0.,0.));
#3067=DIRECTION('',(-1.,0.,0.));
#3068=DIRECTION('',(0.,0.,1.));
#3069=DIRECTION('',(1.,0.,0.));
#3070=DIRECTION('',(0.,0.,1.));
#3071=DIRECTION('center_axis',(-1.,0.,0.));
#3072=DIRECTION('ref_axis',(0.,-1.,0.));
#3073=DIRECTION('',(0.,1.,0.));
#3074=DIRECTION('',(0.,-1.,0.));
#3075=DIRECTION('',(0.,0.,1.));
#3076=DIRECTION('center_axis',(0.,1.,0.));
#3077=DIRECTION('ref_axis',(-1.,0.,0.));
#3078=DIRECTION('',(1.,0.,0.));
#3079=DIRECTION('',(-1.,0.,0.));
#3080=DIRECTION('',(0.,0.,1.));
#3081=DIRECTION('center_axis',(1.,0.,0.));
#3082=DIRECTION('ref_axis',(0.,1.,0.));
#3083=DIRECTION('',(0.,-1.,0.));
#3084=DIRECTION('',(0.,1.,0.));
#3085=DIRECTION('center_axis',(0.,0.,1.));
#3086=DIRECTION('ref_axis',(1.,0.,0.));
#3087=DIRECTION('center_axis',(0.,-1.,0.));
#3088=DIRECTION('ref_axis',(-0.469508946270114,0.,-0.882927714692617));
#3089=DIRECTION('center_axis',(0.,-1.,0.));
#3090=DIRECTION('ref_axis',(-0.469508946270114,0.,-0.882927714692617));
#3091=DIRECTION('',(0.,-1.,0.));
#3092=DIRECTION('center_axis',(0.,1.,0.));
#3093=DIRECTION('ref_axis',(-0.469508946270114,0.,-0.882927714692617));
#3094=DIRECTION('',(0.,-1.,0.));
#3095=DIRECTION('center_axis',(-1.,0.,0.));
#3096=DIRECTION('ref_axis',(0.,0.,-1.));
#3097=DIRECTION('',(0.,0.,1.));
#3098=DIRECTION('',(0.,1.,0.));
#3099=DIRECTION('',(0.,0.,-1.));
#3100=DIRECTION('center_axis',(0.,-1.,0.));
#3101=DIRECTION('ref_axis',(1.,0.,0.));
#3102=DIRECTION('',(-1.,0.,0.));
#3103=DIRECTION('',(0.,0.,1.));
#3104=DIRECTION('center_axis',(0.,1.,0.));
#3105=DIRECTION('ref_axis',(-1.,0.,0.));
#3106=DIRECTION('',(-1.1686558153949E-16,0.,1.));
#3107=DIRECTION('',(-1.,0.,0.));
#3108=DIRECTION('',(0.,0.,-1.));
#3109=DIRECTION('',(-1.,0.,0.));
#3110=DIRECTION('center_axis',(0.,1.,0.));
#3111=DIRECTION('ref_axis',(-1.,0.,0.));
#3112=DIRECTION('',(0.,0.,-1.));
#3113=DIRECTION('',(-1.,0.,0.));
#3114=DIRECTION('',(0.,0.,-1.));
#3115=DIRECTION('',(1.,0.,0.));
#3116=DIRECTION('center_axis',(0.,0.,1.));
#3117=DIRECTION('ref_axis',(1.,0.,0.));
#3118=DIRECTION('',(0.,-1.,0.));
#3119=DIRECTION('',(-1.,0.,0.));
#3120=DIRECTION('',(0.,1.,0.));
#3121=DIRECTION('',(1.,0.,0.));
#3122=DIRECTION('center_axis',(1.,0.,0.));
#3123=DIRECTION('ref_axis',(0.,1.,0.));
#3124=DIRECTION('',(0.,0.,1.));
#3125=DIRECTION('',(0.,1.,0.));
#3126=DIRECTION('',(0.,0.,1.));
#3127=DIRECTION('center_axis',(0.,-1.,0.));
#3128=DIRECTION('ref_axis',(0.595533106050802,0.,-0.803330765997098));
#3129=DIRECTION('',(0.,-1.,0.));
#3130=DIRECTION('center_axis',(0.,-1.,0.));
#3131=DIRECTION('ref_axis',(-1.,0.,0.));
#3132=DIRECTION('',(0.,1.,0.));
#3133=DIRECTION('center_axis',(0.,1.,0.));
#3134=DIRECTION('ref_axis',(-1.,0.,0.));
#3135=DIRECTION('',(1.,0.,0.));
#3136=DIRECTION('',(0.,0.,1.));
#3137=DIRECTION('',(1.,0.,0.));
#3138=DIRECTION('',(0.,0.,-1.));
#3139=DIRECTION('',(1.,0.,0.));
#3140=DIRECTION('',(0.,0.,1.));
#3141=DIRECTION('',(-1.,0.,0.));
#3142=DIRECTION('',(0.,0.,-1.));
#3143=DIRECTION('',(1.,0.,0.));
#3144=DIRECTION('',(0.,0.,1.));
#3145=DIRECTION('',(1.,0.,0.));
#3146=DIRECTION('',(0.,0.,-1.));
#3147=DIRECTION('',(1.,0.,0.));
#3148=DIRECTION('',(0.,0.,-1.));
#3149=DIRECTION('',(1.,0.,0.));
#3150=DIRECTION('',(0.,0.,1.));
#3151=DIRECTION('',(-1.,0.,0.));
#3152=DIRECTION('',(0.,0.,1.));
#3153=DIRECTION('',(1.,0.,0.));
#3154=DIRECTION('',(0.,0.,1.));
#3155=DIRECTION('center_axis',(0.,0.,-1.));
#3156=DIRECTION('ref_axis',(1.,-6.12323399573677E-17,0.));
#3157=DIRECTION('',(-6.12323399573677E-17,-1.,0.));
#3158=DIRECTION('center_axis',(-1.,0.,0.));
#3159=DIRECTION('ref_axis',(0.,-1.,0.));
#3160=DIRECTION('',(0.,0.,1.));
#3161=DIRECTION('',(0.,-1.,0.));
#3162=DIRECTION('',(0.,0.,-1.));
#3163=DIRECTION('',(0.,-1.,0.));
#3164=DIRECTION('center_axis',(0.,-1.,0.));
#3165=DIRECTION('ref_axis',(1.,0.,0.));
#3166=DIRECTION('',(-1.,0.,0.));
#3167=DIRECTION('',(0.,0.,1.));
#3168=DIRECTION('',(1.,0.,0.));
#3169=DIRECTION('',(0.,0.,1.));
#3170=DIRECTION('',(1.,0.,0.));
#3171=DIRECTION('',(0.,0.,1.));
#3172=DIRECTION('',(0.,0.,1.));
#3173=DIRECTION('center_axis',(-1.,0.,0.));
#3174=DIRECTION('ref_axis',(0.,-1.,0.));
#3175=DIRECTION('',(0.,-1.,0.));
#3176=DIRECTION('',(0.,-1.,0.));
#3177=DIRECTION('',(0.,0.,-1.));
#3178=DIRECTION('center_axis',(0.,1.,0.));
#3179=DIRECTION('ref_axis',(-1.,0.,0.));
#3180=DIRECTION('',(1.,0.,0.));
#3181=DIRECTION('',(0.,0.,-1.));
#3182=DIRECTION('',(-1.,0.,0.));
#3183=DIRECTION('',(0.,0.,1.));
#3184=DIRECTION('',(-1.,0.,0.));
#3185=DIRECTION('',(0.,0.,1.));
#3186=DIRECTION('center_axis',(0.,0.,1.));
#3187=DIRECTION('ref_axis',(1.,0.,0.));
#3188=DIRECTION('',(0.,1.,0.));
#3189=DIRECTION('',(0.,1.,0.));
#3190=DIRECTION('center_axis',(-1.,0.,0.));
#3191=DIRECTION('ref_axis',(0.,-1.,0.));
#3192=DIRECTION('',(0.,0.,1.));
#3193=DIRECTION('',(0.,1.,0.));
#3194=DIRECTION('',(0.,0.,-1.));
#3195=DIRECTION('center_axis',(-1.,0.,0.));
#3196=DIRECTION('ref_axis',(0.,-1.,0.));
#3197=DIRECTION('',(0.,1.,0.));
#3198=DIRECTION('',(0.,-1.,0.));
#3199=DIRECTION('',(0.,0.,1.));
#3200=DIRECTION('',(0.,-1.,0.));
#3201=DIRECTION('',(0.,0.,1.));
#3202=DIRECTION('',(0.,-1.,0.));
#3203=DIRECTION('',(0.,0.,-1.));
#3204=DIRECTION('center_axis',(1.,0.,0.));
#3205=DIRECTION('ref_axis',(0.,1.,0.));
#3206=DIRECTION('',(0.,-1.,0.));
#3207=DIRECTION('',(0.,1.,0.));
#3208=DIRECTION('center_axis',(-1.,0.,0.));
#3209=DIRECTION('ref_axis',(0.,-1.,0.));
#3210=DIRECTION('',(0.,-1.,0.));
#3211=DIRECTION('center_axis',(0.,0.,1.));
#3212=DIRECTION('ref_axis',(1.,0.,0.));
#3213=DIRECTION('center_axis',(0.,-1.,0.));
#3214=DIRECTION('ref_axis',(1.,0.,0.));
#3215=DIRECTION('',(-1.,0.,0.));
#3216=DIRECTION('',(0.,0.,1.));
#3217=DIRECTION('',(-1.,0.,0.));
#3218=DIRECTION('',(0.,0.,-1.));
#3219=DIRECTION('center_axis',(0.,1.,0.));
#3220=DIRECTION('ref_axis',(-1.,0.,0.));
#3221=DIRECTION('',(1.,0.,0.));
#3222=DIRECTION('',(0.,0.,1.));
#3223=DIRECTION('',(1.,0.,0.));
#3224=DIRECTION('',(0.,0.,1.));
#3225=DIRECTION('center_axis',(1.,0.,0.));
#3226=DIRECTION('ref_axis',(0.,1.,0.));
#3227=DIRECTION('',(0.,-1.,0.));
#3228=DIRECTION('',(0.,-1.,0.));
#3229=DIRECTION('center_axis',(1.,0.,0.));
#3230=DIRECTION('ref_axis',(0.,1.,0.));
#3231=DIRECTION('',(0.,-1.,0.));
#3232=DIRECTION('',(0.,0.,1.));
#3233=DIRECTION('',(0.,-1.,0.));
#3234=DIRECTION('',(0.,0.,1.));
#3235=DIRECTION('center_axis',(0.,-1.,0.));
#3236=DIRECTION('ref_axis',(1.,0.,0.));
#3237=DIRECTION('',(-1.,0.,0.));
#3238=DIRECTION('',(-1.,0.,0.));
#3239=DIRECTION('',(0.,0.,-1.));
#3240=DIRECTION('center_axis',(0.,1.,0.));
#3241=DIRECTION('ref_axis',(-1.,0.,0.));
#3242=DIRECTION('',(1.,0.,0.));
#3243=DIRECTION('',(0.,0.,1.));
#3244=DIRECTION('',(1.,0.,0.));
#3245=DIRECTION('center_axis',(0.,0.,-1.));
#3246=DIRECTION('ref_axis',(0.,-1.,0.));
#3247=DIRECTION('',(0.,1.,0.));
#3248=DIRECTION('',(1.,0.,0.));
#3249=DIRECTION('',(1.83697019872103E-16,1.,0.));
#3250=DIRECTION('',(-1.,0.,0.));
#3251=DIRECTION('',(0.,-1.,0.));
#3252=DIRECTION('',(-1.,0.,0.));
#3253=DIRECTION('',(0.,1.,0.));
#3254=DIRECTION('center_axis',(0.,0.,-1.));
#3255=DIRECTION('ref_axis',(-1.83697019872103E-16,-1.,0.));
#3256=DIRECTION('center_axis',(0.,0.,1.));
#3257=DIRECTION('ref_axis',(1.,0.,0.));
#3258=DIRECTION('',(0.,-1.,0.));
#3259=DIRECTION('',(1.,0.,0.));
#3260=DIRECTION('',(0.,1.,0.));
#3261=DIRECTION('',(-1.,0.,0.));
#3262=DIRECTION('',(0.,-1.,0.));
#3263=DIRECTION('',(1.,5.82449135877233E-17,0.));
#3264=DIRECTION('',(0.,-1.,0.));
#3265=DIRECTION('',(1.,0.,0.));
#3266=DIRECTION('',(0.,1.,0.));
#3267=DIRECTION('',(-1.,0.,0.));
#3268=DIRECTION('',(0.,-1.,0.));
#3269=DIRECTION('center_axis',(1.,0.,0.));
#3270=DIRECTION('ref_axis',(0.,1.,0.));
#3271=DIRECTION('',(0.,0.,-1.));
#3272=DIRECTION('',(0.,-1.,0.));
#3273=DIRECTION('center_axis',(1.,0.,0.));
#3274=DIRECTION('ref_axis',(0.,1.,0.));
#3275=DIRECTION('',(0.,-1.,0.));
#3276=DIRECTION('',(0.,0.,1.));
#3277=DIRECTION('center_axis',(1.,0.,0.));
#3278=DIRECTION('ref_axis',(0.,1.,0.));
#3279=DIRECTION('',(0.,0.,1.));
#3280=DIRECTION('',(0.,1.,0.));
#3281=DIRECTION('',(0.,0.,1.));
#3282=DIRECTION('',(0.,1.,0.));
#3283=DIRECTION('',(0.,0.,-1.));
#3284=DIRECTION('',(0.,1.,0.));
#3285=DIRECTION('',(0.,0.,1.));
#3286=DIRECTION('',(0.,-1.,0.));
#3287=DIRECTION('center_axis',(1.,0.,0.));
#3288=DIRECTION('ref_axis',(0.,1.,0.));
#3289=DIRECTION('',(0.,-1.,0.));
#3290=DIRECTION('',(0.,0.,1.));
#3291=DIRECTION('',(0.,-1.,0.));
#3292=DIRECTION('',(0.,0.,-1.));
#3293=DIRECTION('center_axis',(0.,-1.,0.));
#3294=DIRECTION('ref_axis',(1.,0.,0.));
#3295=DIRECTION('',(-1.,0.,0.));
#3296=DIRECTION('',(0.,0.,1.));
#3297=DIRECTION('',(-1.,0.,0.));
#3298=DIRECTION('center_axis',(-1.,0.,0.));
#3299=DIRECTION('ref_axis',(0.,-1.,0.));
#3300=DIRECTION('',(0.,1.,0.));
#3301=DIRECTION('',(0.,0.,1.));
#3302=DIRECTION('',(0.,1.,0.));
#3303=DIRECTION('center_axis',(0.,1.,0.));
#3304=DIRECTION('ref_axis',(-1.,0.,0.));
#3305=DIRECTION('',(1.,0.,0.));
#3306=DIRECTION('',(0.,0.,-1.));
#3307=DIRECTION('',(-1.,0.,0.));
#3308=DIRECTION('center_axis',(-1.,0.,0.));
#3309=DIRECTION('ref_axis',(0.,-1.,0.));
#3310=DIRECTION('',(0.,0.,1.));
#3311=DIRECTION('',(0.,1.,0.));
#3312=DIRECTION('',(0.,0.,1.));
#3313=DIRECTION('center_axis',(0.,1.,0.));
#3314=DIRECTION('ref_axis',(-1.,0.,0.));
#3315=DIRECTION('',(0.,0.,1.));
#3316=DIRECTION('',(1.,0.,0.));
#3317=DIRECTION('center_axis',(1.,0.,0.));
#3318=DIRECTION('ref_axis',(0.,1.,0.));
#3319=DIRECTION('',(0.,0.,1.));
#3320=DIRECTION('',(0.,-1.,0.));
#3321=DIRECTION('center_axis',(-5.82449135877233E-17,1.,0.));
#3322=DIRECTION('ref_axis',(-1.,-5.82449135877233E-17,0.));
#3323=DIRECTION('',(0.,0.,1.));
#3324=DIRECTION('',(1.,5.82449135877233E-17,0.));
#3325=DIRECTION('center_axis',(0.,-1.,0.));
#3326=DIRECTION('ref_axis',(1.,0.,0.));
#3327=DIRECTION('',(-1.,0.,0.));
#3328=DIRECTION('center_axis',(1.,0.,0.));
#3329=DIRECTION('ref_axis',(0.,1.,0.));
#3330=DIRECTION('',(0.,0.,-1.));
#3331=DIRECTION('',(0.,1.,0.));
#3332=DIRECTION('',(0.,0.,1.));
#3333=DIRECTION('',(0.,1.,0.));
#3334=DIRECTION('',(0.,0.,-1.));
#3335=DIRECTION('',(0.,1.,0.));
#3336=DIRECTION('',(0.,0.,-1.));
#3337=DIRECTION('',(0.,1.,0.));
#3338=DIRECTION('',(0.,-1.,0.));
#3339=DIRECTION('center_axis',(0.,1.,0.));
#3340=DIRECTION('ref_axis',(-1.,0.,-2.77555756156289E-16));
#3341=DIRECTION('center_axis',(0.,-1.,0.));
#3342=DIRECTION('ref_axis',(-1.,0.,-2.77555756156289E-16));
#3343=DIRECTION('',(0.,1.,0.));
#3344=DIRECTION('center_axis',(0.,1.,0.));
#3345=DIRECTION('ref_axis',(-1.,0.,-2.77555756156289E-16));
#3346=DIRECTION('',(0.,1.,0.));
#3347=DIRECTION('center_axis',(0.,1.,0.));
#3348=DIRECTION('ref_axis',(-1.,0.,-2.77555756156289E-16));
#3349=DIRECTION('',(0.,1.,0.));
#3350=DIRECTION('center_axis',(0.,-1.,0.));
#3351=DIRECTION('ref_axis',(1.,0.,0.));
#3352=DIRECTION('',(1.,0.,0.));
#3353=DIRECTION('',(-1.,0.,0.));
#3354=DIRECTION('center_axis',(0.,1.,0.));
#3355=DIRECTION('ref_axis',(0.,0.,-1.));
#3356=DIRECTION('center_axis',(0.,1.,0.));
#3357=DIRECTION('ref_axis',(0.,0.,-1.));
#3358=DIRECTION('',(0.,-1.,0.));
#3359=DIRECTION('',(0.,1.,0.));
#3360=DIRECTION('center_axis',(0.,1.,0.));
#3361=DIRECTION('ref_axis',(0.,0.,-1.));
#3362=DIRECTION('',(0.,1.,0.));
#3363=DIRECTION('center_axis',(0.,-1.,0.));
#3364=DIRECTION('ref_axis',(0.,0.,-1.));
#3365=DIRECTION('center_axis',(1.,0.,4.61386582972495E-16));
#3366=DIRECTION('ref_axis',(4.61386582972495E-16,0.,-1.));
#3367=DIRECTION('',(-4.61386582972495E-16,0.,1.));
#3368=DIRECTION('',(4.61386582972495E-16,0.,-1.));
#3369=DIRECTION('',(0.,1.,0.));
#3370=DIRECTION('center_axis',(0.,1.,0.));
#3371=DIRECTION('ref_axis',(1.,0.,-1.66533453693774E-15));
#3372=DIRECTION('center_axis',(0.,-1.,0.));
#3373=DIRECTION('ref_axis',(1.,0.,-1.66533453693774E-15));
#3374=DIRECTION('center_axis',(0.,1.,0.));
#3375=DIRECTION('ref_axis',(1.,0.,-1.66533453693774E-15));
#3376=DIRECTION('',(0.,1.,0.));
#3377=DIRECTION('center_axis',(0.,0.,1.));
#3378=DIRECTION('ref_axis',(1.,0.,0.));
#3379=DIRECTION('',(-1.,0.,0.));
#3380=DIRECTION('',(1.,0.,0.));
#3381=DIRECTION('',(0.,1.,0.));
#3382=DIRECTION('center_axis',(0.,1.,0.));
#3383=DIRECTION('ref_axis',(5.55111512312579E-16,0.,1.));
#3384=DIRECTION('center_axis',(0.,-1.,0.));
#3385=DIRECTION('ref_axis',(5.55111512312579E-16,0.,1.));
#3386=DIRECTION('center_axis',(0.,1.,0.));
#3387=DIRECTION('ref_axis',(5.55111512312579E-16,0.,1.));
#3388=DIRECTION('',(0.,1.,0.));
#3389=DIRECTION('center_axis',(-1.,0.,4.61386582972495E-16));
#3390=DIRECTION('ref_axis',(4.61386582972495E-16,0.,1.));
#3391=DIRECTION('',(-4.61386582972495E-16,0.,-1.));
#3392=DIRECTION('',(4.61386582972495E-16,0.,1.));
#3393=DIRECTION('center_axis',(0.,0.,-1.));
#3394=DIRECTION('ref_axis',(-1.,0.,0.));
#3395=DIRECTION('',(-1.,0.,0.));
#3396=DIRECTION('center_axis',(0.,0.,-1.));
#3397=DIRECTION('ref_axis',(-1.,0.,0.));
#3398=DIRECTION('',(0.,1.,0.));
#3399=DIRECTION('',(-1.,0.,0.));
#3400=DIRECTION('',(0.,-1.,-4.10547270311605E-17));
#3401=DIRECTION('',(1.,0.,7.66582564254496E-17));
#3402=DIRECTION('',(1.,0.,7.66582564254496E-17));
#3403=DIRECTION('',(0.,1.,-4.32489531145042E-33));
#3404=DIRECTION('',(-1.,0.,0.));
#3405=DIRECTION('',(1.,0.,0.));
#3406=DIRECTION('',(0.,1.,-4.32489531145042E-33));
#3407=DIRECTION('',(-1.,0.,1.34572489704953E-18));
#3408=DIRECTION('',(0.,-1.,0.));
#3409=DIRECTION('center_axis',(0.,-1.,0.));
#3410=DIRECTION('ref_axis',(1.,0.,7.66582564254496E-17));
#3411=DIRECTION('',(-1.1686558153949E-16,0.,1.));
#3412=DIRECTION('',(-1.,0.,0.));
#3413=DIRECTION('',(0.,0.,1.));
#3414=DIRECTION('',(-1.,0.,0.));
#3415=DIRECTION('',(0.,0.,-1.));
#3416=DIRECTION('',(-1.,0.,0.));
#3417=DIRECTION('',(0.,0.,1.));
#3418=DIRECTION('',(-1.,0.,0.));
#3419=DIRECTION('',(0.,0.,-1.));
#3420=DIRECTION('',(-1.,0.,0.));
#3421=DIRECTION('',(-1.1686558153949E-16,0.,1.));
#3422=DIRECTION('center_axis',(1.,5.05431405670068E-49,1.1686558153949E-16));
#3423=DIRECTION('ref_axis',(0.,1.,-4.32489531145042E-33));
#3424=DIRECTION('',(1.1686558153949E-16,0.,-1.));
#3425=DIRECTION('',(5.05431405670068E-49,-1.,0.));
#3426=DIRECTION('',(-1.1686558153949E-16,0.,1.));
#3427=DIRECTION('center_axis',(-1.,4.7978845494416E-33,-1.1686558153949E-16));
#3428=DIRECTION('ref_axis',(0.,-1.,-4.10547270311605E-17));
#3429=DIRECTION('',(-1.1686558153949E-16,0.,1.));
#3430=DIRECTION('',(4.7978845494416E-33,1.,0.));
#3431=DIRECTION('center_axis',(-1.,4.7978845494416E-33,-1.1686558153949E-16));
#3432=DIRECTION('ref_axis',(0.,-1.,-4.10547270311605E-17));
#3433=DIRECTION('',(4.7978845494416E-33,1.,0.));
#3434=DIRECTION('',(1.1686558153949E-16,0.,-1.));
#3435=DIRECTION('center_axis',(1.,5.05431405670068E-49,1.1686558153949E-16));
#3436=DIRECTION('ref_axis',(0.,1.,-4.32489531145042E-33));
#3437=DIRECTION('',(5.05431405670068E-49,-1.,0.));
#3438=DIRECTION('',(-1.1686558153949E-16,0.,1.));
#3439=DIRECTION('center_axis',(0.,1.,0.));
#3440=DIRECTION('ref_axis',(-1.,0.,1.34572489704953E-18));
#3441=DIRECTION('',(1.,0.,0.));
#3442=DIRECTION('',(0.,0.,1.));
#3443=DIRECTION('',(1.,0.,0.));
#3444=DIRECTION('',(0.,0.,-1.));
#3445=DIRECTION('',(1.,0.,0.));
#3446=DIRECTION('',(0.,0.,1.));
#3447=DIRECTION('',(1.,0.,0.));
#3448=DIRECTION('',(0.,0.,-1.));
#3449=DIRECTION('',(1.,0.,0.));
#3450=DIRECTION('center_axis',(0.,0.,1.));
#3451=DIRECTION('ref_axis',(1.,0.,0.));
#3452=DIRECTION('',(-1.83697019872103E-16,-1.,0.));
#3453=DIRECTION('',(1.,0.,0.));
#3454=DIRECTION('',(1.83697019872103E-16,1.,0.));
#3455=DIRECTION('center_axis',(1.,-1.83697019872103E-16,0.));
#3456=DIRECTION('ref_axis',(0.,0.,-1.));
#3457=DIRECTION('',(1.83697019872103E-16,1.,0.));
#3458=DIRECTION('',(0.,0.,-1.));
#3459=DIRECTION('center_axis',(0.,0.,-1.));
#3460=DIRECTION('ref_axis',(-1.,1.83697019872103E-16,0.));
#3461=DIRECTION('',(1.83697019872103E-16,1.,0.));
#3462=DIRECTION('',(-1.,0.,0.));
#3463=DIRECTION('center_axis',(-1.,1.83697019872103E-16,0.));
#3464=DIRECTION('ref_axis',(0.,0.,1.));
#3465=DIRECTION('',(1.83697019872103E-16,1.,0.));
#3466=DIRECTION('',(0.,0.,1.));
#3467=DIRECTION('center_axis',(0.,0.,-1.));
#3468=DIRECTION('ref_axis',(-1.,1.83697019872103E-16,0.));
#3469=DIRECTION('',(1.,0.,0.));
#3470=DIRECTION('',(1.83697019872103E-16,1.,0.));
#3471=DIRECTION('',(-1.,0.,0.));
#3472=DIRECTION('center_axis',(0.,-1.,0.));
#3473=DIRECTION('ref_axis',(1.,0.,0.));
#3474=DIRECTION('',(0.,0.,-1.));
#3475=DIRECTION('',(1.,0.,0.));
#3476=DIRECTION('',(0.,0.,1.));
#3477=DIRECTION('',(1.,0.,0.));
#3478=DIRECTION('',(0.,0.,1.));
#3479=DIRECTION('center_axis',(0.,1.,0.));
#3480=DIRECTION('ref_axis',(-1.,0.,0.));
#3481=DIRECTION('',(-1.,0.,0.));
#3482=DIRECTION('',(0.,0.,1.));
#3483=DIRECTION('',(-1.,0.,0.));
#3484=DIRECTION('',(0.,0.,1.));
#3485=DIRECTION('',(-1.,0.,0.));
#3486=DIRECTION('center_axis',(0.,0.,-1.));
#3487=DIRECTION('ref_axis',(1.,-6.12323399573677E-17,0.));
#3488=DIRECTION('',(-6.12323399573677E-17,-1.,0.));
#3489=DIRECTION('',(-6.12323399573677E-17,-1.,0.));
#3490=DIRECTION('center_axis',(-1.,6.12323399573677E-17,0.));
#3491=DIRECTION('ref_axis',(0.,0.,-1.));
#3492=DIRECTION('',(-6.12323399573677E-17,-1.,0.));
#3493=DIRECTION('center_axis',(0.,0.,-1.));
#3494=DIRECTION('ref_axis',(1.,-6.12323399573677E-17,0.));
#3495=DIRECTION('',(-6.12323399573677E-17,-1.,0.));
#3496=DIRECTION('center_axis',(0.,0.,1.));
#3497=DIRECTION('ref_axis',(-1.83697019872103E-16,-1.,0.));
#3498=DIRECTION('center_axis',(0.,0.,1.));
#3499=DIRECTION('ref_axis',(-1.83697019872103E-16,-1.,0.));
#3500=DIRECTION('',(0.,0.,1.));
#3501=DIRECTION('center_axis',(0.,0.,1.));
#3502=DIRECTION('ref_axis',(-1.83697019872103E-16,-1.,0.));
#3503=DIRECTION('center_axis',(0.,0.,1.));
#3504=DIRECTION('ref_axis',(-1.83697019872103E-16,-1.,0.));
#3505=DIRECTION('',(0.,0.,1.));
#3506=DIRECTION('center_axis',(0.,0.,1.));
#3507=DIRECTION('ref_axis',(-1.83697019872103E-16,-1.,0.));
#3508=DIRECTION('center_axis',(0.,0.,-1.));
#3509=DIRECTION('ref_axis',(-1.83697019872103E-16,-1.,0.));
#3510=DIRECTION('center_axis',(0.,0.,1.));
#3511=DIRECTION('ref_axis',(-1.,1.22464679914735E-16,0.));
#3512=DIRECTION('center_axis',(0.,0.,1.));
#3513=DIRECTION('ref_axis',(-1.,1.22464679914735E-16,0.));
#3514=DIRECTION('',(0.,0.,1.));
#3515=DIRECTION('center_axis',(0.,0.,-1.));
#3516=DIRECTION('ref_axis',(-1.,1.22464679914735E-16,0.));
#3517=DIRECTION('center_axis',(0.,0.,1.));
#3518=DIRECTION('ref_axis',(-1.,1.22464679914735E-16,0.));
#3519=DIRECTION('center_axis',(0.,0.,1.));
#3520=DIRECTION('ref_axis',(-1.,1.22464679914735E-16,0.));
#3521=DIRECTION('',(0.,0.,1.));
#3522=DIRECTION('center_axis',(0.,0.,1.));
#3523=DIRECTION('ref_axis',(-1.,1.22464679914735E-16,0.));
#3524=DIRECTION('center_axis',(0.,0.,-1.));
#3525=DIRECTION('ref_axis',(-1.,1.22464679914735E-16,0.));
#3526=DIRECTION('center_axis',(0.,0.,1.));
#3527=DIRECTION('ref_axis',(6.12323399573677E-17,1.,0.));
#3528=DIRECTION('center_axis',(0.,0.,1.));
#3529=DIRECTION('ref_axis',(6.12323399573677E-17,1.,0.));
#3530=DIRECTION('',(0.,0.,1.));
#3531=DIRECTION('center_axis',(0.,0.,-1.));
#3532=DIRECTION('ref_axis',(6.12323399573677E-17,1.,0.));
#3533=DIRECTION('center_axis',(0.,0.,1.));
#3534=DIRECTION('ref_axis',(6.12323399573677E-17,1.,0.));
#3535=DIRECTION('center_axis',(0.,0.,1.));
#3536=DIRECTION('ref_axis',(6.12323399573677E-17,1.,0.));
#3537=DIRECTION('',(0.,0.,1.));
#3538=DIRECTION('center_axis',(0.,0.,1.));
#3539=DIRECTION('ref_axis',(6.12323399573677E-17,1.,0.));
#3540=DIRECTION('center_axis',(0.,0.,-1.));
#3541=DIRECTION('ref_axis',(6.12323399573677E-17,1.,0.));
#3542=DIRECTION('center_axis',(0.,0.,1.));
#3543=DIRECTION('ref_axis',(1.,0.,0.));
#3544=DIRECTION('center_axis',(0.,0.,1.));
#3545=DIRECTION('ref_axis',(1.,0.,0.));
#3546=DIRECTION('',(0.,0.,1.));
#3547=DIRECTION('center_axis',(0.,0.,-1.));
#3548=DIRECTION('ref_axis',(1.,0.,0.));
#3549=DIRECTION('center_axis',(0.,0.,1.));
#3550=DIRECTION('ref_axis',(1.,0.,0.));
#3551=DIRECTION('center_axis',(0.,0.,1.));
#3552=DIRECTION('ref_axis',(1.,0.,0.));
#3553=DIRECTION('',(0.,0.,1.));
#3554=DIRECTION('center_axis',(0.,0.,1.));
#3555=DIRECTION('ref_axis',(1.,0.,0.));
#3556=DIRECTION('center_axis',(0.,0.,-1.));
#3557=DIRECTION('ref_axis',(1.,0.,0.));
#3558=DIRECTION('center_axis',(-1.,1.83697019872103E-16,0.));
#3559=DIRECTION('ref_axis',(0.,0.,1.));
#3560=DIRECTION('',(0.,0.,1.));
#3561=DIRECTION('',(1.83697019872103E-16,1.,0.));
#3562=DIRECTION('center_axis',(0.,0.,-1.));
#3563=DIRECTION('ref_axis',(-1.,1.83697019872103E-16,0.));
#3564=DIRECTION('',(-1.,0.,0.));
#3565=DIRECTION('',(1.83697019872103E-16,1.,0.));
#3566=DIRECTION('center_axis',(1.,-1.83697019872103E-16,0.));
#3567=DIRECTION('ref_axis',(0.,0.,-1.));
#3568=DIRECTION('',(0.,0.,-1.));
#3569=DIRECTION('',(1.83697019872103E-16,1.,0.));
#3570=DIRECTION('center_axis',(0.,0.,-1.));
#3571=DIRECTION('ref_axis',(-1.,1.83697019872103E-16,0.));
#3572=DIRECTION('',(-1.,0.,0.));
#3573=DIRECTION('',(1.83697019872103E-16,1.,0.));
#3574=DIRECTION('',(1.,0.,0.));
#3575=DIRECTION('center_axis',(-1.,1.83697019872103E-16,0.));
#3576=DIRECTION('ref_axis',(0.,0.,1.));
#3577=DIRECTION('',(0.,0.,1.));
#3578=DIRECTION('',(1.83697019872103E-16,1.,0.));
#3579=DIRECTION('',(0.,0.,-1.));
#3580=DIRECTION('center_axis',(0.,0.,-1.));
#3581=DIRECTION('ref_axis',(-1.,1.83697019872103E-16,0.));
#3582=DIRECTION('',(-1.,0.,0.));
#3583=DIRECTION('',(1.83697019872103E-16,1.,0.));
#3584=DIRECTION('',(1.,0.,0.));
#3585=DIRECTION('center_axis',(-1.,1.83697019872103E-16,0.));
#3586=DIRECTION('ref_axis',(0.,0.,1.));
#3587=DIRECTION('',(0.,0.,1.));
#3588=DIRECTION('',(0.,0.,-1.));
#3589=DIRECTION('center_axis',(0.,0.,-1.));
#3590=DIRECTION('ref_axis',(-1.,1.83697019872103E-16,0.));
#3591=DIRECTION('',(-1.,0.,0.));
#3592=DIRECTION('',(1.83697019872103E-16,1.,0.));
#3593=DIRECTION('',(1.83697019872103E-16,1.,0.));
#3594=DIRECTION('center_axis',(1.,-1.83697019872103E-16,0.));
#3595=DIRECTION('ref_axis',(0.,0.,-1.));
#3596=DIRECTION('',(0.,0.,-1.));
#3597=DIRECTION('center_axis',(1.,-1.83697019872103E-16,0.));
#3598=DIRECTION('ref_axis',(0.,0.,-1.));
#3599=DIRECTION('',(0.,0.,-1.));
#3600=DIRECTION('',(1.83697019872103E-16,1.,0.));
#3601=DIRECTION('center_axis',(0.,-1.,0.));
#3602=DIRECTION('ref_axis',(1.,0.,0.));
#3603=DIRECTION('center_axis',(0.,0.,-1.));
#3604=DIRECTION('ref_axis',(1.22464679914735E-16,1.,0.));
#3605=DIRECTION('',(0.,-1.,0.));
#3606=DIRECTION('',(1.,-1.22464679914735E-16,0.));
#3607=DIRECTION('',(0.,1.,0.));
#3608=DIRECTION('',(-1.,0.,0.));
#3609=DIRECTION('center_axis',(1.22464679914735E-16,1.,0.));
#3610=DIRECTION('ref_axis',(0.,0.,1.));
#3611=DIRECTION('',(0.,0.,1.));
#3612=DIRECTION('',(1.,-1.22464679914735E-16,0.));
#3613=DIRECTION('',(1.,-1.22464679914735E-16,0.));
#3614=DIRECTION('center_axis',(0.,0.,-1.));
#3615=DIRECTION('ref_axis',(1.22464679914735E-16,1.,0.));
#3616=DIRECTION('',(0.,1.,0.));
#3617=DIRECTION('',(1.,-1.22464679914735E-16,0.));
#3618=DIRECTION('',(0.,-1.,0.));
#3619=DIRECTION('center_axis',(-1.22464679914735E-16,-1.,0.));
#3620=DIRECTION('ref_axis',(0.,0.,-1.));
#3621=DIRECTION('',(0.,0.,-1.));
#3622=DIRECTION('',(1.,-1.22464679914735E-16,0.));
#3623=DIRECTION('',(0.,0.,1.));
#3624=DIRECTION('center_axis',(0.,0.,-1.));
#3625=DIRECTION('ref_axis',(1.22464679914735E-16,1.,0.));
#3626=DIRECTION('',(0.,1.,0.));
#3627=DIRECTION('',(1.,-1.22464679914735E-16,0.));
#3628=DIRECTION('',(0.,-1.,0.));
#3629=DIRECTION('center_axis',(1.22464679914735E-16,1.,0.));
#3630=DIRECTION('ref_axis',(0.,0.,1.));
#3631=DIRECTION('',(0.,0.,1.));
#3632=DIRECTION('',(1.,-1.22464679914735E-16,0.));
#3633=DIRECTION('',(0.,0.,-1.));
#3634=DIRECTION('center_axis',(0.,0.,-1.));
#3635=DIRECTION('ref_axis',(1.22464679914735E-16,1.,0.));
#3636=DIRECTION('',(0.,1.,0.));
#3637=DIRECTION('',(1.,-1.22464679914735E-16,0.));
#3638=DIRECTION('',(0.,-1.,0.));
#3639=DIRECTION('center_axis',(1.22464679914735E-16,1.,0.));
#3640=DIRECTION('ref_axis',(0.,0.,1.));
#3641=DIRECTION('',(0.,0.,1.));
#3642=DIRECTION('',(0.,0.,-1.));
#3643=DIRECTION('center_axis',(0.,0.,-1.));
#3644=DIRECTION('ref_axis',(1.22464679914735E-16,1.,0.));
#3645=DIRECTION('',(0.,1.,0.));
#3646=DIRECTION('',(1.,-1.22464679914735E-16,0.));
#3647=DIRECTION('',(1.,-1.22464679914735E-16,0.));
#3648=DIRECTION('center_axis',(-1.22464679914735E-16,-1.,0.));
#3649=DIRECTION('ref_axis',(0.,0.,-1.));
#3650=DIRECTION('',(0.,0.,-1.));
#3651=DIRECTION('',(1.,-1.22464679914735E-16,0.));
#3652=DIRECTION('center_axis',(0.,0.,-1.));
#3653=DIRECTION('ref_axis',(1.22464679914735E-16,1.,0.));
#3654=DIRECTION('',(0.,1.,0.));
#3655=DIRECTION('',(1.,-1.22464679914735E-16,0.));
#3656=DIRECTION('center_axis',(1.22464679914735E-16,1.,0.));
#3657=DIRECTION('ref_axis',(0.,0.,1.));
#3658=DIRECTION('',(0.,0.,1.));
#3659=DIRECTION('',(1.,-1.22464679914735E-16,0.));
#3660=DIRECTION('center_axis',(0.,0.,-1.));
#3661=DIRECTION('ref_axis',(1.22464679914735E-16,1.,0.));
#3662=DIRECTION('',(0.,1.,0.));
#3663=DIRECTION('',(1.,-1.22464679914735E-16,0.));
#3664=DIRECTION('center_axis',(-1.22464679914735E-16,-1.,0.));
#3665=DIRECTION('ref_axis',(0.,0.,-1.));
#3666=DIRECTION('',(0.,0.,-1.));
#3667=DIRECTION('',(-1.,1.22464679914735E-16,0.));
#3668=DIRECTION('center_axis',(-1.22464679914735E-16,-1.,0.));
#3669=DIRECTION('ref_axis',(0.,0.,-1.));
#3670=DIRECTION('',(0.,0.,-1.));
#3671=DIRECTION('',(1.,-1.22464679914735E-16,0.));
#3672=DIRECTION('center_axis',(0.,0.,1.));
#3673=DIRECTION('ref_axis',(1.,0.,0.));
#3674=DIRECTION('',(0.,-1.,0.));
#3675=DIRECTION('center_axis',(-1.,0.,0.));
#3676=DIRECTION('ref_axis',(0.,-1.,0.));
#3677=DIRECTION('',(0.,1.,0.));
#3678=DIRECTION('',(0.,-1.,0.));
#3679=DIRECTION('',(0.,0.,1.));
#3680=DIRECTION('center_axis',(0.,0.,-1.));
#3681=DIRECTION('ref_axis',(1.,-6.12323399573677E-17,0.));
#3682=DIRECTION('',(-6.12323399573677E-17,-1.,0.));
#3683=DIRECTION('center_axis',(1.,-6.12323399573677E-17,0.));
#3684=DIRECTION('ref_axis',(0.,0.,1.));
#3685=DIRECTION('',(-6.12323399573677E-17,-1.,0.));
#3686=DIRECTION('center_axis',(1.,-6.12323399573677E-17,0.));
#3687=DIRECTION('ref_axis',(0.,0.,1.));
#3688=DIRECTION('center_axis',(1.,-6.12323399573677E-17,0.));
#3689=DIRECTION('ref_axis',(0.,0.,1.));
#3690=DIRECTION('center_axis',(0.,0.,-1.));
#3691=DIRECTION('ref_axis',(1.,-6.12323399573677E-17,0.));
#3692=DIRECTION('',(-6.12323399573677E-17,-1.,0.));
#3693=DIRECTION('',(-6.12323399573677E-17,-1.,0.));
#3694=DIRECTION('center_axis',(-1.,6.12323399573677E-17,0.));
#3695=DIRECTION('ref_axis',(0.,0.,-1.));
#3696=DIRECTION('',(-6.12323399573677E-17,-1.,0.));
#3697=DIRECTION('center_axis',(0.,0.,-1.));
#3698=DIRECTION('ref_axis',(1.,-6.12323399573677E-17,0.));
#3699=DIRECTION('',(-6.12323399573677E-17,-1.,0.));
#3700=DIRECTION('center_axis',(1.,-6.12323399573677E-17,0.));
#3701=DIRECTION('ref_axis',(0.,0.,1.));
#3702=DIRECTION('',(-6.12323399573677E-17,-1.,0.));
#3703=DIRECTION('center_axis',(0.,0.,-1.));
#3704=DIRECTION('ref_axis',(1.,-6.12323399573677E-17,0.));
#3705=DIRECTION('',(-6.12323399573677E-17,-1.,0.));
#3706=DIRECTION('center_axis',(-1.,6.12323399573677E-17,0.));
#3707=DIRECTION('ref_axis',(0.,0.,-1.));
#3708=DIRECTION('',(6.12323399573677E-17,1.,0.));
#3709=DIRECTION('center_axis',(-1.,6.12323399573677E-17,0.));
#3710=DIRECTION('ref_axis',(0.,0.,-1.));
#3711=DIRECTION('',(-6.12323399573677E-17,-1.,0.));
#3712=DIRECTION('center_axis',(0.,0.,1.));
#3713=DIRECTION('ref_axis',(1.,0.,0.));
#3714=DIRECTION('center_axis',(0.,0.,-1.));
#3715=DIRECTION('ref_axis',(0.,-1.,0.));
#3716=DIRECTION('',(-1.,0.,0.));
#3717=DIRECTION('',(0.,-1.,0.));
#3718=DIRECTION('center_axis',(0.,-1.,0.));
#3719=DIRECTION('ref_axis',(0.,0.,1.));
#3720=DIRECTION('',(0.,0.,1.));
#3721=DIRECTION('',(-1.,0.,0.));
#3722=DIRECTION('center_axis',(0.,0.,-1.));
#3723=DIRECTION('ref_axis',(0.,-1.,0.));
#3724=DIRECTION('',(0.,-1.,0.));
#3725=DIRECTION('',(-1.,0.,0.));
#3726=DIRECTION('center_axis',(0.,1.,0.));
#3727=DIRECTION('ref_axis',(0.,0.,-1.));
#3728=DIRECTION('',(0.,0.,-1.));
#3729=DIRECTION('',(-1.,0.,0.));
#3730=DIRECTION('center_axis',(0.,0.,-1.));
#3731=DIRECTION('ref_axis',(0.,-1.,0.));
#3732=DIRECTION('',(0.,-1.,0.));
#3733=DIRECTION('',(-1.,0.,0.));
#3734=DIRECTION('center_axis',(0.,-1.,0.));
#3735=DIRECTION('ref_axis',(0.,0.,1.));
#3736=DIRECTION('',(0.,0.,1.));
#3737=DIRECTION('',(-1.,0.,0.));
#3738=DIRECTION('center_axis',(0.,0.,-1.));
#3739=DIRECTION('ref_axis',(0.,-1.,0.));
#3740=DIRECTION('',(0.,-1.,0.));
#3741=DIRECTION('',(-1.,0.,0.));
#3742=DIRECTION('center_axis',(0.,-1.,0.));
#3743=DIRECTION('ref_axis',(0.,0.,1.));
#3744=DIRECTION('',(0.,0.,1.));
#3745=DIRECTION('center_axis',(0.,0.,-1.));
#3746=DIRECTION('ref_axis',(0.,-1.,0.));
#3747=DIRECTION('',(0.,-1.,0.));
#3748=DIRECTION('',(-1.,0.,0.));
#3749=DIRECTION('',(-1.,0.,0.));
#3750=DIRECTION('center_axis',(0.,1.,0.));
#3751=DIRECTION('ref_axis',(0.,0.,-1.));
#3752=DIRECTION('',(0.,0.,-1.));
#3753=DIRECTION('',(-1.,0.,0.));
#3754=DIRECTION('center_axis',(0.,0.,-1.));
#3755=DIRECTION('ref_axis',(0.,-1.,0.));
#3756=DIRECTION('',(0.,-1.,0.));
#3757=DIRECTION('',(-1.,0.,0.));
#3758=DIRECTION('center_axis',(0.,-1.,0.));
#3759=DIRECTION('ref_axis',(0.,0.,1.));
#3760=DIRECTION('',(0.,0.,1.));
#3761=DIRECTION('',(-1.,0.,0.));
#3762=DIRECTION('center_axis',(0.,0.,-1.));
#3763=DIRECTION('ref_axis',(0.,-1.,0.));
#3764=DIRECTION('',(0.,-1.,0.));
#3765=DIRECTION('',(-1.,0.,0.));
#3766=DIRECTION('center_axis',(0.,1.,0.));
#3767=DIRECTION('ref_axis',(0.,0.,-1.));
#3768=DIRECTION('',(0.,0.,-1.));
#3769=DIRECTION('center_axis',(0.,1.,0.));
#3770=DIRECTION('ref_axis',(0.,0.,-1.));
#3771=DIRECTION('',(0.,0.,-1.));
#3772=DIRECTION('center_axis',(0.,-1.,0.));
#3773=DIRECTION('ref_axis',(1.,0.,0.));
#3774=DIRECTION('',(1.,0.,0.));
#3775=DIRECTION('',(0.,0.,1.));
#3776=DIRECTION('center_axis',(1.,0.,0.));
#3777=DIRECTION('ref_axis',(0.,1.,0.));
#3778=DIRECTION('',(0.,1.,0.));
#3779=DIRECTION('center_axis',(-1.,0.,0.));
#3780=DIRECTION('ref_axis',(0.,-1.,0.));
#3781=DIRECTION('center_axis',(0.,0.,1.));
#3782=DIRECTION('ref_axis',(1.,0.,0.));
#3783=DIRECTION('',(0.,0.,1.));
#3784=DIRECTION('',(1.,0.,0.));
#3785=CARTESIAN_POINT('',(0.,0.,0.));
#3786=CARTESIAN_POINT('',(0.,0.,0.));
#3787=CARTESIAN_POINT('Origin',(19.3857317406877,-19.0206964883184,3.));
#3788=CARTESIAN_POINT('',(21.3857317406877,-19.0206964883184,3.));
#3789=CARTESIAN_POINT('',(19.3857317406877,-19.0206964883184,3.));
#3790=CARTESIAN_POINT('',(9.69286587034385,-19.0206964883184,3.));
#3791=CARTESIAN_POINT('',(21.3857317406877,-19.0206964883184,13.));
#3792=CARTESIAN_POINT('',(21.3857317406877,-19.0206964883184,3.));
#3793=CARTESIAN_POINT('',(19.3857317406877,-19.0206964883184,13.));
#3794=CARTESIAN_POINT('',(19.3857317406877,-19.0206964883184,13.));
#3795=CARTESIAN_POINT('',(19.3857317406877,-19.0206964883184,3.));
#3796=CARTESIAN_POINT('Origin',(19.3857317406877,-11.5206964883184,3.));
#3797=CARTESIAN_POINT('',(19.3857317406877,-11.5206964883184,3.));
#3798=CARTESIAN_POINT('',(19.3857317406877,-5.76034824415922,3.));
#3799=CARTESIAN_POINT('',(19.3857317406877,-11.5206964883184,13.));
#3800=CARTESIAN_POINT('',(19.3857317406877,-11.5206964883184,13.));
#3801=CARTESIAN_POINT('',(19.3857317406877,-11.5206964883184,3.));
#3802=CARTESIAN_POINT('Origin',(21.3857317406877,-11.5206964883184,3.));
#3803=CARTESIAN_POINT('',(21.3857317406877,-11.5206964883184,3.));
#3804=CARTESIAN_POINT('',(10.6928658703438,-11.5206964883184,3.));
#3805=CARTESIAN_POINT('',(21.3857317406877,-11.5206964883184,13.));
#3806=CARTESIAN_POINT('',(21.3857317406877,-11.5206964883184,13.));
#3807=CARTESIAN_POINT('',(21.3857317406877,-11.5206964883184,3.));
#3808=CARTESIAN_POINT('Origin',(21.3857317406877,-19.0206964883184,3.));
#3809=CARTESIAN_POINT('',(21.3857317406877,-9.51034824415922,3.));
#3810=CARTESIAN_POINT('',(21.3857317406877,-19.0206964883184,13.));
#3811=CARTESIAN_POINT('Origin',(20.3857317406877,-15.2706964883184,13.));
#3812=CARTESIAN_POINT('Origin',(-19.3406377615199,25.,11.9179673539477));
#3813=CARTESIAN_POINT('',(-20.8313690546485,25.,6.62384606598239));
#3814=CARTESIAN_POINT('',(-14.9999474548666,25.,8.54033391295298));
#3815=CARTESIAN_POINT('Origin',(-19.3406377615199,25.,11.9179673539477));
#3816=CARTESIAN_POINT('',(-20.8313690546485,17.75,6.62384606598239));
#3817=CARTESIAN_POINT('',(-20.8313690546485,25.,6.62384606598239));
#3818=CARTESIAN_POINT('',(-14.9999474548666,17.75,8.54033391295298));
#3819=CARTESIAN_POINT('Origin',(-19.3406377615199,17.75,11.9179673539477));
#3820=CARTESIAN_POINT('',(-14.9999474548666,25.,8.54033391295298));
#3821=CARTESIAN_POINT('Origin',(-20.8313690546485,25.,6.62384606598239));
#3822=CARTESIAN_POINT('',(-20.8313690546485,25.,3.));
#3823=CARTESIAN_POINT('',(-20.8313690546485,25.,3.31192303299119));
#3824=CARTESIAN_POINT('',(-20.8313690546485,17.75,3.));
#3825=CARTESIAN_POINT('',(-20.8313690546485,12.5,3.));
#3826=CARTESIAN_POINT('',(-20.8313690546485,17.75,6.62384606598239));
#3827=CARTESIAN_POINT('Origin',(-17.9156582547575,17.75,5.77016695647649));
#3828=CARTESIAN_POINT('',(-14.9999474548666,17.75,3.));
#3829=CARTESIAN_POINT('',(-8.95782912737875,17.75,3.));
#3830=CARTESIAN_POINT('',(-14.9999474548666,17.75,3.));
#3831=CARTESIAN_POINT('Origin',(32.,25.,0.));
#3832=CARTESIAN_POINT('',(-14.9999474548666,25.,16.));
#3833=CARTESIAN_POINT('',(-14.9999474548666,25.,1.5));
#3834=CARTESIAN_POINT('',(-16.,25.,16.));
#3835=CARTESIAN_POINT('',(8.,25.,16.));
#3836=CARTESIAN_POINT('',(-16.,25.,12.));
#3837=CARTESIAN_POINT('',(-16.,25.,6.));
#3838=CARTESIAN_POINT('',(-17.3423208084362,25.,12.));
#3839=CARTESIAN_POINT('',(5.99999985098839,25.,12.));
#3840=CARTESIAN_POINT('',(-20.0000002980232,25.,10.0297827640688));
#3841=CARTESIAN_POINT('Origin',(-19.3406377615199,25.,11.9179673539477));
#3842=CARTESIAN_POINT('',(-20.0000002980232,25.,8.00000017881393));
#3843=CARTESIAN_POINT('',(-20.0000002980232,25.,4.00000008940697));
#3844=CARTESIAN_POINT('',(-25.,25.,8.00000017881393));
#3845=CARTESIAN_POINT('',(-1.49011611938477E-7,25.,8.00000017881393));
#3846=CARTESIAN_POINT('',(-25.,25.,3.));
#3847=CARTESIAN_POINT('',(-25.,25.,7.));
#3848=CARTESIAN_POINT('',(16.,25.,3.));
#3849=CARTESIAN_POINT('Origin',(-21.653348731126,3.08047095617922,4.3));
#3850=CARTESIAN_POINT('',(-20.2185149693816,14.5793916543218,4.3));
#3851=CARTESIAN_POINT('',(-20.2185149693816,-8.41844974196331,4.3));
#3852=CARTESIAN_POINT('',(-20.2185149693816,8.82993130525049,4.3));
#3853=CARTESIAN_POINT('',(-23.0881824928705,14.5793916543218,4.3));
#3854=CARTESIAN_POINT('',(-20.2185149693816,14.5793916543218,4.3));
#3855=CARTESIAN_POINT('',(-23.0881824928705,-8.41844974196331,4.3));
#3856=CARTESIAN_POINT('',(-23.0881824928705,-2.66898939289204,4.3));
#3857=CARTESIAN_POINT('',(-23.0881824928705,-8.41844974196331,4.3));
#3858=CARTESIAN_POINT('Origin',(-23.0881824928705,-8.41844974196331,3.));
#3859=CARTESIAN_POINT('',(-23.0881824928705,14.5793916543218,13.));
#3860=CARTESIAN_POINT('',(-23.0881824928705,14.5793916543218,3.));
#3861=CARTESIAN_POINT('',(-23.0881824928705,-8.41844974196331,13.));
#3862=CARTESIAN_POINT('',(-23.0881824928705,-8.41844974196331,13.));
#3863=CARTESIAN_POINT('',(-23.0881824928705,-8.41844974196331,3.));
#3864=CARTESIAN_POINT('Origin',(-19.3406377615199,32.,11.9179673539477));
#3865=CARTESIAN_POINT('',(-17.3423208084362,32.,12.));
#3866=CARTESIAN_POINT('',(-17.3423208084362,32.,12.));
#3867=CARTESIAN_POINT('',(-20.0000002980232,32.,10.0297827640688));
#3868=CARTESIAN_POINT('Origin',(-19.3406377615199,32.,11.9179673539477));
#3869=CARTESIAN_POINT('',(-20.0000002980232,32.,10.0297827640688));
#3870=CARTESIAN_POINT('Origin',(32.,32.,0.));
#3871=CARTESIAN_POINT('',(-16.,32.,12.));
#3872=CARTESIAN_POINT('',(5.99999985098839,32.,12.));
#3873=CARTESIAN_POINT('',(-16.,32.,16.));
#3874=CARTESIAN_POINT('',(-16.,32.,6.));
#3875=CARTESIAN_POINT('',(-12.,32.,16.));
#3876=CARTESIAN_POINT('',(8.,32.,16.));
#3877=CARTESIAN_POINT('',(-12.,32.,12.));
#3878=CARTESIAN_POINT('',(-12.,32.,8.));
#3879=CARTESIAN_POINT('',(-8.,32.,12.));
#3880=CARTESIAN_POINT('',(10.,32.,12.));
#3881=CARTESIAN_POINT('',(-8.,32.,20.));
#3882=CARTESIAN_POINT('',(-8.,32.,6.));
#3883=CARTESIAN_POINT('',(8.,32.,20.));
#3884=CARTESIAN_POINT('',(16.,32.,20.));
#3885=CARTESIAN_POINT('',(8.,32.,12.));
#3886=CARTESIAN_POINT('',(8.,32.,10.));
#3887=CARTESIAN_POINT('',(12.,32.,12.));
#3888=CARTESIAN_POINT('',(20.,32.,12.));
#3889=CARTESIAN_POINT('',(12.,32.,16.));
#3890=CARTESIAN_POINT('',(12.,32.,6.));
#3891=CARTESIAN_POINT('',(16.,32.,16.));
#3892=CARTESIAN_POINT('',(22.,32.,16.));
#3893=CARTESIAN_POINT('',(16.,32.,12.));
#3894=CARTESIAN_POINT('',(16.,32.,8.));
#3895=CARTESIAN_POINT('',(20.0000002980232,32.,12.0000001788139));
#3896=CARTESIAN_POINT('',(24.,32.,12.));
#3897=CARTESIAN_POINT('',(20.0000002980232,32.,8.00000017881393));
#3898=CARTESIAN_POINT('',(20.0000002980232,32.,6.00000008940697));
#3899=CARTESIAN_POINT('',(32.,32.0000002980232,8.00000017881393));
#3900=CARTESIAN_POINT('',(32.,32.,8.00000017881393));
#3901=CARTESIAN_POINT('',(32.,32.,0.));
#3902=CARTESIAN_POINT('',(32.,32.,0.));
#3903=CARTESIAN_POINT('',(-32.,32.,0.));
#3904=CARTESIAN_POINT('',(32.,32.,0.));
#3905=CARTESIAN_POINT('',(-32.0000002980232,32.,8.00000017881393));
#3906=CARTESIAN_POINT('',(-32.,32.,0.));
#3907=CARTESIAN_POINT('',(-20.0000002980232,32.,8.00000017881393));
#3908=CARTESIAN_POINT('',(-1.49011611938477E-7,32.,8.00000017881393));
#3909=CARTESIAN_POINT('',(-20.0000002980232,32.,4.00000008940697));
#3910=CARTESIAN_POINT('Origin',(-20.0000002980232,32.,12.));
#3911=CARTESIAN_POINT('',(-16.,32.,12.));
#3912=CARTESIAN_POINT('Origin',(-25.,14.5793916543218,3.));
#3913=CARTESIAN_POINT('',(-25.,8.,12.));
#3914=CARTESIAN_POINT('',(-25.,8.,13.));
#3915=CARTESIAN_POINT('',(-25.,8.00000000000001,10.));
#3916=CARTESIAN_POINT('',(-25.,12.,13.));
#3917=CARTESIAN_POINT('',(-25.,14.5793916543218,13.));
#3918=CARTESIAN_POINT('',(-25.,12.,12.));
#3919=CARTESIAN_POINT('',(-25.,12.,6.));
#3920=CARTESIAN_POINT('',(-25.,20.,12.));
#3921=CARTESIAN_POINT('Origin',(-25.,-8.41844974196331,3.));
#3922=CARTESIAN_POINT('',(-17.2185149693816,-8.41844974196331,3.));
#3923=CARTESIAN_POINT('',(-25.,-8.41844974196331,3.));
#3924=CARTESIAN_POINT('',(-12.5,-8.41844974196331,3.));
#3925=CARTESIAN_POINT('',(-17.2185149693816,-8.41844974196331,13.));
#3926=CARTESIAN_POINT('',(-17.2185149693816,-8.41844974196331,3.));
#3927=CARTESIAN_POINT('',(-20.2185149693816,-8.41844974196331,13.));
#3928=CARTESIAN_POINT('',(-20.2185149693816,-8.41844974196331,13.));
#3929=CARTESIAN_POINT('',(-20.2185149693816,-8.41844974196331,3.));
#3930=CARTESIAN_POINT('',(-25.,-8.41844974196331,13.));
#3931=CARTESIAN_POINT('',(-25.,-8.41844974196331,13.));
#3932=CARTESIAN_POINT('',(-25.,-8.41844974196331,12.));
#3933=CARTESIAN_POINT('',(-25.,-8.41844974196331,3.));
#3934=CARTESIAN_POINT('',(-25.,-8.41844974196331,1.5));
#3935=CARTESIAN_POINT('Origin',(-25.,14.5793916543218,3.));
#3936=CARTESIAN_POINT('',(-25.,-7.99999999999999,12.));
#3937=CARTESIAN_POINT('',(-25.,10.,12.));
#3938=CARTESIAN_POINT('',(-25.,-8.,13.));
#3939=CARTESIAN_POINT('',(-25.,14.5793916543218,13.));
#3940=CARTESIAN_POINT('',(-25.,-8.,6.));
#3941=CARTESIAN_POINT('Origin',(-23.0881824928705,14.5793916543218,3.));
#3942=CARTESIAN_POINT('',(-25.,14.5793916543218,3.));
#3943=CARTESIAN_POINT('',(-17.2185149693816,14.5793916543218,3.));
#3944=CARTESIAN_POINT('',(-11.5440912464352,14.5793916543218,3.));
#3945=CARTESIAN_POINT('',(-25.,14.5793916543218,13.));
#3946=CARTESIAN_POINT('',(-25.,14.5793916543218,1.5));
#3947=CARTESIAN_POINT('',(-23.0881824928705,14.5793916543218,13.));
#3948=CARTESIAN_POINT('',(-20.2185149693816,14.5793916543218,13.));
#3949=CARTESIAN_POINT('',(-20.2185149693816,14.5793916543218,3.));
#3950=CARTESIAN_POINT('',(-17.2185149693816,14.5793916543218,13.));
#3951=CARTESIAN_POINT('',(-17.2185149693816,14.5793916543218,13.));
#3952=CARTESIAN_POINT('',(-17.2185149693816,14.5793916543218,3.));
#3953=CARTESIAN_POINT('Origin',(-24.0440912464352,3.08047095617922,13.));
#3954=CARTESIAN_POINT('',(-25.,17.5402354780896,13.));
#3955=CARTESIAN_POINT('',(-25.,17.5402354780896,13.));
#3956=CARTESIAN_POINT('Origin',(-25.,32.,0.));
#3957=CARTESIAN_POINT('',(-25.,8.,20.));
#3958=CARTESIAN_POINT('',(-25.,8.00000000000001,10.));
#3959=CARTESIAN_POINT('',(-25.,-7.99999999999999,20.));
#3960=CARTESIAN_POINT('',(-25.,16.,20.));
#3961=CARTESIAN_POINT('',(-25.,-8.,6.));
#3962=CARTESIAN_POINT('Origin',(-25.,32.,0.));
#3963=CARTESIAN_POINT('',(-25.,16.,3.));
#3964=CARTESIAN_POINT('',(-25.,20.0000002980232,8.00000017881393));
#3965=CARTESIAN_POINT('',(-25.,26.0000001490116,8.00000017881393));
#3966=CARTESIAN_POINT('',(-25.,20.0000002980232,12.0000001788139));
#3967=CARTESIAN_POINT('',(-25.,20.0000002980232,6.00000008940697));
#3968=CARTESIAN_POINT('',(-25.,16.,12.));
#3969=CARTESIAN_POINT('',(-25.,24.,12.));
#3970=CARTESIAN_POINT('',(-25.,16.,16.));
#3971=CARTESIAN_POINT('',(-25.,16.,8.));
#3972=CARTESIAN_POINT('',(-25.,12.,16.));
#3973=CARTESIAN_POINT('',(-25.,22.,16.));
#3974=CARTESIAN_POINT('',(-25.,12.,6.));
#3975=CARTESIAN_POINT('Origin',(-17.2185149693816,-8.41844974196331,3.));
#3976=CARTESIAN_POINT('',(-17.2185149693816,-4.20922487098166,3.));
#3977=CARTESIAN_POINT('',(-17.2185149693816,-8.41844974196331,13.));
#3978=CARTESIAN_POINT('Origin',(-20.2185149693816,14.5793916543218,3.));
#3979=CARTESIAN_POINT('',(-20.2185149693816,14.5793916543218,13.));
#3980=CARTESIAN_POINT('Origin',(-18.7185149693816,3.08047095617922,13.));
#3981=CARTESIAN_POINT('Origin',(25.,-21.4299999999999,3.));
#3982=CARTESIAN_POINT('',(25.7557317406878,-21.4299999999999,8.00000017881393));
#3983=CARTESIAN_POINT('',(25.,-21.4299999999999,8.00000017881393));
#3984=CARTESIAN_POINT('',(28.5,-21.4299999999999,8.00000017881393));
#3985=CARTESIAN_POINT('',(25.7557317406878,-21.4299999999999,3.));
#3986=CARTESIAN_POINT('',(25.7557317406878,-21.4299999999999,3.));
#3987=CARTESIAN_POINT('',(25.,-21.4299999999999,3.));
#3988=CARTESIAN_POINT('',(25.7557317406878,-21.4299999999999,3.));
#3989=CARTESIAN_POINT('',(25.,-21.4299999999999,1.5));
#3990=CARTESIAN_POINT('Origin',(25.7557317406878,-20.1699999999999,3.));
#3991=CARTESIAN_POINT('',(25.,-20.1699999999999,8.00000017881393));
#3992=CARTESIAN_POINT('',(25.7557317406878,-20.1699999999999,8.00000017881393));
#3993=CARTESIAN_POINT('',(28.8778658703439,-20.1699999999999,8.00000017881393));
#3994=CARTESIAN_POINT('',(25.,-20.1699999999999,3.));
#3995=CARTESIAN_POINT('',(25.,-20.1699999999999,1.5));
#3996=CARTESIAN_POINT('',(25.7557317406878,-20.1699999999999,3.));
#3997=CARTESIAN_POINT('',(25.,-20.1699999999999,3.));
#3998=CARTESIAN_POINT('',(25.7557317406878,-20.1699999999999,3.));
#3999=CARTESIAN_POINT('Origin',(25.7557317406878,-21.4299999999999,3.));
#4000=CARTESIAN_POINT('',(25.7557317406878,-20.7150001490116,8.00000017881393));
#4001=CARTESIAN_POINT('',(25.7557317406878,-20.1699999999999,3.));
#4002=CARTESIAN_POINT('Origin',(27.4557317406876,-7.94999999999986,3.));
#4003=CARTESIAN_POINT('',(27.4557317406876,-6.44999999999985,20.));
#4004=CARTESIAN_POINT('',(27.4557317406876,-7.94999999999986,20.));
#4005=CARTESIAN_POINT('',(27.4557317406876,-3.97499999999993,20.));
#4006=CARTESIAN_POINT('',(27.4557317406876,-6.44999999999985,3.));
#4007=CARTESIAN_POINT('',(27.4557317406876,-6.44999999999985,3.));
#4008=CARTESIAN_POINT('',(27.4557317406876,-7.94999999999986,3.));
#4009=CARTESIAN_POINT('',(27.4557317406876,-6.44999999999985,3.));
#4010=CARTESIAN_POINT('',(27.4557317406876,-7.94999999999986,3.));
#4011=CARTESIAN_POINT('Origin',(24.5957317406876,-7.94999999999986,3.));
#4012=CARTESIAN_POINT('',(25.,-7.94999999999986,20.));
#4013=CARTESIAN_POINT('',(12.2978658703438,-7.94999999999986,20.));
#4014=CARTESIAN_POINT('',(25.,-7.94999999999986,3.));
#4015=CARTESIAN_POINT('',(27.4557317406876,-7.94999999999986,3.));
#4016=CARTESIAN_POINT('',(25.,-7.94999999999986,1.5));
#4017=CARTESIAN_POINT('Origin',(27.4557317406876,-6.44999999999985,3.));
#4018=CARTESIAN_POINT('',(25.,-6.44999999999985,20.));
#4019=CARTESIAN_POINT('',(13.7278658703438,-6.44999999999985,20.));
#4020=CARTESIAN_POINT('',(25.,-6.44999999999985,3.));
#4021=CARTESIAN_POINT('',(25.,-6.44999999999985,1.5));
#4022=CARTESIAN_POINT('',(24.3763223197651,-6.44999999999985,3.));
#4023=CARTESIAN_POINT('Origin',(32.,-20.0000002980232,8.00000017881393));
#4024=CARTESIAN_POINT('',(25.,-25.,8.00000017881393));
#4025=CARTESIAN_POINT('',(25.,-26.0000001490116,8.00000017881393));
#4026=CARTESIAN_POINT('',(20.0000002980232,-25.,8.00000017881393));
#4027=CARTESIAN_POINT('',(1.49011609718031E-7,-25.,8.00000017881393));
#4028=CARTESIAN_POINT('',(20.0000002980232,-32.,8.00000017881393));
#4029=CARTESIAN_POINT('',(20.0000002980232,-32.,8.00000017881393));
#4030=CARTESIAN_POINT('',(32.,-32.0000002980232,8.00000017881393));
#4031=CARTESIAN_POINT('',(0.,-32.,8.00000017881393));
#4032=CARTESIAN_POINT('',(32.,-20.0000002980232,8.00000017881393));
#4033=CARTESIAN_POINT('',(32.,-26.0000001490116,8.00000017881393));
#4034=CARTESIAN_POINT('',(25.,-20.0000002980232,8.00000017881393));
#4035=CARTESIAN_POINT('',(32.,-20.0000002980232,8.00000017881393));
#4036=CARTESIAN_POINT('',(25.,-26.0000001490116,8.00000017881393));
#4037=CARTESIAN_POINT('',(28.0000004172325,-27.0500004172325,8.00000017881393));
#4038=CARTESIAN_POINT('Origin',(28.0000004172325,-28.0000004172325,8.00000017881393));
#4039=CARTESIAN_POINT('Origin',(0.,0.,20.));
#4040=CARTESIAN_POINT('',(25.,-8.,20.));
#4041=CARTESIAN_POINT('',(25.,-16.,20.));
#4042=CARTESIAN_POINT('',(32.,-8.,20.));
#4043=CARTESIAN_POINT('',(16.,-8.,20.));
#4044=CARTESIAN_POINT('',(32.,8.,20.));
#4045=CARTESIAN_POINT('',(32.,-16.,20.));
#4046=CARTESIAN_POINT('',(25.,8.,20.));
#4047=CARTESIAN_POINT('',(16.,8.,20.));
#4048=CARTESIAN_POINT('',(25.,-1.1451644062594,20.));
#4049=CARTESIAN_POINT('',(25.,-16.,20.));
#4050=CARTESIAN_POINT('',(22.234678205192,-1.1451644062594,20.));
#4051=CARTESIAN_POINT('',(23.808669551298,-1.1451644062594,20.));
#4052=CARTESIAN_POINT('',(22.234678205192,0.854835593740602,20.));
#4053=CARTESIAN_POINT('',(22.234678205192,-1.1451644062594,20.));
#4054=CARTESIAN_POINT('',(20.234678205192,0.854835593740602,20.));
#4055=CARTESIAN_POINT('',(22.426008653894,0.854835593740602,20.));
#4056=CARTESIAN_POINT('',(20.234678205192,-3.1451644062594,20.));
#4057=CARTESIAN_POINT('',(20.2346782051919,-0.145164406259397,20.));
#4058=CARTESIAN_POINT('',(25.,-3.1451644062594,20.));
#4059=CARTESIAN_POINT('',(21.426008653894,-3.1451644062594,20.));
#4060=CARTESIAN_POINT('',(25.,-16.,20.));
#4061=CARTESIAN_POINT('Origin',(25.,-32.,0.));
#4062=CARTESIAN_POINT('',(25.,-3.1451644062594,3.));
#4063=CARTESIAN_POINT('',(25.,-3.1451644062594,1.5));
#4064=CARTESIAN_POINT('',(25.,-16.,3.));
#4065=CARTESIAN_POINT('Origin',(25.,-32.,0.));
#4066=CARTESIAN_POINT('',(25.,-25.,3.));
#4067=CARTESIAN_POINT('',(25.,-16.,3.));
#4068=CARTESIAN_POINT('',(25.,-25.,0.));
#4069=CARTESIAN_POINT('Origin',(25.,-32.,0.));
#4070=CARTESIAN_POINT('',(25.,-20.0000002980232,12.0000001788139));
#4071=CARTESIAN_POINT('',(25.,-20.0000002980232,6.00000008940697));
#4072=CARTESIAN_POINT('',(25.,-16.,12.));
#4073=CARTESIAN_POINT('',(25.,-24.,12.));
#4074=CARTESIAN_POINT('',(25.,-16.,16.));
#4075=CARTESIAN_POINT('',(25.,-16.,8.));
#4076=CARTESIAN_POINT('',(25.,-12.,16.));
#4077=CARTESIAN_POINT('',(25.,-22.,16.));
#4078=CARTESIAN_POINT('',(25.,-12.,12.));
#4079=CARTESIAN_POINT('',(25.,-12.,6.));
#4080=CARTESIAN_POINT('',(25.,-8.,12.));
#4081=CARTESIAN_POINT('',(25.,-20.,12.));
#4082=CARTESIAN_POINT('',(25.,-8.,10.));
#4083=CARTESIAN_POINT('',(25.,-16.,3.));
#4084=CARTESIAN_POINT('Origin',(22.234678577721,23.,3.));
#4085=CARTESIAN_POINT('',(22.234678577721,25.,8.00000017881393));
#4086=CARTESIAN_POINT('',(22.234678577721,23.,8.00000017881393));
#4087=CARTESIAN_POINT('',(22.234678577721,16.9637088984352,8.00000017881393));
#4088=CARTESIAN_POINT('',(22.234678577721,23.,3.));
#4089=CARTESIAN_POINT('',(22.234678577721,23.,3.));
#4090=CARTESIAN_POINT('',(22.234678577721,25.,3.));
#4091=CARTESIAN_POINT('',(22.234678577721,11.5,3.));
#4092=CARTESIAN_POINT('',(22.234678577721,25.,1.5));
#4093=CARTESIAN_POINT('Origin',(20.234678577721,23.,3.));
#4094=CARTESIAN_POINT('',(20.234678577721,23.,8.00000017881393));
#4095=CARTESIAN_POINT('',(21.4260088401585,23.,8.00000017881393));
#4096=CARTESIAN_POINT('',(20.234678577721,23.,3.));
#4097=CARTESIAN_POINT('',(20.234678577721,23.,3.));
#4098=CARTESIAN_POINT('',(10.1173392888605,23.,3.));
#4099=CARTESIAN_POINT('Origin',(20.234678577721,25.,3.));
#4100=CARTESIAN_POINT('',(20.234678577721,25.,8.00000017881393));
#4101=CARTESIAN_POINT('',(20.234678577721,17.9637088984352,8.00000017881393));
#4102=CARTESIAN_POINT('',(20.234678577721,25.,3.));
#4103=CARTESIAN_POINT('',(20.234678577721,25.,1.5));
#4104=CARTESIAN_POINT('',(20.234678577721,12.5,3.));
#4105=CARTESIAN_POINT('Origin',(32.,25.,0.));
#4106=CARTESIAN_POINT('',(25.,25.,3.));
#4107=CARTESIAN_POINT('',(16.,25.,3.));
#4108=CARTESIAN_POINT('',(25.,25.,8.00000017881393));
#4109=CARTESIAN_POINT('',(25.,25.,7.));
#4110=CARTESIAN_POINT('',(26.0000001490116,25.,8.00000017881393));
#4111=CARTESIAN_POINT('Origin',(20.234678205192,0.854835593740602,3.));
#4112=CARTESIAN_POINT('',(20.234678205192,0.854835593740602,3.));
#4113=CARTESIAN_POINT('',(20.234678205192,0.854835593740602,3.));
#4114=CARTESIAN_POINT('',(20.234678205192,-3.1451644062594,3.));
#4115=CARTESIAN_POINT('',(20.234678205192,0.427417796870301,3.));
#4116=CARTESIAN_POINT('',(20.234678205192,-3.1451644062594,3.));
#4117=CARTESIAN_POINT('Origin',(22.234678205192,0.854835593740602,3.));
#4118=CARTESIAN_POINT('',(22.234678205192,0.854835593740602,3.));
#4119=CARTESIAN_POINT('',(22.234678205192,0.854835593740602,3.));
#4120=CARTESIAN_POINT('',(11.117339102596,0.854835593740602,3.));
#4121=CARTESIAN_POINT('Origin',(22.234678205192,-1.1451644062594,3.));
#4122=CARTESIAN_POINT('',(22.234678205192,-1.1451644062594,3.));
#4123=CARTESIAN_POINT('',(22.234678205192,-1.1451644062594,8.00000017881393));
#4124=CARTESIAN_POINT('',(22.234678205192,-0.572582203129699,3.));
#4125=CARTESIAN_POINT('Origin',(25.,-1.1451644062594,3.));
#4126=CARTESIAN_POINT('',(25.,-1.1451644062594,3.));
#4127=CARTESIAN_POINT('',(25.,-1.1451644062594,1.5));
#4128=CARTESIAN_POINT('',(12.5,-1.1451644062594,3.));
#4129=CARTESIAN_POINT('Origin',(20.234678205192,-3.1451644062594,3.));
#4130=CARTESIAN_POINT('',(10.117339102596,-3.1451644062594,3.));
#4131=CARTESIAN_POINT('Origin',(25.,-32.,0.));
#4132=CARTESIAN_POINT('',(25.,8.,12.));
#4133=CARTESIAN_POINT('',(25.,8.,6.));
#4134=CARTESIAN_POINT('',(25.,12.,12.));
#4135=CARTESIAN_POINT('',(25.,-10.,12.));
#4136=CARTESIAN_POINT('',(25.,12.,16.));
#4137=CARTESIAN_POINT('',(25.,12.,8.));
#4138=CARTESIAN_POINT('',(25.,16.,16.));
#4139=CARTESIAN_POINT('',(25.,-8.,16.));
#4140=CARTESIAN_POINT('',(25.,16.,12.));
#4141=CARTESIAN_POINT('',(25.,16.,6.));
#4142=CARTESIAN_POINT('',(25.,20.0000002980232,12.));
#4143=CARTESIAN_POINT('',(25.,-5.99999985098839,12.));
#4144=CARTESIAN_POINT('',(25.,20.0000002980232,8.00000017881393));
#4145=CARTESIAN_POINT('',(25.,20.0000002980232,4.00000008940697));
#4146=CARTESIAN_POINT('',(25.,1.49011611938477E-7,8.00000017881393));
#4147=CARTESIAN_POINT('',(25.,-16.,3.));
#4148=CARTESIAN_POINT('Origin',(-3.63796898949848,-32.,4.91462530700836));
#4149=CARTESIAN_POINT('',(-5.63796898949848,-27.6790996543953,4.91462530700836));
#4150=CARTESIAN_POINT('',(-4.21607791847565,-27.6790996543953,3.));
#4151=CARTESIAN_POINT('Origin',(-3.63796898949848,-27.6790996543953,4.91462530700836));
#4152=CARTESIAN_POINT('',(-5.63796898949848,-32.,4.91462530700836));
#4153=CARTESIAN_POINT('',(-5.63796898949848,-32.,4.91462530700836));
#4154=CARTESIAN_POINT('',(-3.63796898949848,-32.,2.91462530700836));
#4155=CARTESIAN_POINT('Origin',(-3.63796898949848,-32.,4.91462530700836));
#4156=CARTESIAN_POINT('',(-3.63796898949848,-23.,2.91462530700836));
#4157=CARTESIAN_POINT('',(-3.63796898949848,-32.,2.91462530700836));
#4158=CARTESIAN_POINT('',(-4.21607791847565,-23.,3.));
#4159=CARTESIAN_POINT('Origin',(-3.63796898949848,-23.,4.91462530700836));
#4160=CARTESIAN_POINT('',(-4.21607791847565,-32.,3.));
#4161=CARTESIAN_POINT('Origin',(5.25600346235056E-5,-23.,6.1177628337571));
#4162=CARTESIAN_POINT('',(4.2161830385449,-23.,3.));
#4163=CARTESIAN_POINT('',(2.62800173117528E-5,-23.,3.));
#4164=CARTESIAN_POINT('',(3.63807410956773,-23.,2.91462530700836));
#4165=CARTESIAN_POINT('',(3.63807410956773,-23.,2.91462530700836));
#4166=CARTESIAN_POINT('Origin',(3.63807410956773,-23.,4.91462530700836));
#4167=CARTESIAN_POINT('Origin',(3.63807410956773,-32.,4.91462530700836));
#4168=CARTESIAN_POINT('',(4.2161830385449,-27.6790996543953,3.));
#4169=CARTESIAN_POINT('',(4.2161830385449,-32.,3.));
#4170=CARTESIAN_POINT('',(3.63807410956773,-32.,2.91462530700836));
#4171=CARTESIAN_POINT('',(3.63807410956773,-32.,2.91462530700836));
#4172=CARTESIAN_POINT('',(5.63807410956773,-32.,4.91462530700836));
#4173=CARTESIAN_POINT('Origin',(3.63807410956773,-32.,4.91462530700836));
#4174=CARTESIAN_POINT('',(5.63807410956773,-27.6790996543953,4.91462530700836));
#4175=CARTESIAN_POINT('',(5.63807410956773,-32.,4.91462530700836));
#4176=CARTESIAN_POINT('Origin',(3.63807410956773,-27.6790996543953,4.91462530700836));
#4177=CARTESIAN_POINT('Origin',(5.63807410956772,-32.,7.32090036050583));
#4178=CARTESIAN_POINT('',(5.63807410956772,-27.6790996543953,7.32090036050583));
#4179=CARTESIAN_POINT('',(5.63807410956772,-27.6790996543953,5.16045018025292));
#4180=CARTESIAN_POINT('',(5.63807410956772,-32.,7.32090036050583));
#4181=CARTESIAN_POINT('',(5.63807410956773,-32.,3.66045018025293));
#4182=CARTESIAN_POINT('',(5.63807410956772,-32.,7.32090036050583));
#4183=CARTESIAN_POINT('Origin',(3.63807410956773,-32.,7.32090036050584));
#4184=CARTESIAN_POINT('',(3.63807410956773,-27.6790996543953,9.32090036050583));
#4185=CARTESIAN_POINT('Origin',(3.63807410956773,-27.6790996543953,7.32090036050584));
#4186=CARTESIAN_POINT('',(3.63807410956773,-32.,9.32090036050583));
#4187=CARTESIAN_POINT('Origin',(3.63807410956773,-32.,7.32090036050584));
#4188=CARTESIAN_POINT('',(3.63807410956773,-32.,9.32090036050583));
#4189=CARTESIAN_POINT('Origin',(-3.63796898949848,-32.,9.32090036050583));
#4190=CARTESIAN_POINT('',(-3.63796898949848,-27.6790996543953,9.32090036050583));
#4191=CARTESIAN_POINT('',(-9.31895822218252,-27.6790996543953,9.32090036050583));
#4192=CARTESIAN_POINT('',(-3.63796898949848,-32.,9.32090036050583));
#4193=CARTESIAN_POINT('',(-17.8189844947492,-32.,9.32090036050583));
#4194=CARTESIAN_POINT('',(-3.63796898949848,-32.,9.32090036050583));
#4195=CARTESIAN_POINT('Origin',(-3.63796898949848,-32.,7.32090036050584));
#4196=CARTESIAN_POINT('',(-5.63796898949848,-27.6790996543953,7.32090036050583));
#4197=CARTESIAN_POINT('Origin',(-3.63796898949848,-27.6790996543953,7.32090036050584));
#4198=CARTESIAN_POINT('',(-5.63796898949848,-32.,7.32090036050583));
#4199=CARTESIAN_POINT('Origin',(-3.63796898949848,-32.,7.32090036050584));
#4200=CARTESIAN_POINT('',(-5.63796898949848,-32.,7.32090036050583));
#4201=CARTESIAN_POINT('Origin',(-5.63796898949848,-32.,4.91462530700836));
#4202=CARTESIAN_POINT('',(-5.63796898949848,-27.6790996543953,3.95731265350418));
#4203=CARTESIAN_POINT('',(-5.63796898949848,-32.,2.45731265350417));
#4204=CARTESIAN_POINT('Origin',(3.63807410956773,-32.,2.91462530700836));
#4205=CARTESIAN_POINT('',(-14.1809629452161,-32.,2.91462530700836));
#4206=CARTESIAN_POINT('Origin',(0.,0.,3.));
#4207=CARTESIAN_POINT('',(-25.,-25.,3.));
#4208=CARTESIAN_POINT('',(-25.,16.,3.));
#4209=CARTESIAN_POINT('',(-14.9999474548666,-25.,3.));
#4210=CARTESIAN_POINT('',(-16.,-25.,3.));
#4211=CARTESIAN_POINT('',(-14.9999474548666,-27.6790996543953,3.));
#4212=CARTESIAN_POINT('',(-14.9999474548666,29.320900375407,3.));
#4213=CARTESIAN_POINT('',(-14.9999474548666,-27.6790996543953,3.));
#4214=CARTESIAN_POINT('',(15.0000525749358,-27.6790996543953,3.));
#4215=CARTESIAN_POINT('',(-14.9999474548666,-27.6790996543953,3.));
#4216=CARTESIAN_POINT('',(15.0000525749358,-25.,3.));
#4217=CARTESIAN_POINT('',(15.0000525749358,-27.6790996543953,3.));
#4218=CARTESIAN_POINT('',(-16.,-25.,3.));
#4219=CARTESIAN_POINT('',(15.0000525749358,25.,3.));
#4220=CARTESIAN_POINT('',(16.,25.,3.));
#4221=CARTESIAN_POINT('',(15.0000525749358,29.320900375407,3.));
#4222=CARTESIAN_POINT('',(15.0000525749358,-27.6790996543953,3.));
#4223=CARTESIAN_POINT('',(-14.9999474548666,29.320900375407,3.));
#4224=CARTESIAN_POINT('',(15.0000525749358,29.320900375407,3.));
#4225=CARTESIAN_POINT('',(-14.9999474548666,12.5,3.));
#4226=CARTESIAN_POINT('Origin',(-14.9999474548666,-27.6790996543953,3.));
#4227=CARTESIAN_POINT('',(-14.9999474548666,-27.6790996543953,16.));
#4228=CARTESIAN_POINT('',(-14.9999474548666,-27.6790996543953,3.));
#4229=CARTESIAN_POINT('',(-12.,-27.6790996543953,16.));
#4230=CARTESIAN_POINT('',(-13.4999737274333,-27.6790996543953,16.));
#4231=CARTESIAN_POINT('',(-12.,-27.6790996543953,12.));
#4232=CARTESIAN_POINT('',(-12.,-27.6790996543953,7.5));
#4233=CARTESIAN_POINT('',(-8.00000000000001,-27.6790996543953,12.));
#4234=CARTESIAN_POINT('',(-11.4999737274333,-27.6790996543953,12.));
#4235=CARTESIAN_POINT('',(-8.00000000000001,-27.6790996543953,20.));
#4236=CARTESIAN_POINT('',(-8.00000000000001,-27.6790996543953,11.5));
#4237=CARTESIAN_POINT('',(8.,-27.6790996543953,20.));
#4238=CARTESIAN_POINT('',(-7.49997372743328,-27.6790996543953,20.));
#4239=CARTESIAN_POINT('',(8.,-27.6790996543953,12.));
#4240=CARTESIAN_POINT('',(7.99999999999999,-27.6790996543953,7.5));
#4241=CARTESIAN_POINT('',(12.,-27.6790996543953,12.));
#4242=CARTESIAN_POINT('',(-1.49997372743328,-27.6790996543953,12.));
#4243=CARTESIAN_POINT('',(12.,-27.6790996543953,16.));
#4244=CARTESIAN_POINT('',(12.,-27.6790996543953,9.5));
#4245=CARTESIAN_POINT('',(15.0000525749358,-27.6790996543953,16.));
#4246=CARTESIAN_POINT('',(0.500026272566717,-27.6790996543953,16.));
#4247=CARTESIAN_POINT('',(15.0000525749358,-27.6790996543953,3.));
#4248=CARTESIAN_POINT('Origin',(15.0000525749358,-27.6790996543953,3.));
#4249=CARTESIAN_POINT('',(15.0000525749358,25.,16.));
#4250=CARTESIAN_POINT('',(15.0000525749358,25.,1.5));
#4251=CARTESIAN_POINT('',(15.0000525749358,29.320900375407,16.));
#4252=CARTESIAN_POINT('',(15.0000525749358,2.16045017280234,16.));
#4253=CARTESIAN_POINT('',(15.0000525749358,29.320900375407,3.));
#4254=CARTESIAN_POINT('Origin',(-14.9999474548666,29.320900375407,3.));
#4255=CARTESIAN_POINT('',(-14.9999474548666,29.320900375407,16.));
#4256=CARTESIAN_POINT('',(-14.9999474548666,29.320900375407,3.));
#4257=CARTESIAN_POINT('',(-14.9999474548666,30.6604501877035,16.));
#4258=CARTESIAN_POINT('Origin',(-14.9999474548666,29.320900375407,3.));
#4259=CARTESIAN_POINT('',(-14.9999474548666,-25.,16.));
#4260=CARTESIAN_POINT('',(-14.9999474548666,-1.3395498122965,16.));
#4261=CARTESIAN_POINT('',(-14.9999474548666,-25.,1.5));
#4262=CARTESIAN_POINT('Origin',(15.0000525749358,-27.6790996543953,3.));
#4263=CARTESIAN_POINT('',(15.0000525749358,-25.,16.));
#4264=CARTESIAN_POINT('',(15.0000525749358,-29.8395498271977,16.));
#4265=CARTESIAN_POINT('',(15.0000525749358,-25.,1.5));
#4266=CARTESIAN_POINT('Origin',(15.0000525749358,29.320900375407,3.));
#4267=CARTESIAN_POINT('',(12.,29.320900375407,16.));
#4268=CARTESIAN_POINT('',(13.5000262874679,29.320900375407,16.));
#4269=CARTESIAN_POINT('',(12.,29.320900375407,12.));
#4270=CARTESIAN_POINT('',(12.,29.320900375407,7.5));
#4271=CARTESIAN_POINT('',(8.,29.320900375407,12.));
#4272=CARTESIAN_POINT('',(11.5000262874679,29.320900375407,12.));
#4273=CARTESIAN_POINT('',(8.,29.320900375407,20.));
#4274=CARTESIAN_POINT('',(8.,29.320900375407,11.5));
#4275=CARTESIAN_POINT('',(-8.,29.320900375407,20.));
#4276=CARTESIAN_POINT('',(7.50002628746788,29.320900375407,20.));
#4277=CARTESIAN_POINT('',(-8.,29.320900375407,12.));
#4278=CARTESIAN_POINT('',(-8.,29.320900375407,7.5));
#4279=CARTESIAN_POINT('',(-12.,29.320900375407,12.));
#4280=CARTESIAN_POINT('',(1.50002628746788,29.320900375407,12.));
#4281=CARTESIAN_POINT('',(-12.,29.320900375407,16.));
#4282=CARTESIAN_POINT('',(-12.,29.320900375407,9.5));
#4283=CARTESIAN_POINT('',(-0.499973712532117,29.320900375407,16.));
#4284=CARTESIAN_POINT('Origin',(0.,0.,20.));
#4285=CARTESIAN_POINT('',(-8.00000000000001,-32.,20.));
#4286=CARTESIAN_POINT('',(-8.,-16.,20.));
#4287=CARTESIAN_POINT('',(7.99999999999999,-32.,20.));
#4288=CARTESIAN_POINT('',(-16.,-32.,20.));
#4289=CARTESIAN_POINT('',(8.,-16.,20.));
#4290=CARTESIAN_POINT('Origin',(-8.00000000000001,-32.,20.));
#4291=CARTESIAN_POINT('',(-8.00000000000001,-32.,12.));
#4292=CARTESIAN_POINT('',(-8.00000000000001,-32.,12.));
#4293=CARTESIAN_POINT('',(-8.00000000000001,-32.,10.));
#4294=CARTESIAN_POINT('Origin',(-8.00000000000001,-32.,12.));
#4295=CARTESIAN_POINT('',(-12.,-32.,12.));
#4296=CARTESIAN_POINT('',(-12.,-32.,12.));
#4297=CARTESIAN_POINT('',(-20.,-32.,12.));
#4298=CARTESIAN_POINT('Origin',(-12.,-32.,12.));
#4299=CARTESIAN_POINT('',(-12.,-32.,16.));
#4300=CARTESIAN_POINT('',(-12.,-32.,16.));
#4301=CARTESIAN_POINT('',(-12.,-32.,6.));
#4302=CARTESIAN_POINT('Origin',(-12.,-32.,16.));
#4303=CARTESIAN_POINT('',(-16.,-25.,16.));
#4304=CARTESIAN_POINT('',(-22.,-25.,16.));
#4305=CARTESIAN_POINT('',(-16.,-32.,16.));
#4306=CARTESIAN_POINT('',(-16.,-32.,16.));
#4307=CARTESIAN_POINT('',(-22.,-32.,16.));
#4308=CARTESIAN_POINT('Origin',(-32.,-25.,0.));
#4309=CARTESIAN_POINT('',(-25.,-25.,8.00000017881393));
#4310=CARTESIAN_POINT('',(-25.,-25.,7.));
#4311=CARTESIAN_POINT('',(-20.0000002980232,-25.,8.00000017881393));
#4312=CARTESIAN_POINT('',(-26.0000001490116,-25.,8.00000017881393));
#4313=CARTESIAN_POINT('',(-20.0000002980232,-25.,12.0000001788139));
#4314=CARTESIAN_POINT('',(-20.0000002980232,-25.,6.00000008940697));
#4315=CARTESIAN_POINT('',(-16.,-25.,12.));
#4316=CARTESIAN_POINT('',(-24.,-25.,12.));
#4317=CARTESIAN_POINT('',(-16.,-25.,8.));
#4318=CARTESIAN_POINT('Origin',(32.,25.,0.));
#4319=CARTESIAN_POINT('',(20.0000002980232,25.,8.00000017881393));
#4320=CARTESIAN_POINT('',(26.0000001490116,25.,8.00000017881393));
#4321=CARTESIAN_POINT('',(20.0000002980232,25.,12.0000001788139));
#4322=CARTESIAN_POINT('',(20.0000002980232,25.,6.00000008940697));
#4323=CARTESIAN_POINT('',(16.,25.,12.));
#4324=CARTESIAN_POINT('',(24.,25.,12.));
#4325=CARTESIAN_POINT('',(16.,25.,16.));
#4326=CARTESIAN_POINT('',(16.,25.,8.));
#4327=CARTESIAN_POINT('',(22.,25.,16.));
#4328=CARTESIAN_POINT('Origin',(-16.,32.,16.));
#4329=CARTESIAN_POINT('',(-12.,32.,16.));
#4330=CARTESIAN_POINT('',(-16.,32.,16.));
#4331=CARTESIAN_POINT('Origin',(-12.,32.,16.));
#4332=CARTESIAN_POINT('',(-12.,32.,12.));
#4333=CARTESIAN_POINT('Origin',(-12.,32.,12.));
#4334=CARTESIAN_POINT('',(-8.,32.,12.));
#4335=CARTESIAN_POINT('Origin',(28.0000004172325,-28.0000004172325,0.));
#4336=CARTESIAN_POINT('',(28.0000004172325,-27.0500004172325,3.));
#4337=CARTESIAN_POINT('Origin',(28.0000004172325,-28.0000004172325,3.));
#4338=CARTESIAN_POINT('',(28.0000004172325,-27.0500004172325,0.));
#4339=CARTESIAN_POINT('Origin',(28.0000004172325,-28.0000004172325,0.));
#4340=CARTESIAN_POINT('',(28.0000004172325,-25.5000004172325,0.));
#4341=CARTESIAN_POINT('Origin',(28.0000004172325,-28.0000004172325,0.));
#4342=CARTESIAN_POINT('',(28.0000004172325,-25.5000004172325,3.));
#4343=CARTESIAN_POINT('',(28.0000004172325,-25.5000004172325,0.));
#4344=CARTESIAN_POINT('Origin',(28.0000004172325,-28.0000004172325,3.));
#4345=CARTESIAN_POINT('Origin',(28.0000004172325,-28.0000004172325,3.));
#4346=CARTESIAN_POINT('Origin',(-28.0000004172325,-28.0000004172325,0.));
#4347=CARTESIAN_POINT('',(-27.0500004172325,-28.0000004172325,3.));
#4348=CARTESIAN_POINT('Origin',(-28.0000004172325,-28.0000004172325,3.));
#4349=CARTESIAN_POINT('',(-27.0500004172325,-28.0000004172325,8.00000017881393));
#4350=CARTESIAN_POINT('',(-27.0500004172325,-28.0000004172325,0.));
#4351=CARTESIAN_POINT('Origin',(-28.0000004172325,-28.0000004172325,8.00000017881393));
#4352=CARTESIAN_POINT('Origin',(-28.0000004172325,-28.0000004172325,0.));
#4353=CARTESIAN_POINT('',(-25.5000004172325,-28.0000004172325,0.));
#4354=CARTESIAN_POINT('Origin',(-28.0000004172325,-28.0000004172325,0.));
#4355=CARTESIAN_POINT('',(-25.5000004172325,-28.0000004172325,3.));
#4356=CARTESIAN_POINT('',(-25.5000004172325,-28.0000004172325,0.));
#4357=CARTESIAN_POINT('Origin',(-28.0000004172325,-28.0000004172325,3.));
#4358=CARTESIAN_POINT('Origin',(-28.0000004172325,-28.0000004172325,3.));
#4359=CARTESIAN_POINT('Origin',(-28.0000004172325,28.0000004172325,0.));
#4360=CARTESIAN_POINT('',(-28.0000004172325,27.0500004172325,3.));
#4361=CARTESIAN_POINT('Origin',(-28.0000004172325,28.0000004172325,3.));
#4362=CARTESIAN_POINT('',(-28.0000004172325,27.0500004172325,8.00000017881393));
#4363=CARTESIAN_POINT('',(-28.0000004172325,27.0500004172325,0.));
#4364=CARTESIAN_POINT('Origin',(-28.0000004172325,28.0000004172325,8.00000017881393));
#4365=CARTESIAN_POINT('Origin',(-28.0000004172325,28.0000004172325,0.));
#4366=CARTESIAN_POINT('',(-28.0000004172325,25.5000004172325,0.));
#4367=CARTESIAN_POINT('Origin',(-28.0000004172325,28.0000004172325,0.));
#4368=CARTESIAN_POINT('',(-28.0000004172325,25.5000004172325,3.));
#4369=CARTESIAN_POINT('',(-28.0000004172325,25.5000004172325,0.));
#4370=CARTESIAN_POINT('Origin',(-28.0000004172325,28.0000004172325,3.));
#4371=CARTESIAN_POINT('Origin',(-28.0000004172325,28.0000004172325,3.));
#4372=CARTESIAN_POINT('Origin',(28.0000004172325,28.0000004172325,0.));
#4373=CARTESIAN_POINT('',(27.0500004172325,28.0000004172325,3.));
#4374=CARTESIAN_POINT('Origin',(28.0000004172325,28.0000004172325,3.));
#4375=CARTESIAN_POINT('',(27.0500004172325,28.0000004172325,8.00000017881393));
#4376=CARTESIAN_POINT('',(27.0500004172325,28.0000004172325,0.));
#4377=CARTESIAN_POINT('Origin',(28.0000004172325,28.0000004172325,8.00000017881393));
#4378=CARTESIAN_POINT('Origin',(28.0000004172325,28.0000004172325,0.));
#4379=CARTESIAN_POINT('',(25.5000004172325,28.0000004172325,0.));
#4380=CARTESIAN_POINT('Origin',(28.0000004172325,28.0000004172325,0.));
#4381=CARTESIAN_POINT('',(25.5000004172325,28.0000004172325,3.));
#4382=CARTESIAN_POINT('',(25.5000004172325,28.0000004172325,0.));
#4383=CARTESIAN_POINT('Origin',(28.0000004172325,28.0000004172325,3.));
#4384=CARTESIAN_POINT('Origin',(28.0000004172325,28.0000004172325,3.));
#4385=CARTESIAN_POINT('Origin',(7.99999999999999,-32.,12.));
#4386=CARTESIAN_POINT('',(7.99999999999999,-32.,12.));
#4387=CARTESIAN_POINT('',(7.99999999999999,-32.,6.));
#4388=CARTESIAN_POINT('',(7.99999999999999,-32.,12.));
#4389=CARTESIAN_POINT('Origin',(12.,-32.,12.));
#4390=CARTESIAN_POINT('',(12.,-32.,12.));
#4391=CARTESIAN_POINT('',(-10.,-32.,12.));
#4392=CARTESIAN_POINT('',(12.,-32.,12.));
#4393=CARTESIAN_POINT('Origin',(12.,-32.,16.));
#4394=CARTESIAN_POINT('',(12.,-32.,16.));
#4395=CARTESIAN_POINT('',(12.,-32.,8.));
#4396=CARTESIAN_POINT('',(12.,-32.,16.));
#4397=CARTESIAN_POINT('Origin',(16.,-32.,16.));
#4398=CARTESIAN_POINT('',(16.,-32.,16.));
#4399=CARTESIAN_POINT('',(-8.,-32.,16.));
#4400=CARTESIAN_POINT('',(16.,-25.,16.));
#4401=CARTESIAN_POINT('',(16.,-32.,16.));
#4402=CARTESIAN_POINT('',(-8.,-25.,16.));
#4403=CARTESIAN_POINT('Origin',(16.,-32.,12.));
#4404=CARTESIAN_POINT('',(16.,-32.,12.));
#4405=CARTESIAN_POINT('',(16.,-32.,6.));
#4406=CARTESIAN_POINT('',(16.,-25.,12.));
#4407=CARTESIAN_POINT('',(16.,-32.,12.));
#4408=CARTESIAN_POINT('',(16.,-25.,6.));
#4409=CARTESIAN_POINT('Origin',(20.0000002980232,-32.,12.));
#4410=CARTESIAN_POINT('',(20.0000002980232,-32.,12.));
#4411=CARTESIAN_POINT('',(-5.99999985098839,-32.,12.));
#4412=CARTESIAN_POINT('',(20.0000002980232,-25.,12.));
#4413=CARTESIAN_POINT('',(20.0000002980232,-32.,12.));
#4414=CARTESIAN_POINT('',(-5.99999985098839,-25.,12.));
#4415=CARTESIAN_POINT('Origin',(20.0000002980232,-32.,8.00000017881393));
#4416=CARTESIAN_POINT('',(20.0000002980232,-32.,4.00000008940697));
#4417=CARTESIAN_POINT('',(20.0000002980232,-25.,4.00000008940697));
#4418=CARTESIAN_POINT('Origin',(-16.,-32.,12.));
#4419=CARTESIAN_POINT('',(-16.,-32.,12.));
#4420=CARTESIAN_POINT('',(-20.0000002980232,-32.,12.0000001788139));
#4421=CARTESIAN_POINT('',(-24.,-32.,12.));
#4422=CARTESIAN_POINT('',(-16.,-32.,12.));
#4423=CARTESIAN_POINT('',(-20.0000002980232,-32.,12.0000001788139));
#4424=CARTESIAN_POINT('Origin',(-16.,-32.,16.));
#4425=CARTESIAN_POINT('',(-16.,-32.,8.));
#4426=CARTESIAN_POINT('Origin',(-20.0000002980232,-32.,12.0000001788139));
#4427=CARTESIAN_POINT('',(-20.0000002980232,-32.,8.00000017881393));
#4428=CARTESIAN_POINT('',(-20.0000002980232,-32.,6.00000008940697));
#4429=CARTESIAN_POINT('',(-20.0000002980232,-32.,8.00000017881393));
#4430=CARTESIAN_POINT('Origin',(-32.,-25.,0.));
#4431=CARTESIAN_POINT('Origin',(-32.,-32.0000002980232,8.00000017881393));
#4432=CARTESIAN_POINT('',(-25.,-20.0000002980232,8.00000017881393));
#4433=CARTESIAN_POINT('',(-25.,-1.49011609718031E-7,8.00000017881393));
#4434=CARTESIAN_POINT('',(-32.,-20.0000002980232,8.00000017881393));
#4435=CARTESIAN_POINT('',(-32.,-20.0000002980232,8.00000017881393));
#4436=CARTESIAN_POINT('',(-32.,-32.0000002980232,8.00000017881393));
#4437=CARTESIAN_POINT('',(-32.,-1.49011609718031E-7,8.00000017881393));
#4438=CARTESIAN_POINT('',(-32.,-32.,8.00000017881393));
#4439=CARTESIAN_POINT('Origin',(-32.,-8.,12.));
#4440=CARTESIAN_POINT('',(-32.,-8.,12.));
#4441=CARTESIAN_POINT('',(-32.,-8.,20.));
#4442=CARTESIAN_POINT('',(-32.,-8.,6.));
#4443=CARTESIAN_POINT('',(-32.,-8.,12.));
#4444=CARTESIAN_POINT('',(-16.,-8.,20.));
#4445=CARTESIAN_POINT('Origin',(-32.,-12.,12.));
#4446=CARTESIAN_POINT('',(-32.,-12.,12.));
#4447=CARTESIAN_POINT('',(-32.,10.,12.));
#4448=CARTESIAN_POINT('',(-25.,-12.,12.));
#4449=CARTESIAN_POINT('',(-32.,-12.,12.));
#4450=CARTESIAN_POINT('',(-25.,10.,12.));
#4451=CARTESIAN_POINT('Origin',(-32.,-12.,16.));
#4452=CARTESIAN_POINT('',(-32.,-12.,16.));
#4453=CARTESIAN_POINT('',(-32.,-12.,8.));
#4454=CARTESIAN_POINT('',(-25.,-12.,16.));
#4455=CARTESIAN_POINT('',(-32.,-12.,16.));
#4456=CARTESIAN_POINT('',(-25.,-12.,8.));
#4457=CARTESIAN_POINT('Origin',(-32.,-16.,16.));
#4458=CARTESIAN_POINT('',(-32.,-16.,16.));
#4459=CARTESIAN_POINT('',(-32.,8.,16.));
#4460=CARTESIAN_POINT('',(-25.,-16.,16.));
#4461=CARTESIAN_POINT('',(-32.,-16.,16.));
#4462=CARTESIAN_POINT('',(-25.,8.,16.));
#4463=CARTESIAN_POINT('Origin',(-32.,-16.,12.));
#4464=CARTESIAN_POINT('',(-32.,-16.,12.));
#4465=CARTESIAN_POINT('',(-32.,-16.,6.));
#4466=CARTESIAN_POINT('',(-25.,-16.,12.));
#4467=CARTESIAN_POINT('',(-32.,-16.,12.));
#4468=CARTESIAN_POINT('',(-25.,-16.,6.));
#4469=CARTESIAN_POINT('Origin',(-32.,-20.0000002980232,12.));
#4470=CARTESIAN_POINT('',(-32.,-20.0000002980232,12.));
#4471=CARTESIAN_POINT('',(-32.,5.99999985098839,12.));
#4472=CARTESIAN_POINT('',(-25.,-20.0000002980232,12.));
#4473=CARTESIAN_POINT('',(-32.,-20.0000002980232,12.));
#4474=CARTESIAN_POINT('',(-25.,5.99999985098839,12.));
#4475=CARTESIAN_POINT('Origin',(-32.,-20.0000002980232,8.00000017881393));
#4476=CARTESIAN_POINT('',(-32.,-20.0000002980232,4.00000008940697));
#4477=CARTESIAN_POINT('',(-25.,-20.0000002980232,4.00000008940697));
#4478=CARTESIAN_POINT('Origin',(-32.,16.,12.));
#4479=CARTESIAN_POINT('',(-32.,16.,12.));
#4480=CARTESIAN_POINT('',(-32.,20.0000002980232,12.0000001788139));
#4481=CARTESIAN_POINT('',(-32.,24.,12.));
#4482=CARTESIAN_POINT('',(-32.,16.,12.));
#4483=CARTESIAN_POINT('',(-32.,20.0000002980232,12.0000001788139));
#4484=CARTESIAN_POINT('Origin',(-32.,16.,16.));
#4485=CARTESIAN_POINT('',(-32.,16.,16.));
#4486=CARTESIAN_POINT('',(-32.,16.,8.));
#4487=CARTESIAN_POINT('',(-32.,16.,16.));
#4488=CARTESIAN_POINT('Origin',(-32.,12.,16.));
#4489=CARTESIAN_POINT('',(-32.,12.,16.));
#4490=CARTESIAN_POINT('',(-32.,22.,16.));
#4491=CARTESIAN_POINT('',(-32.,12.,16.));
#4492=CARTESIAN_POINT('Origin',(-32.,12.,12.));
#4493=CARTESIAN_POINT('',(-32.,12.,12.));
#4494=CARTESIAN_POINT('',(-32.,12.,6.));
#4495=CARTESIAN_POINT('',(-32.,12.,12.));
#4496=CARTESIAN_POINT('Origin',(-32.,8.00000000000001,12.));
#4497=CARTESIAN_POINT('',(-32.,8.00000000000001,12.));
#4498=CARTESIAN_POINT('',(-32.,20.,12.));
#4499=CARTESIAN_POINT('',(-32.,8.00000000000001,12.));
#4500=CARTESIAN_POINT('Origin',(-32.,8.00000000000001,20.));
#4501=CARTESIAN_POINT('',(-32.,8.00000000000001,20.));
#4502=CARTESIAN_POINT('',(-32.,8.00000000000001,10.));
#4503=CARTESIAN_POINT('',(-16.,8.,20.));
#4504=CARTESIAN_POINT('Origin',(-32.,20.0000002980232,12.0000001788139));
#4505=CARTESIAN_POINT('',(-32.,20.0000002980232,8.00000017881393));
#4506=CARTESIAN_POINT('',(-32.,20.0000002980232,6.00000008940697));
#4507=CARTESIAN_POINT('',(-32.,20.0000002980232,8.00000017881393));
#4508=CARTESIAN_POINT('Origin',(0.,0.,20.));
#4509=CARTESIAN_POINT('',(-32.,16.,20.));
#4510=CARTESIAN_POINT('Origin',(-32.,32.,0.));
#4511=CARTESIAN_POINT('',(-32.,32.,8.00000017881393));
#4512=CARTESIAN_POINT('',(-32.,-32.,0.));
#4513=CARTESIAN_POINT('',(-32.,32.,0.));
#4514=CARTESIAN_POINT('',(-32.,-32.,0.));
#4515=CARTESIAN_POINT('Origin',(-32.0000002980232,32.,8.00000017881393));
#4516=CARTESIAN_POINT('',(-20.0000002980232,32.,8.00000017881393));
#4517=CARTESIAN_POINT('Origin',(-8.,32.,12.));
#4518=CARTESIAN_POINT('',(-8.,16.,20.));
#4519=CARTESIAN_POINT('Origin',(-16.,32.,12.));
#4520=CARTESIAN_POINT('Origin',(-20.0000002980232,32.,8.00000017881393));
#4521=CARTESIAN_POINT('Origin',(16.,32.,12.));
#4522=CARTESIAN_POINT('',(16.,32.,12.));
#4523=CARTESIAN_POINT('',(20.0000002980232,32.,12.0000001788139));
#4524=CARTESIAN_POINT('Origin',(16.,32.,16.));
#4525=CARTESIAN_POINT('',(16.,32.,16.));
#4526=CARTESIAN_POINT('Origin',(12.,32.,16.));
#4527=CARTESIAN_POINT('',(12.,32.,16.));
#4528=CARTESIAN_POINT('Origin',(12.,32.,12.));
#4529=CARTESIAN_POINT('',(12.,32.,12.));
#4530=CARTESIAN_POINT('Origin',(8.,32.,12.));
#4531=CARTESIAN_POINT('',(8.,32.,12.));
#4532=CARTESIAN_POINT('Origin',(8.,32.,20.));
#4533=CARTESIAN_POINT('',(8.,16.,20.));
#4534=CARTESIAN_POINT('Origin',(20.0000002980232,32.,12.0000001788139));
#4535=CARTESIAN_POINT('',(20.0000002980232,32.,8.00000017881393));
#4536=CARTESIAN_POINT('Origin',(0.,0.,20.));
#4537=CARTESIAN_POINT('Origin',(32.,32.0000002980232,8.00000017881393));
#4538=CARTESIAN_POINT('',(32.,20.0000002980232,8.00000017881393));
#4539=CARTESIAN_POINT('',(32.,20.0000002980232,8.00000017881393));
#4540=CARTESIAN_POINT('',(32.,1.49011611938477E-7,8.00000017881393));
#4541=CARTESIAN_POINT('Origin',(32.,8.,12.));
#4542=CARTESIAN_POINT('',(32.,8.,12.));
#4543=CARTESIAN_POINT('',(32.,8.,6.));
#4544=CARTESIAN_POINT('',(32.,8.,12.));
#4545=CARTESIAN_POINT('Origin',(32.,12.,12.));
#4546=CARTESIAN_POINT('',(32.,12.,12.));
#4547=CARTESIAN_POINT('',(32.,-10.,12.));
#4548=CARTESIAN_POINT('',(32.,12.,12.));
#4549=CARTESIAN_POINT('Origin',(32.,12.,16.));
#4550=CARTESIAN_POINT('',(32.,12.,16.));
#4551=CARTESIAN_POINT('',(32.,12.,8.));
#4552=CARTESIAN_POINT('',(32.,12.,16.));
#4553=CARTESIAN_POINT('Origin',(32.,16.,16.));
#4554=CARTESIAN_POINT('',(32.,16.,16.));
#4555=CARTESIAN_POINT('',(32.,-8.,16.));
#4556=CARTESIAN_POINT('',(32.,16.,16.));
#4557=CARTESIAN_POINT('Origin',(32.,16.,12.));
#4558=CARTESIAN_POINT('',(32.,16.,12.));
#4559=CARTESIAN_POINT('',(32.,16.,6.));
#4560=CARTESIAN_POINT('',(32.,16.,12.));
#4561=CARTESIAN_POINT('Origin',(32.,20.0000002980232,12.));
#4562=CARTESIAN_POINT('',(32.,20.0000002980232,12.));
#4563=CARTESIAN_POINT('',(32.,-5.99999985098839,12.));
#4564=CARTESIAN_POINT('',(32.,20.0000002980232,12.));
#4565=CARTESIAN_POINT('Origin',(32.,20.0000002980232,8.00000017881393));
#4566=CARTESIAN_POINT('',(32.,20.0000002980232,4.00000008940697));
#4567=CARTESIAN_POINT('Origin',(32.,-16.,12.));
#4568=CARTESIAN_POINT('',(32.,-16.,12.));
#4569=CARTESIAN_POINT('',(32.,-20.0000002980232,12.0000001788139));
#4570=CARTESIAN_POINT('',(32.,-24.,12.));
#4571=CARTESIAN_POINT('',(32.,-16.,12.));
#4572=CARTESIAN_POINT('',(32.,-20.0000002980232,12.0000001788139));
#4573=CARTESIAN_POINT('Origin',(32.,-16.,16.));
#4574=CARTESIAN_POINT('',(32.,-16.,16.));
#4575=CARTESIAN_POINT('',(32.,-16.,8.));
#4576=CARTESIAN_POINT('',(32.,-16.,16.));
#4577=CARTESIAN_POINT('Origin',(32.,-12.,16.));
#4578=CARTESIAN_POINT('',(32.,-12.,16.));
#4579=CARTESIAN_POINT('',(32.,-22.,16.));
#4580=CARTESIAN_POINT('',(32.,-12.,16.));
#4581=CARTESIAN_POINT('Origin',(32.,-12.,12.));
#4582=CARTESIAN_POINT('',(32.,-12.,12.));
#4583=CARTESIAN_POINT('',(32.,-12.,6.));
#4584=CARTESIAN_POINT('',(32.,-12.,12.));
#4585=CARTESIAN_POINT('Origin',(32.,-8.,12.));
#4586=CARTESIAN_POINT('',(32.,-8.,12.));
#4587=CARTESIAN_POINT('',(32.,-20.,12.));
#4588=CARTESIAN_POINT('',(32.,-8.,12.));
#4589=CARTESIAN_POINT('Origin',(32.,-8.,20.));
#4590=CARTESIAN_POINT('',(32.,-8.,10.));
#4591=CARTESIAN_POINT('Origin',(32.,-20.0000002980232,12.0000001788139));
#4592=CARTESIAN_POINT('',(32.,-20.0000002980232,6.00000008940697));
#4593=CARTESIAN_POINT('Origin',(-32.,-32.,0.));
#4594=CARTESIAN_POINT('',(32.,-32.,0.));
#4595=CARTESIAN_POINT('',(-32.,-32.,0.));
#4596=CARTESIAN_POINT('',(32.,-32.,0.));
#4597=CARTESIAN_POINT('Origin',(32.,-32.,0.));
#4598=CARTESIAN_POINT('',(32.,-32.,0.));
#4599=CARTESIAN_POINT('Origin',(-25.,32.,0.));
#4600=CARTESIAN_POINT('Origin',(0.,0.,0.));
#4601=CARTESIAN_POINT('',(0.,0.,0.));
#4602=UNCERTAINTY_MEASURE_WITH_UNIT(LENGTH_MEASURE(0.01),#4608,
'DISTANCE_ACCURACY_VALUE',
'Maximum model space distance between geometric entities at asserted c
onnectivities');
#4603=UNCERTAINTY_MEASURE_WITH_UNIT(LENGTH_MEASURE(0.01),#4608,
'DISTANCE_ACCURACY_VALUE',
'Maximum model space distance between geometric entities at asserted c
onnectivities');
#4604=UNCERTAINTY_MEASURE_WITH_UNIT(LENGTH_MEASURE(0.01),#4608,
'DISTANCE_ACCURACY_VALUE',
'Maximum model space distance between geometric entities at asserted c
onnectivities');
#4605=(
GEOMETRIC_REPRESENTATION_CONTEXT(3)
GLOBAL_UNCERTAINTY_ASSIGNED_CONTEXT((#4602))
GLOBAL_UNIT_ASSIGNED_CONTEXT((#4608,#4610,#4611))
REPRESENTATION_CONTEXT('','3D')
);
#4606=(
GEOMETRIC_REPRESENTATION_CONTEXT(3)
GLOBAL_UNCERTAINTY_ASSIGNED_CONTEXT((#4603))
GLOBAL_UNIT_ASSIGNED_CONTEXT((#4608,#4610,#4611))
REPRESENTATION_CONTEXT('','3D')
);
#4607=(
GEOMETRIC_REPRESENTATION_CONTEXT(3)
GLOBAL_UNCERTAINTY_ASSIGNED_CONTEXT((#4604))
GLOBAL_UNIT_ASSIGNED_CONTEXT((#4608,#4610,#4611))
REPRESENTATION_CONTEXT('','3D')
);
#4608=(
LENGTH_UNIT()
NAMED_UNIT(*)
SI_UNIT(.MILLI.,.METRE.)
);
#4609=(
LENGTH_UNIT()
NAMED_UNIT(*)
SI_UNIT($,.METRE.)
);
#4610=(
NAMED_UNIT(*)
PLANE_ANGLE_UNIT()
SI_UNIT($,.RADIAN.)
);
#4611=(
NAMED_UNIT(*)
SI_UNIT($,.STERADIAN.)
SOLID_ANGLE_UNIT()
);
#4612=SHAPE_DEFINITION_REPRESENTATION(#4614,#4617);
#4613=SHAPE_DEFINITION_REPRESENTATION(#4615,#4618);
#4614=PRODUCT_DEFINITION_SHAPE('',$,#4620);
#4615=PRODUCT_DEFINITION_SHAPE('',$,#4621);
#4616=PRODUCT_DEFINITION_SHAPE($,$,#14);
#4617=SHAPE_REPRESENTATION('',(#2886,#3060),#4605);
#4618=SHAPE_REPRESENTATION('',(#2887),#4606);
#4619=PRODUCT_DEFINITION_CONTEXT('part definition',#4627,'design');
#4620=PRODUCT_DEFINITION('sculk shrieker','sculk shrieker v16',#4622,#4619);
#4621=PRODUCT_DEFINITION('body','body',#4623,#4619);
#4622=PRODUCT_DEFINITION_FORMATION('',$,#4629);
#4623=PRODUCT_DEFINITION_FORMATION('',$,#4630);
#4624=PRODUCT_RELATED_PRODUCT_CATEGORY('sculk shrieker v16',
'sculk shrieker v16',(#4629));
#4625=PRODUCT_RELATED_PRODUCT_CATEGORY('body','body',(#4630));
#4626=APPLICATION_PROTOCOL_DEFINITION('international standard',
'automotive_design',2009,#4627);
#4627=APPLICATION_CONTEXT(
'Core Data for Automotive Mechanical Design Process');
#4628=PRODUCT_CONTEXT('part definition',#4627,'mechanical');
#4629=PRODUCT('sculk shrieker','sculk shrieker v16',$,(#4628));
#4630=PRODUCT('body','body',$,(#4628));
#4631=PRESENTATION_STYLE_ASSIGNMENT((#4634));
#4632=PRESENTATION_STYLE_ASSIGNMENT((#4635));
#4633=PRESENTATION_STYLE_ASSIGNMENT((#4636));
#4634=SURFACE_STYLE_USAGE(.BOTH.,#4637);
#4635=SURFACE_STYLE_USAGE(.BOTH.,#4638);
#4636=SURFACE_STYLE_USAGE(.BOTH.,#4639);
#4637=SURFACE_SIDE_STYLE('',(#4640));
#4638=SURFACE_SIDE_STYLE('',(#4641));
#4639=SURFACE_SIDE_STYLE('',(#4642));
#4640=SURFACE_STYLE_FILL_AREA(#4643);
#4641=SURFACE_STYLE_FILL_AREA(#4644);
#4642=SURFACE_STYLE_FILL_AREA(#4645);
#4643=FILL_AREA_STYLE('Steel - Satin',(#4646));
#4644=FILL_AREA_STYLE('sculk',(#4647));
#4645=FILL_AREA_STYLE('lighter sculk',(#4648));
#4646=FILL_AREA_STYLE_COLOUR('Steel - Satin',#4649);
#4647=FILL_AREA_STYLE_COLOUR('sculk',#4650);
#4648=FILL_AREA_STYLE_COLOUR('lighter sculk',#4651);
#4649=COLOUR_RGB('Steel - Satin',0.627450980392157,0.627450980392157,0.627450980392157);
#4650=COLOUR_RGB('sculk',0.0235294117647059,0.184313725490196,0.211764705882353);
#4651=COLOUR_RGB('lighter sculk',0.0588235294117647,0.309803921568627,0.337254901960784);
ENDSEC;
END-ISO-10303-21;
