ISO-10303-21;
HEADER;
/* Generated by software containing ST-Developer
 * from STEP Tools, Inc. (www.steptools.com) 
 */

FILE_DESCRIPTION(
/* description */ (''),
/* implementation_level */ '2;1');

FILE_NAME(
/* name */ 'sculk shrieker top plate.step',
/* time_stamp */ '2025-07-07T22:50:09-04:00',
/* author */ (''),
/* organization */ (''),
/* preprocessor_version */ 'ST-DEVELOPER v20.1',
/* originating_system */ 'Autodesk Translation Framework v14.10.0.0',
/* authorisation */ '');

FILE_SCHEMA (('AUTOMOTIVE_DESIGN { 1 0 10303 214 3 1 1 }'));
ENDSEC;

DATA;
#10=MECHANICAL_DESIGN_GEOMETRIC_PRESENTATION_REPRESENTATION('',(#25),#2995);
#11=ITEM_DEFINED_TRANSFORMATION($,$,#1927,#2019);
#12=ITEM_DEFINED_TRANSFORMATION($,$,#1928,#2020);
#13=ITEM_DEFINED_TRANSFORMATION($,$,#1929,#2021);
#14=(
REPRESENTATION_RELATIONSHIP($,$,#3012,#3011)
REPRESENTATION_RELATIONSHIP_WITH_TRANSFORMATION(#11)
SHAPE_REPRESENTATION_RELATIONSHIP()
);
#15=(
REPRESENTATION_RELATIONSHIP($,$,#3013,#3011)
REPRESENTATION_RELATIONSHIP_WITH_TRANSFORMATION(#12)
SHAPE_REPRESENTATION_RELATIONSHIP()
);
#16=(
REPRESENTATION_RELATIONSHIP($,$,#3014,#3011)
REPRESENTATION_RELATIONSHIP_WITH_TRANSFORMATION(#13)
SHAPE_REPRESENTATION_RELATIONSHIP()
);
#17=CONTEXT_DEPENDENT_SHAPE_REPRESENTATION(#14,#3008);
#18=CONTEXT_DEPENDENT_SHAPE_REPRESENTATION(#15,#3009);
#19=CONTEXT_DEPENDENT_SHAPE_REPRESENTATION(#16,#3010);
#20=NEXT_ASSEMBLY_USAGE_OCCURRENCE('decor:1','decor:1','decor:1',#3016,
#3017,'decor:1');
#21=NEXT_ASSEMBLY_USAGE_OCCURRENCE('body:1','body:1','body:1',#3016,#3018,
'body:1');
#22=NEXT_ASSEMBLY_USAGE_OCCURRENCE('top plate:1','top plate:1',
'top plate:1',#3016,#3019,'top plate:1');
#23=SHAPE_REPRESENTATION_RELATIONSHIP('SRR','None',#3014,#24);
#24=ADVANCED_BREP_SHAPE_REPRESENTATION('',(#26),#2994);
#25=STYLED_ITEM('',(#3036),#26);
#26=MANIFOLD_SOLID_BREP('Body1',#1902);
#27=FACE_BOUND('',#328,.T.);
#28=FACE_BOUND('',#329,.T.);
#29=FACE_BOUND('',#330,.T.);
#30=FACE_BOUND('',#331,.T.);
#31=FACE_BOUND('',#332,.T.);
#32=FACE_BOUND('',#333,.T.);
#33=FACE_BOUND('',#334,.T.);
#34=FACE_BOUND('',#335,.T.);
#35=FACE_BOUND('',#336,.T.);
#36=FACE_BOUND('',#337,.T.);
#37=FACE_BOUND('',#338,.T.);
#38=FACE_BOUND('',#339,.T.);
#39=FACE_BOUND('',#340,.T.);
#40=FACE_BOUND('',#341,.T.);
#41=FACE_BOUND('',#342,.T.);
#42=FACE_BOUND('',#343,.T.);
#43=FACE_BOUND('',#344,.T.);
#44=FACE_BOUND('',#345,.T.);
#45=FACE_BOUND('',#346,.T.);
#46=FACE_BOUND('',#347,.T.);
#47=FACE_BOUND('',#348,.T.);
#48=FACE_BOUND('',#350,.T.);
#49=FACE_BOUND('',#351,.T.);
#50=FACE_BOUND('',#352,.T.);
#51=FACE_BOUND('',#353,.T.);
#52=FACE_BOUND('',#354,.T.);
#53=FACE_BOUND('',#355,.T.);
#54=FACE_BOUND('',#356,.T.);
#55=FACE_BOUND('',#357,.T.);
#56=FACE_BOUND('',#358,.T.);
#57=FACE_BOUND('',#359,.T.);
#58=FACE_BOUND('',#360,.T.);
#59=FACE_BOUND('',#361,.T.);
#60=FACE_BOUND('',#362,.T.);
#61=FACE_BOUND('',#363,.T.);
#62=FACE_BOUND('',#364,.T.);
#63=FACE_BOUND('',#365,.T.);
#64=FACE_BOUND('',#366,.T.);
#65=FACE_BOUND('',#367,.T.);
#66=FACE_BOUND('',#368,.T.);
#67=FACE_BOUND('',#369,.T.);
#68=FACE_BOUND('',#370,.T.);
#69=PLANE('',#1933);
#70=PLANE('',#1934);
#71=PLANE('',#1935);
#72=PLANE('',#1936);
#73=PLANE('',#1937);
#74=PLANE('',#1938);
#75=PLANE('',#1939);
#76=PLANE('',#1940);
#77=PLANE('',#1941);
#78=PLANE('',#1942);
#79=PLANE('',#1943);
#80=PLANE('',#1944);
#81=PLANE('',#1945);
#82=PLANE('',#1946);
#83=PLANE('',#1947);
#84=PLANE('',#1948);
#85=PLANE('',#1949);
#86=PLANE('',#1950);
#87=PLANE('',#1951);
#88=PLANE('',#1952);
#89=PLANE('',#1953);
#90=PLANE('',#1954);
#91=PLANE('',#1955);
#92=PLANE('',#1956);
#93=PLANE('',#1957);
#94=PLANE('',#1958);
#95=PLANE('',#1959);
#96=PLANE('',#1960);
#97=PLANE('',#1961);
#98=PLANE('',#1962);
#99=PLANE('',#1963);
#100=PLANE('',#1964);
#101=PLANE('',#1965);
#102=PLANE('',#1966);
#103=PLANE('',#1967);
#104=PLANE('',#1968);
#105=PLANE('',#1969);
#106=PLANE('',#1970);
#107=PLANE('',#1971);
#108=PLANE('',#1972);
#109=PLANE('',#1973);
#110=PLANE('',#1974);
#111=PLANE('',#1975);
#112=PLANE('',#1976);
#113=PLANE('',#1977);
#114=PLANE('',#1978);
#115=PLANE('',#1979);
#116=PLANE('',#1980);
#117=PLANE('',#1981);
#118=PLANE('',#1982);
#119=PLANE('',#1983);
#120=PLANE('',#1984);
#121=PLANE('',#1985);
#122=PLANE('',#1986);
#123=PLANE('',#1987);
#124=PLANE('',#1988);
#125=PLANE('',#1989);
#126=PLANE('',#1990);
#127=PLANE('',#1991);
#128=PLANE('',#1992);
#129=PLANE('',#1993);
#130=PLANE('',#1994);
#131=PLANE('',#1995);
#132=PLANE('',#1996);
#133=PLANE('',#1997);
#134=PLANE('',#1998);
#135=PLANE('',#1999);
#136=PLANE('',#2000);
#137=PLANE('',#2001);
#138=PLANE('',#2002);
#139=PLANE('',#2003);
#140=PLANE('',#2004);
#141=PLANE('',#2005);
#142=PLANE('',#2006);
#143=PLANE('',#2007);
#144=PLANE('',#2008);
#145=PLANE('',#2009);
#146=PLANE('',#2010);
#147=PLANE('',#2011);
#148=PLANE('',#2012);
#149=PLANE('',#2013);
#150=PLANE('',#2014);
#151=PLANE('',#2015);
#152=PLANE('',#2016);
#153=PLANE('',#2017);
#154=PLANE('',#2018);
#155=FACE_OUTER_BOUND('',#242,.T.);
#156=FACE_OUTER_BOUND('',#243,.T.);
#157=FACE_OUTER_BOUND('',#244,.T.);
#158=FACE_OUTER_BOUND('',#245,.T.);
#159=FACE_OUTER_BOUND('',#246,.T.);
#160=FACE_OUTER_BOUND('',#247,.T.);
#161=FACE_OUTER_BOUND('',#248,.T.);
#162=FACE_OUTER_BOUND('',#249,.T.);
#163=FACE_OUTER_BOUND('',#250,.T.);
#164=FACE_OUTER_BOUND('',#251,.T.);
#165=FACE_OUTER_BOUND('',#252,.T.);
#166=FACE_OUTER_BOUND('',#253,.T.);
#167=FACE_OUTER_BOUND('',#254,.T.);
#168=FACE_OUTER_BOUND('',#255,.T.);
#169=FACE_OUTER_BOUND('',#256,.T.);
#170=FACE_OUTER_BOUND('',#257,.T.);
#171=FACE_OUTER_BOUND('',#258,.T.);
#172=FACE_OUTER_BOUND('',#259,.T.);
#173=FACE_OUTER_BOUND('',#260,.T.);
#174=FACE_OUTER_BOUND('',#261,.T.);
#175=FACE_OUTER_BOUND('',#262,.T.);
#176=FACE_OUTER_BOUND('',#263,.T.);
#177=FACE_OUTER_BOUND('',#264,.T.);
#178=FACE_OUTER_BOUND('',#265,.T.);
#179=FACE_OUTER_BOUND('',#266,.T.);
#180=FACE_OUTER_BOUND('',#267,.T.);
#181=FACE_OUTER_BOUND('',#268,.T.);
#182=FACE_OUTER_BOUND('',#269,.T.);
#183=FACE_OUTER_BOUND('',#270,.T.);
#184=FACE_OUTER_BOUND('',#271,.T.);
#185=FACE_OUTER_BOUND('',#272,.T.);
#186=FACE_OUTER_BOUND('',#273,.T.);
#187=FACE_OUTER_BOUND('',#274,.T.);
#188=FACE_OUTER_BOUND('',#275,.T.);
#189=FACE_OUTER_BOUND('',#276,.T.);
#190=FACE_OUTER_BOUND('',#277,.T.);
#191=FACE_OUTER_BOUND('',#278,.T.);
#192=FACE_OUTER_BOUND('',#279,.T.);
#193=FACE_OUTER_BOUND('',#280,.T.);
#194=FACE_OUTER_BOUND('',#281,.T.);
#195=FACE_OUTER_BOUND('',#282,.T.);
#196=FACE_OUTER_BOUND('',#283,.T.);
#197=FACE_OUTER_BOUND('',#284,.T.);
#198=FACE_OUTER_BOUND('',#285,.T.);
#199=FACE_OUTER_BOUND('',#286,.T.);
#200=FACE_OUTER_BOUND('',#287,.T.);
#201=FACE_OUTER_BOUND('',#288,.T.);
#202=FACE_OUTER_BOUND('',#289,.T.);
#203=FACE_OUTER_BOUND('',#290,.T.);
#204=FACE_OUTER_BOUND('',#291,.T.);
#205=FACE_OUTER_BOUND('',#292,.T.);
#206=FACE_OUTER_BOUND('',#293,.T.);
#207=FACE_OUTER_BOUND('',#294,.T.);
#208=FACE_OUTER_BOUND('',#295,.T.);
#209=FACE_OUTER_BOUND('',#296,.T.);
#210=FACE_OUTER_BOUND('',#297,.T.);
#211=FACE_OUTER_BOUND('',#298,.T.);
#212=FACE_OUTER_BOUND('',#299,.T.);
#213=FACE_OUTER_BOUND('',#300,.T.);
#214=FACE_OUTER_BOUND('',#301,.T.);
#215=FACE_OUTER_BOUND('',#302,.T.);
#216=FACE_OUTER_BOUND('',#303,.T.);
#217=FACE_OUTER_BOUND('',#304,.T.);
#218=FACE_OUTER_BOUND('',#305,.T.);
#219=FACE_OUTER_BOUND('',#306,.T.);
#220=FACE_OUTER_BOUND('',#307,.T.);
#221=FACE_OUTER_BOUND('',#308,.T.);
#222=FACE_OUTER_BOUND('',#309,.T.);
#223=FACE_OUTER_BOUND('',#310,.T.);
#224=FACE_OUTER_BOUND('',#311,.T.);
#225=FACE_OUTER_BOUND('',#312,.T.);
#226=FACE_OUTER_BOUND('',#313,.T.);
#227=FACE_OUTER_BOUND('',#314,.T.);
#228=FACE_OUTER_BOUND('',#315,.T.);
#229=FACE_OUTER_BOUND('',#316,.T.);
#230=FACE_OUTER_BOUND('',#317,.T.);
#231=FACE_OUTER_BOUND('',#318,.T.);
#232=FACE_OUTER_BOUND('',#319,.T.);
#233=FACE_OUTER_BOUND('',#320,.T.);
#234=FACE_OUTER_BOUND('',#321,.T.);
#235=FACE_OUTER_BOUND('',#322,.T.);
#236=FACE_OUTER_BOUND('',#323,.T.);
#237=FACE_OUTER_BOUND('',#324,.T.);
#238=FACE_OUTER_BOUND('',#325,.T.);
#239=FACE_OUTER_BOUND('',#326,.T.);
#240=FACE_OUTER_BOUND('',#327,.T.);
#241=FACE_OUTER_BOUND('',#349,.T.);
#242=EDGE_LOOP('',(#1304,#1305,#1306,#1307));
#243=EDGE_LOOP('',(#1308,#1309,#1310,#1311));
#244=EDGE_LOOP('',(#1312,#1313,#1314,#1315));
#245=EDGE_LOOP('',(#1316,#1317,#1318,#1319));
#246=EDGE_LOOP('',(#1320,#1321,#1322,#1323));
#247=EDGE_LOOP('',(#1324,#1325,#1326,#1327));
#248=EDGE_LOOP('',(#1328,#1329,#1330,#1331));
#249=EDGE_LOOP('',(#1332,#1333,#1334,#1335));
#250=EDGE_LOOP('',(#1336,#1337,#1338,#1339));
#251=EDGE_LOOP('',(#1340,#1341,#1342,#1343));
#252=EDGE_LOOP('',(#1344,#1345,#1346,#1347));
#253=EDGE_LOOP('',(#1348,#1349,#1350,#1351));
#254=EDGE_LOOP('',(#1352,#1353,#1354,#1355));
#255=EDGE_LOOP('',(#1356,#1357,#1358,#1359));
#256=EDGE_LOOP('',(#1360,#1361,#1362,#1363));
#257=EDGE_LOOP('',(#1364,#1365,#1366,#1367));
#258=EDGE_LOOP('',(#1368,#1369,#1370,#1371));
#259=EDGE_LOOP('',(#1372,#1373,#1374,#1375));
#260=EDGE_LOOP('',(#1376,#1377,#1378,#1379));
#261=EDGE_LOOP('',(#1380,#1381,#1382,#1383));
#262=EDGE_LOOP('',(#1384,#1385,#1386,#1387));
#263=EDGE_LOOP('',(#1388,#1389,#1390,#1391));
#264=EDGE_LOOP('',(#1392,#1393,#1394,#1395));
#265=EDGE_LOOP('',(#1396,#1397,#1398,#1399));
#266=EDGE_LOOP('',(#1400,#1401,#1402,#1403));
#267=EDGE_LOOP('',(#1404,#1405,#1406,#1407));
#268=EDGE_LOOP('',(#1408,#1409,#1410,#1411));
#269=EDGE_LOOP('',(#1412,#1413,#1414,#1415));
#270=EDGE_LOOP('',(#1416,#1417,#1418,#1419));
#271=EDGE_LOOP('',(#1420,#1421,#1422,#1423));
#272=EDGE_LOOP('',(#1424,#1425,#1426,#1427));
#273=EDGE_LOOP('',(#1428,#1429,#1430,#1431));
#274=EDGE_LOOP('',(#1432,#1433,#1434,#1435));
#275=EDGE_LOOP('',(#1436,#1437,#1438,#1439));
#276=EDGE_LOOP('',(#1440,#1441,#1442,#1443));
#277=EDGE_LOOP('',(#1444,#1445,#1446,#1447));
#278=EDGE_LOOP('',(#1448,#1449,#1450,#1451));
#279=EDGE_LOOP('',(#1452,#1453,#1454,#1455));
#280=EDGE_LOOP('',(#1456,#1457,#1458,#1459));
#281=EDGE_LOOP('',(#1460,#1461,#1462,#1463));
#282=EDGE_LOOP('',(#1464,#1465,#1466,#1467));
#283=EDGE_LOOP('',(#1468,#1469,#1470,#1471));
#284=EDGE_LOOP('',(#1472,#1473,#1474,#1475));
#285=EDGE_LOOP('',(#1476,#1477,#1478,#1479));
#286=EDGE_LOOP('',(#1480,#1481,#1482,#1483));
#287=EDGE_LOOP('',(#1484,#1485,#1486,#1487));
#288=EDGE_LOOP('',(#1488,#1489,#1490,#1491));
#289=EDGE_LOOP('',(#1492,#1493,#1494,#1495));
#290=EDGE_LOOP('',(#1496,#1497,#1498,#1499));
#291=EDGE_LOOP('',(#1500,#1501,#1502,#1503));
#292=EDGE_LOOP('',(#1504,#1505,#1506,#1507));
#293=EDGE_LOOP('',(#1508,#1509,#1510,#1511));
#294=EDGE_LOOP('',(#1512,#1513,#1514,#1515));
#295=EDGE_LOOP('',(#1516,#1517,#1518,#1519));
#296=EDGE_LOOP('',(#1520,#1521,#1522,#1523));
#297=EDGE_LOOP('',(#1524,#1525,#1526,#1527));
#298=EDGE_LOOP('',(#1528,#1529,#1530,#1531));
#299=EDGE_LOOP('',(#1532,#1533,#1534,#1535));
#300=EDGE_LOOP('',(#1536,#1537,#1538,#1539));
#301=EDGE_LOOP('',(#1540,#1541,#1542,#1543));
#302=EDGE_LOOP('',(#1544,#1545,#1546,#1547));
#303=EDGE_LOOP('',(#1548,#1549,#1550,#1551));
#304=EDGE_LOOP('',(#1552,#1553,#1554,#1555));
#305=EDGE_LOOP('',(#1556,#1557,#1558,#1559));
#306=EDGE_LOOP('',(#1560,#1561,#1562,#1563));
#307=EDGE_LOOP('',(#1564,#1565,#1566,#1567));
#308=EDGE_LOOP('',(#1568,#1569,#1570,#1571));
#309=EDGE_LOOP('',(#1572,#1573,#1574,#1575));
#310=EDGE_LOOP('',(#1576,#1577,#1578,#1579));
#311=EDGE_LOOP('',(#1580,#1581,#1582,#1583));
#312=EDGE_LOOP('',(#1584,#1585,#1586,#1587));
#313=EDGE_LOOP('',(#1588,#1589,#1590,#1591));
#314=EDGE_LOOP('',(#1592,#1593,#1594,#1595));
#315=EDGE_LOOP('',(#1596,#1597,#1598,#1599));
#316=EDGE_LOOP('',(#1600,#1601,#1602,#1603));
#317=EDGE_LOOP('',(#1604,#1605,#1606,#1607));
#318=EDGE_LOOP('',(#1608,#1609,#1610,#1611));
#319=EDGE_LOOP('',(#1612,#1613,#1614,#1615));
#320=EDGE_LOOP('',(#1616,#1617,#1618,#1619));
#321=EDGE_LOOP('',(#1620,#1621,#1622,#1623));
#322=EDGE_LOOP('',(#1624,#1625,#1626,#1627));
#323=EDGE_LOOP('',(#1628,#1629,#1630,#1631));
#324=EDGE_LOOP('',(#1632,#1633,#1634,#1635));
#325=EDGE_LOOP('',(#1636,#1637,#1638,#1639));
#326=EDGE_LOOP('',(#1640,#1641,#1642,#1643));
#327=EDGE_LOOP('',(#1644,#1645,#1646,#1647));
#328=EDGE_LOOP('',(#1648,#1649,#1650,#1651));
#329=EDGE_LOOP('',(#1652,#1653,#1654,#1655));
#330=EDGE_LOOP('',(#1656,#1657,#1658,#1659));
#331=EDGE_LOOP('',(#1660,#1661,#1662,#1663));
#332=EDGE_LOOP('',(#1664,#1665,#1666,#1667));
#333=EDGE_LOOP('',(#1668,#1669,#1670,#1671));
#334=EDGE_LOOP('',(#1672,#1673,#1674,#1675));
#335=EDGE_LOOP('',(#1676,#1677,#1678,#1679));
#336=EDGE_LOOP('',(#1680,#1681,#1682,#1683));
#337=EDGE_LOOP('',(#1684,#1685,#1686,#1687));
#338=EDGE_LOOP('',(#1688,#1689,#1690,#1691));
#339=EDGE_LOOP('',(#1692,#1693,#1694,#1695));
#340=EDGE_LOOP('',(#1696,#1697,#1698,#1699));
#341=EDGE_LOOP('',(#1700,#1701,#1702,#1703));
#342=EDGE_LOOP('',(#1704,#1705,#1706,#1707));
#343=EDGE_LOOP('',(#1708,#1709,#1710,#1711));
#344=EDGE_LOOP('',(#1712,#1713,#1714,#1715));
#345=EDGE_LOOP('',(#1716,#1717,#1718,#1719));
#346=EDGE_LOOP('',(#1720,#1721,#1722,#1723));
#347=EDGE_LOOP('',(#1724,#1725,#1726,#1727));
#348=EDGE_LOOP('',(#1728));
#349=EDGE_LOOP('',(#1729,#1730,#1731,#1732));
#350=EDGE_LOOP('',(#1733,#1734,#1735,#1736));
#351=EDGE_LOOP('',(#1737,#1738,#1739,#1740));
#352=EDGE_LOOP('',(#1741,#1742,#1743,#1744));
#353=EDGE_LOOP('',(#1745,#1746,#1747,#1748));
#354=EDGE_LOOP('',(#1749,#1750,#1751,#1752));
#355=EDGE_LOOP('',(#1753,#1754,#1755,#1756));
#356=EDGE_LOOP('',(#1757,#1758,#1759,#1760));
#357=EDGE_LOOP('',(#1761,#1762,#1763,#1764));
#358=EDGE_LOOP('',(#1765,#1766,#1767,#1768));
#359=EDGE_LOOP('',(#1769,#1770,#1771,#1772));
#360=EDGE_LOOP('',(#1773,#1774,#1775,#1776));
#361=EDGE_LOOP('',(#1777,#1778,#1779,#1780));
#362=EDGE_LOOP('',(#1781,#1782,#1783,#1784));
#363=EDGE_LOOP('',(#1785,#1786,#1787,#1788));
#364=EDGE_LOOP('',(#1789,#1790,#1791,#1792));
#365=EDGE_LOOP('',(#1793,#1794,#1795,#1796));
#366=EDGE_LOOP('',(#1797,#1798,#1799,#1800));
#367=EDGE_LOOP('',(#1801,#1802,#1803,#1804));
#368=EDGE_LOOP('',(#1805,#1806,#1807,#1808));
#369=EDGE_LOOP('',(#1809,#1810,#1811,#1812));
#370=EDGE_LOOP('',(#1813));
#371=LINE('',#2475,#624);
#372=LINE('',#2480,#625);
#373=LINE('',#2482,#626);
#374=LINE('',#2484,#627);
#375=LINE('',#2485,#628);
#376=LINE('',#2488,#629);
#377=LINE('',#2490,#630);
#378=LINE('',#2491,#631);
#379=LINE('',#2494,#632);
#380=LINE('',#2496,#633);
#381=LINE('',#2497,#634);
#382=LINE('',#2499,#635);
#383=LINE('',#2500,#636);
#384=LINE('',#2504,#637);
#385=LINE('',#2506,#638);
#386=LINE('',#2508,#639);
#387=LINE('',#2509,#640);
#388=LINE('',#2512,#641);
#389=LINE('',#2514,#642);
#390=LINE('',#2515,#643);
#391=LINE('',#2518,#644);
#392=LINE('',#2520,#645);
#393=LINE('',#2521,#646);
#394=LINE('',#2523,#647);
#395=LINE('',#2524,#648);
#396=LINE('',#2528,#649);
#397=LINE('',#2530,#650);
#398=LINE('',#2532,#651);
#399=LINE('',#2533,#652);
#400=LINE('',#2536,#653);
#401=LINE('',#2538,#654);
#402=LINE('',#2539,#655);
#403=LINE('',#2542,#656);
#404=LINE('',#2544,#657);
#405=LINE('',#2545,#658);
#406=LINE('',#2547,#659);
#407=LINE('',#2548,#660);
#408=LINE('',#2552,#661);
#409=LINE('',#2554,#662);
#410=LINE('',#2556,#663);
#411=LINE('',#2557,#664);
#412=LINE('',#2560,#665);
#413=LINE('',#2562,#666);
#414=LINE('',#2563,#667);
#415=LINE('',#2566,#668);
#416=LINE('',#2568,#669);
#417=LINE('',#2569,#670);
#418=LINE('',#2571,#671);
#419=LINE('',#2572,#672);
#420=LINE('',#2576,#673);
#421=LINE('',#2578,#674);
#422=LINE('',#2580,#675);
#423=LINE('',#2581,#676);
#424=LINE('',#2584,#677);
#425=LINE('',#2586,#678);
#426=LINE('',#2587,#679);
#427=LINE('',#2590,#680);
#428=LINE('',#2592,#681);
#429=LINE('',#2593,#682);
#430=LINE('',#2595,#683);
#431=LINE('',#2596,#684);
#432=LINE('',#2600,#685);
#433=LINE('',#2602,#686);
#434=LINE('',#2604,#687);
#435=LINE('',#2605,#688);
#436=LINE('',#2608,#689);
#437=LINE('',#2610,#690);
#438=LINE('',#2611,#691);
#439=LINE('',#2614,#692);
#440=LINE('',#2616,#693);
#441=LINE('',#2617,#694);
#442=LINE('',#2619,#695);
#443=LINE('',#2620,#696);
#444=LINE('',#2624,#697);
#445=LINE('',#2626,#698);
#446=LINE('',#2628,#699);
#447=LINE('',#2629,#700);
#448=LINE('',#2632,#701);
#449=LINE('',#2634,#702);
#450=LINE('',#2635,#703);
#451=LINE('',#2638,#704);
#452=LINE('',#2640,#705);
#453=LINE('',#2641,#706);
#454=LINE('',#2643,#707);
#455=LINE('',#2644,#708);
#456=LINE('',#2648,#709);
#457=LINE('',#2650,#710);
#458=LINE('',#2652,#711);
#459=LINE('',#2653,#712);
#460=LINE('',#2656,#713);
#461=LINE('',#2658,#714);
#462=LINE('',#2659,#715);
#463=LINE('',#2662,#716);
#464=LINE('',#2664,#717);
#465=LINE('',#2665,#718);
#466=LINE('',#2667,#719);
#467=LINE('',#2668,#720);
#468=LINE('',#2672,#721);
#469=LINE('',#2674,#722);
#470=LINE('',#2676,#723);
#471=LINE('',#2677,#724);
#472=LINE('',#2680,#725);
#473=LINE('',#2682,#726);
#474=LINE('',#2683,#727);
#475=LINE('',#2686,#728);
#476=LINE('',#2688,#729);
#477=LINE('',#2689,#730);
#478=LINE('',#2691,#731);
#479=LINE('',#2692,#732);
#480=LINE('',#2696,#733);
#481=LINE('',#2698,#734);
#482=LINE('',#2700,#735);
#483=LINE('',#2701,#736);
#484=LINE('',#2704,#737);
#485=LINE('',#2706,#738);
#486=LINE('',#2707,#739);
#487=LINE('',#2710,#740);
#488=LINE('',#2712,#741);
#489=LINE('',#2713,#742);
#490=LINE('',#2715,#743);
#491=LINE('',#2716,#744);
#492=LINE('',#2720,#745);
#493=LINE('',#2722,#746);
#494=LINE('',#2724,#747);
#495=LINE('',#2725,#748);
#496=LINE('',#2728,#749);
#497=LINE('',#2730,#750);
#498=LINE('',#2731,#751);
#499=LINE('',#2734,#752);
#500=LINE('',#2736,#753);
#501=LINE('',#2737,#754);
#502=LINE('',#2739,#755);
#503=LINE('',#2740,#756);
#504=LINE('',#2744,#757);
#505=LINE('',#2746,#758);
#506=LINE('',#2748,#759);
#507=LINE('',#2749,#760);
#508=LINE('',#2752,#761);
#509=LINE('',#2754,#762);
#510=LINE('',#2755,#763);
#511=LINE('',#2758,#764);
#512=LINE('',#2760,#765);
#513=LINE('',#2761,#766);
#514=LINE('',#2763,#767);
#515=LINE('',#2764,#768);
#516=LINE('',#2768,#769);
#517=LINE('',#2770,#770);
#518=LINE('',#2772,#771);
#519=LINE('',#2773,#772);
#520=LINE('',#2776,#773);
#521=LINE('',#2778,#774);
#522=LINE('',#2779,#775);
#523=LINE('',#2782,#776);
#524=LINE('',#2784,#777);
#525=LINE('',#2785,#778);
#526=LINE('',#2787,#779);
#527=LINE('',#2788,#780);
#528=LINE('',#2792,#781);
#529=LINE('',#2794,#782);
#530=LINE('',#2796,#783);
#531=LINE('',#2797,#784);
#532=LINE('',#2800,#785);
#533=LINE('',#2802,#786);
#534=LINE('',#2803,#787);
#535=LINE('',#2806,#788);
#536=LINE('',#2808,#789);
#537=LINE('',#2809,#790);
#538=LINE('',#2811,#791);
#539=LINE('',#2812,#792);
#540=LINE('',#2816,#793);
#541=LINE('',#2818,#794);
#542=LINE('',#2820,#795);
#543=LINE('',#2821,#796);
#544=LINE('',#2824,#797);
#545=LINE('',#2826,#798);
#546=LINE('',#2827,#799);
#547=LINE('',#2830,#800);
#548=LINE('',#2832,#801);
#549=LINE('',#2833,#802);
#550=LINE('',#2835,#803);
#551=LINE('',#2836,#804);
#552=LINE('',#2840,#805);
#553=LINE('',#2842,#806);
#554=LINE('',#2844,#807);
#555=LINE('',#2845,#808);
#556=LINE('',#2848,#809);
#557=LINE('',#2850,#810);
#558=LINE('',#2851,#811);
#559=LINE('',#2854,#812);
#560=LINE('',#2856,#813);
#561=LINE('',#2857,#814);
#562=LINE('',#2859,#815);
#563=LINE('',#2860,#816);
#564=LINE('',#2864,#817);
#565=LINE('',#2866,#818);
#566=LINE('',#2868,#819);
#567=LINE('',#2869,#820);
#568=LINE('',#2872,#821);
#569=LINE('',#2874,#822);
#570=LINE('',#2875,#823);
#571=LINE('',#2878,#824);
#572=LINE('',#2880,#825);
#573=LINE('',#2881,#826);
#574=LINE('',#2883,#827);
#575=LINE('',#2884,#828);
#576=LINE('',#2888,#829);
#577=LINE('',#2890,#830);
#578=LINE('',#2892,#831);
#579=LINE('',#2893,#832);
#580=LINE('',#2896,#833);
#581=LINE('',#2898,#834);
#582=LINE('',#2899,#835);
#583=LINE('',#2902,#836);
#584=LINE('',#2904,#837);
#585=LINE('',#2905,#838);
#586=LINE('',#2907,#839);
#587=LINE('',#2908,#840);
#588=LINE('',#2912,#841);
#589=LINE('',#2914,#842);
#590=LINE('',#2916,#843);
#591=LINE('',#2917,#844);
#592=LINE('',#2920,#845);
#593=LINE('',#2922,#846);
#594=LINE('',#2923,#847);
#595=LINE('',#2926,#848);
#596=LINE('',#2928,#849);
#597=LINE('',#2929,#850);
#598=LINE('',#2931,#851);
#599=LINE('',#2932,#852);
#600=LINE('',#2936,#853);
#601=LINE('',#2938,#854);
#602=LINE('',#2940,#855);
#603=LINE('',#2941,#856);
#604=LINE('',#2944,#857);
#605=LINE('',#2946,#858);
#606=LINE('',#2947,#859);
#607=LINE('',#2950,#860);
#608=LINE('',#2952,#861);
#609=LINE('',#2953,#862);
#610=LINE('',#2955,#863);
#611=LINE('',#2956,#864);
#612=LINE('',#2960,#865);
#613=LINE('',#2962,#866);
#614=LINE('',#2964,#867);
#615=LINE('',#2965,#868);
#616=LINE('',#2968,#869);
#617=LINE('',#2970,#870);
#618=LINE('',#2971,#871);
#619=LINE('',#2974,#872);
#620=LINE('',#2976,#873);
#621=LINE('',#2977,#874);
#622=LINE('',#2979,#875);
#623=LINE('',#2980,#876);
#624=VECTOR('',#2034,12.);
#625=VECTOR('',#2039,10.);
#626=VECTOR('',#2040,10.);
#627=VECTOR('',#2041,10.);
#628=VECTOR('',#2042,10.);
#629=VECTOR('',#2045,10.);
#630=VECTOR('',#2046,10.);
#631=VECTOR('',#2047,10.);
#632=VECTOR('',#2050,10.);
#633=VECTOR('',#2051,10.);
#634=VECTOR('',#2052,10.);
#635=VECTOR('',#2055,10.);
#636=VECTOR('',#2056,10.);
#637=VECTOR('',#2059,10.);
#638=VECTOR('',#2060,10.);
#639=VECTOR('',#2061,10.);
#640=VECTOR('',#2062,10.);
#641=VECTOR('',#2065,10.);
#642=VECTOR('',#2066,10.);
#643=VECTOR('',#2067,10.);
#644=VECTOR('',#2070,10.);
#645=VECTOR('',#2071,10.);
#646=VECTOR('',#2072,10.);
#647=VECTOR('',#2075,10.);
#648=VECTOR('',#2076,10.);
#649=VECTOR('',#2079,10.);
#650=VECTOR('',#2080,10.);
#651=VECTOR('',#2081,10.);
#652=VECTOR('',#2082,10.);
#653=VECTOR('',#2085,10.);
#654=VECTOR('',#2086,10.);
#655=VECTOR('',#2087,10.);
#656=VECTOR('',#2090,10.);
#657=VECTOR('',#2091,10.);
#658=VECTOR('',#2092,10.);
#659=VECTOR('',#2095,10.);
#660=VECTOR('',#2096,10.);
#661=VECTOR('',#2099,10.);
#662=VECTOR('',#2100,10.);
#663=VECTOR('',#2101,10.);
#664=VECTOR('',#2102,10.);
#665=VECTOR('',#2105,10.);
#666=VECTOR('',#2106,10.);
#667=VECTOR('',#2107,10.);
#668=VECTOR('',#2110,10.);
#669=VECTOR('',#2111,10.);
#670=VECTOR('',#2112,10.);
#671=VECTOR('',#2115,10.);
#672=VECTOR('',#2116,10.);
#673=VECTOR('',#2119,10.);
#674=VECTOR('',#2120,10.);
#675=VECTOR('',#2121,10.);
#676=VECTOR('',#2122,10.);
#677=VECTOR('',#2125,10.);
#678=VECTOR('',#2126,10.);
#679=VECTOR('',#2127,10.);
#680=VECTOR('',#2130,10.);
#681=VECTOR('',#2131,10.);
#682=VECTOR('',#2132,10.);
#683=VECTOR('',#2135,10.);
#684=VECTOR('',#2136,10.);
#685=VECTOR('',#2139,10.);
#686=VECTOR('',#2140,10.);
#687=VECTOR('',#2141,10.);
#688=VECTOR('',#2142,10.);
#689=VECTOR('',#2145,10.);
#690=VECTOR('',#2146,10.);
#691=VECTOR('',#2147,10.);
#692=VECTOR('',#2150,10.);
#693=VECTOR('',#2151,10.);
#694=VECTOR('',#2152,10.);
#695=VECTOR('',#2155,10.);
#696=VECTOR('',#2156,10.);
#697=VECTOR('',#2159,10.);
#698=VECTOR('',#2160,10.);
#699=VECTOR('',#2161,10.);
#700=VECTOR('',#2162,10.);
#701=VECTOR('',#2165,10.);
#702=VECTOR('',#2166,10.);
#703=VECTOR('',#2167,10.);
#704=VECTOR('',#2170,10.);
#705=VECTOR('',#2171,10.);
#706=VECTOR('',#2172,10.);
#707=VECTOR('',#2175,10.);
#708=VECTOR('',#2176,10.);
#709=VECTOR('',#2179,10.);
#710=VECTOR('',#2180,10.);
#711=VECTOR('',#2181,10.);
#712=VECTOR('',#2182,10.);
#713=VECTOR('',#2185,10.);
#714=VECTOR('',#2186,10.);
#715=VECTOR('',#2187,10.);
#716=VECTOR('',#2190,10.);
#717=VECTOR('',#2191,10.);
#718=VECTOR('',#2192,10.);
#719=VECTOR('',#2195,10.);
#720=VECTOR('',#2196,10.);
#721=VECTOR('',#2199,10.);
#722=VECTOR('',#2200,10.);
#723=VECTOR('',#2201,10.);
#724=VECTOR('',#2202,10.);
#725=VECTOR('',#2205,10.);
#726=VECTOR('',#2206,10.);
#727=VECTOR('',#2207,10.);
#728=VECTOR('',#2210,10.);
#729=VECTOR('',#2211,10.);
#730=VECTOR('',#2212,10.);
#731=VECTOR('',#2215,10.);
#732=VECTOR('',#2216,10.);
#733=VECTOR('',#2219,10.);
#734=VECTOR('',#2220,10.);
#735=VECTOR('',#2221,10.);
#736=VECTOR('',#2222,10.);
#737=VECTOR('',#2225,10.);
#738=VECTOR('',#2226,10.);
#739=VECTOR('',#2227,10.);
#740=VECTOR('',#2230,10.);
#741=VECTOR('',#2231,10.);
#742=VECTOR('',#2232,10.);
#743=VECTOR('',#2235,10.);
#744=VECTOR('',#2236,10.);
#745=VECTOR('',#2239,10.);
#746=VECTOR('',#2240,10.);
#747=VECTOR('',#2241,10.);
#748=VECTOR('',#2242,10.);
#749=VECTOR('',#2245,10.);
#750=VECTOR('',#2246,10.);
#751=VECTOR('',#2247,10.);
#752=VECTOR('',#2250,10.);
#753=VECTOR('',#2251,10.);
#754=VECTOR('',#2252,10.);
#755=VECTOR('',#2255,10.);
#756=VECTOR('',#2256,10.);
#757=VECTOR('',#2259,10.);
#758=VECTOR('',#2260,10.);
#759=VECTOR('',#2261,10.);
#760=VECTOR('',#2262,10.);
#761=VECTOR('',#2265,10.);
#762=VECTOR('',#2266,10.);
#763=VECTOR('',#2267,10.);
#764=VECTOR('',#2270,10.);
#765=VECTOR('',#2271,10.);
#766=VECTOR('',#2272,10.);
#767=VECTOR('',#2275,10.);
#768=VECTOR('',#2276,10.);
#769=VECTOR('',#2279,10.);
#770=VECTOR('',#2280,10.);
#771=VECTOR('',#2281,10.);
#772=VECTOR('',#2282,10.);
#773=VECTOR('',#2285,10.);
#774=VECTOR('',#2286,10.);
#775=VECTOR('',#2287,10.);
#776=VECTOR('',#2290,10.);
#777=VECTOR('',#2291,10.);
#778=VECTOR('',#2292,10.);
#779=VECTOR('',#2295,10.);
#780=VECTOR('',#2296,10.);
#781=VECTOR('',#2299,10.);
#782=VECTOR('',#2300,10.);
#783=VECTOR('',#2301,10.);
#784=VECTOR('',#2302,10.);
#785=VECTOR('',#2305,10.);
#786=VECTOR('',#2306,10.);
#787=VECTOR('',#2307,10.);
#788=VECTOR('',#2310,10.);
#789=VECTOR('',#2311,10.);
#790=VECTOR('',#2312,10.);
#791=VECTOR('',#2315,10.);
#792=VECTOR('',#2316,10.);
#793=VECTOR('',#2319,10.);
#794=VECTOR('',#2320,10.);
#795=VECTOR('',#2321,10.);
#796=VECTOR('',#2322,10.);
#797=VECTOR('',#2325,10.);
#798=VECTOR('',#2326,10.);
#799=VECTOR('',#2327,10.);
#800=VECTOR('',#2330,10.);
#801=VECTOR('',#2331,10.);
#802=VECTOR('',#2332,10.);
#803=VECTOR('',#2335,10.);
#804=VECTOR('',#2336,10.);
#805=VECTOR('',#2339,10.);
#806=VECTOR('',#2340,10.);
#807=VECTOR('',#2341,10.);
#808=VECTOR('',#2342,10.);
#809=VECTOR('',#2345,10.);
#810=VECTOR('',#2346,10.);
#811=VECTOR('',#2347,10.);
#812=VECTOR('',#2350,10.);
#813=VECTOR('',#2351,10.);
#814=VECTOR('',#2352,10.);
#815=VECTOR('',#2355,10.);
#816=VECTOR('',#2356,10.);
#817=VECTOR('',#2359,10.);
#818=VECTOR('',#2360,10.);
#819=VECTOR('',#2361,10.);
#820=VECTOR('',#2362,10.);
#821=VECTOR('',#2365,10.);
#822=VECTOR('',#2366,10.);
#823=VECTOR('',#2367,10.);
#824=VECTOR('',#2370,10.);
#825=VECTOR('',#2371,10.);
#826=VECTOR('',#2372,10.);
#827=VECTOR('',#2375,10.);
#828=VECTOR('',#2376,10.);
#829=VECTOR('',#2379,10.);
#830=VECTOR('',#2380,10.);
#831=VECTOR('',#2381,10.);
#832=VECTOR('',#2382,10.);
#833=VECTOR('',#2385,10.);
#834=VECTOR('',#2386,10.);
#835=VECTOR('',#2387,10.);
#836=VECTOR('',#2390,10.);
#837=VECTOR('',#2391,10.);
#838=VECTOR('',#2392,10.);
#839=VECTOR('',#2395,10.);
#840=VECTOR('',#2396,10.);
#841=VECTOR('',#2399,10.);
#842=VECTOR('',#2400,10.);
#843=VECTOR('',#2401,10.);
#844=VECTOR('',#2402,10.);
#845=VECTOR('',#2405,10.);
#846=VECTOR('',#2406,10.);
#847=VECTOR('',#2407,10.);
#848=VECTOR('',#2410,10.);
#849=VECTOR('',#2411,10.);
#850=VECTOR('',#2412,10.);
#851=VECTOR('',#2415,10.);
#852=VECTOR('',#2416,10.);
#853=VECTOR('',#2419,10.);
#854=VECTOR('',#2420,10.);
#855=VECTOR('',#2421,10.);
#856=VECTOR('',#2422,10.);
#857=VECTOR('',#2425,10.);
#858=VECTOR('',#2426,10.);
#859=VECTOR('',#2427,10.);
#860=VECTOR('',#2430,10.);
#861=VECTOR('',#2431,10.);
#862=VECTOR('',#2432,10.);
#863=VECTOR('',#2435,10.);
#864=VECTOR('',#2436,10.);
#865=VECTOR('',#2439,10.);
#866=VECTOR('',#2440,10.);
#867=VECTOR('',#2441,10.);
#868=VECTOR('',#2442,10.);
#869=VECTOR('',#2445,10.);
#870=VECTOR('',#2446,10.);
#871=VECTOR('',#2447,10.);
#872=VECTOR('',#2450,10.);
#873=VECTOR('',#2451,10.);
#874=VECTOR('',#2452,10.);
#875=VECTOR('',#2455,10.);
#876=VECTOR('',#2456,10.);
#877=CIRCLE('',#1931,12.);
#878=CIRCLE('',#1932,12.);
#879=VERTEX_POINT('',#2472);
#880=VERTEX_POINT('',#2474);
#881=VERTEX_POINT('',#2478);
#882=VERTEX_POINT('',#2479);
#883=VERTEX_POINT('',#2481);
#884=VERTEX_POINT('',#2483);
#885=VERTEX_POINT('',#2487);
#886=VERTEX_POINT('',#2489);
#887=VERTEX_POINT('',#2493);
#888=VERTEX_POINT('',#2495);
#889=VERTEX_POINT('',#2502);
#890=VERTEX_POINT('',#2503);
#891=VERTEX_POINT('',#2505);
#892=VERTEX_POINT('',#2507);
#893=VERTEX_POINT('',#2511);
#894=VERTEX_POINT('',#2513);
#895=VERTEX_POINT('',#2517);
#896=VERTEX_POINT('',#2519);
#897=VERTEX_POINT('',#2526);
#898=VERTEX_POINT('',#2527);
#899=VERTEX_POINT('',#2529);
#900=VERTEX_POINT('',#2531);
#901=VERTEX_POINT('',#2535);
#902=VERTEX_POINT('',#2537);
#903=VERTEX_POINT('',#2541);
#904=VERTEX_POINT('',#2543);
#905=VERTEX_POINT('',#2550);
#906=VERTEX_POINT('',#2551);
#907=VERTEX_POINT('',#2553);
#908=VERTEX_POINT('',#2555);
#909=VERTEX_POINT('',#2559);
#910=VERTEX_POINT('',#2561);
#911=VERTEX_POINT('',#2565);
#912=VERTEX_POINT('',#2567);
#913=VERTEX_POINT('',#2574);
#914=VERTEX_POINT('',#2575);
#915=VERTEX_POINT('',#2577);
#916=VERTEX_POINT('',#2579);
#917=VERTEX_POINT('',#2583);
#918=VERTEX_POINT('',#2585);
#919=VERTEX_POINT('',#2589);
#920=VERTEX_POINT('',#2591);
#921=VERTEX_POINT('',#2598);
#922=VERTEX_POINT('',#2599);
#923=VERTEX_POINT('',#2601);
#924=VERTEX_POINT('',#2603);
#925=VERTEX_POINT('',#2607);
#926=VERTEX_POINT('',#2609);
#927=VERTEX_POINT('',#2613);
#928=VERTEX_POINT('',#2615);
#929=VERTEX_POINT('',#2622);
#930=VERTEX_POINT('',#2623);
#931=VERTEX_POINT('',#2625);
#932=VERTEX_POINT('',#2627);
#933=VERTEX_POINT('',#2631);
#934=VERTEX_POINT('',#2633);
#935=VERTEX_POINT('',#2637);
#936=VERTEX_POINT('',#2639);
#937=VERTEX_POINT('',#2646);
#938=VERTEX_POINT('',#2647);
#939=VERTEX_POINT('',#2649);
#940=VERTEX_POINT('',#2651);
#941=VERTEX_POINT('',#2655);
#942=VERTEX_POINT('',#2657);
#943=VERTEX_POINT('',#2661);
#944=VERTEX_POINT('',#2663);
#945=VERTEX_POINT('',#2670);
#946=VERTEX_POINT('',#2671);
#947=VERTEX_POINT('',#2673);
#948=VERTEX_POINT('',#2675);
#949=VERTEX_POINT('',#2679);
#950=VERTEX_POINT('',#2681);
#951=VERTEX_POINT('',#2685);
#952=VERTEX_POINT('',#2687);
#953=VERTEX_POINT('',#2694);
#954=VERTEX_POINT('',#2695);
#955=VERTEX_POINT('',#2697);
#956=VERTEX_POINT('',#2699);
#957=VERTEX_POINT('',#2703);
#958=VERTEX_POINT('',#2705);
#959=VERTEX_POINT('',#2709);
#960=VERTEX_POINT('',#2711);
#961=VERTEX_POINT('',#2718);
#962=VERTEX_POINT('',#2719);
#963=VERTEX_POINT('',#2721);
#964=VERTEX_POINT('',#2723);
#965=VERTEX_POINT('',#2727);
#966=VERTEX_POINT('',#2729);
#967=VERTEX_POINT('',#2733);
#968=VERTEX_POINT('',#2735);
#969=VERTEX_POINT('',#2742);
#970=VERTEX_POINT('',#2743);
#971=VERTEX_POINT('',#2745);
#972=VERTEX_POINT('',#2747);
#973=VERTEX_POINT('',#2751);
#974=VERTEX_POINT('',#2753);
#975=VERTEX_POINT('',#2757);
#976=VERTEX_POINT('',#2759);
#977=VERTEX_POINT('',#2766);
#978=VERTEX_POINT('',#2767);
#979=VERTEX_POINT('',#2769);
#980=VERTEX_POINT('',#2771);
#981=VERTEX_POINT('',#2775);
#982=VERTEX_POINT('',#2777);
#983=VERTEX_POINT('',#2781);
#984=VERTEX_POINT('',#2783);
#985=VERTEX_POINT('',#2790);
#986=VERTEX_POINT('',#2791);
#987=VERTEX_POINT('',#2793);
#988=VERTEX_POINT('',#2795);
#989=VERTEX_POINT('',#2799);
#990=VERTEX_POINT('',#2801);
#991=VERTEX_POINT('',#2805);
#992=VERTEX_POINT('',#2807);
#993=VERTEX_POINT('',#2814);
#994=VERTEX_POINT('',#2815);
#995=VERTEX_POINT('',#2817);
#996=VERTEX_POINT('',#2819);
#997=VERTEX_POINT('',#2823);
#998=VERTEX_POINT('',#2825);
#999=VERTEX_POINT('',#2829);
#1000=VERTEX_POINT('',#2831);
#1001=VERTEX_POINT('',#2838);
#1002=VERTEX_POINT('',#2839);
#1003=VERTEX_POINT('',#2841);
#1004=VERTEX_POINT('',#2843);
#1005=VERTEX_POINT('',#2847);
#1006=VERTEX_POINT('',#2849);
#1007=VERTEX_POINT('',#2853);
#1008=VERTEX_POINT('',#2855);
#1009=VERTEX_POINT('',#2862);
#1010=VERTEX_POINT('',#2863);
#1011=VERTEX_POINT('',#2865);
#1012=VERTEX_POINT('',#2867);
#1013=VERTEX_POINT('',#2871);
#1014=VERTEX_POINT('',#2873);
#1015=VERTEX_POINT('',#2877);
#1016=VERTEX_POINT('',#2879);
#1017=VERTEX_POINT('',#2886);
#1018=VERTEX_POINT('',#2887);
#1019=VERTEX_POINT('',#2889);
#1020=VERTEX_POINT('',#2891);
#1021=VERTEX_POINT('',#2895);
#1022=VERTEX_POINT('',#2897);
#1023=VERTEX_POINT('',#2901);
#1024=VERTEX_POINT('',#2903);
#1025=VERTEX_POINT('',#2910);
#1026=VERTEX_POINT('',#2911);
#1027=VERTEX_POINT('',#2913);
#1028=VERTEX_POINT('',#2915);
#1029=VERTEX_POINT('',#2919);
#1030=VERTEX_POINT('',#2921);
#1031=VERTEX_POINT('',#2925);
#1032=VERTEX_POINT('',#2927);
#1033=VERTEX_POINT('',#2934);
#1034=VERTEX_POINT('',#2935);
#1035=VERTEX_POINT('',#2937);
#1036=VERTEX_POINT('',#2939);
#1037=VERTEX_POINT('',#2943);
#1038=VERTEX_POINT('',#2945);
#1039=VERTEX_POINT('',#2949);
#1040=VERTEX_POINT('',#2951);
#1041=VERTEX_POINT('',#2958);
#1042=VERTEX_POINT('',#2959);
#1043=VERTEX_POINT('',#2961);
#1044=VERTEX_POINT('',#2963);
#1045=VERTEX_POINT('',#2967);
#1046=VERTEX_POINT('',#2969);
#1047=VERTEX_POINT('',#2973);
#1048=VERTEX_POINT('',#2975);
#1049=EDGE_CURVE('',#879,#879,#877,.T.);
#1050=EDGE_CURVE('',#879,#880,#371,.T.);
#1051=EDGE_CURVE('',#880,#880,#878,.T.);
#1052=EDGE_CURVE('',#881,#882,#372,.T.);
#1053=EDGE_CURVE('',#882,#883,#373,.T.);
#1054=EDGE_CURVE('',#884,#883,#374,.T.);
#1055=EDGE_CURVE('',#881,#884,#375,.T.);
#1056=EDGE_CURVE('',#885,#881,#376,.T.);
#1057=EDGE_CURVE('',#886,#884,#377,.T.);
#1058=EDGE_CURVE('',#885,#886,#378,.T.);
#1059=EDGE_CURVE('',#887,#885,#379,.T.);
#1060=EDGE_CURVE('',#888,#886,#380,.T.);
#1061=EDGE_CURVE('',#887,#888,#381,.T.);
#1062=EDGE_CURVE('',#882,#887,#382,.T.);
#1063=EDGE_CURVE('',#883,#888,#383,.T.);
#1064=EDGE_CURVE('',#889,#890,#384,.T.);
#1065=EDGE_CURVE('',#890,#891,#385,.T.);
#1066=EDGE_CURVE('',#892,#891,#386,.T.);
#1067=EDGE_CURVE('',#889,#892,#387,.T.);
#1068=EDGE_CURVE('',#893,#889,#388,.T.);
#1069=EDGE_CURVE('',#894,#892,#389,.T.);
#1070=EDGE_CURVE('',#893,#894,#390,.T.);
#1071=EDGE_CURVE('',#895,#893,#391,.T.);
#1072=EDGE_CURVE('',#896,#894,#392,.T.);
#1073=EDGE_CURVE('',#895,#896,#393,.T.);
#1074=EDGE_CURVE('',#890,#895,#394,.T.);
#1075=EDGE_CURVE('',#891,#896,#395,.T.);
#1076=EDGE_CURVE('',#897,#898,#396,.T.);
#1077=EDGE_CURVE('',#898,#899,#397,.T.);
#1078=EDGE_CURVE('',#900,#899,#398,.T.);
#1079=EDGE_CURVE('',#897,#900,#399,.T.);
#1080=EDGE_CURVE('',#901,#897,#400,.T.);
#1081=EDGE_CURVE('',#902,#900,#401,.T.);
#1082=EDGE_CURVE('',#901,#902,#402,.T.);
#1083=EDGE_CURVE('',#903,#901,#403,.T.);
#1084=EDGE_CURVE('',#904,#902,#404,.T.);
#1085=EDGE_CURVE('',#903,#904,#405,.T.);
#1086=EDGE_CURVE('',#898,#903,#406,.T.);
#1087=EDGE_CURVE('',#899,#904,#407,.T.);
#1088=EDGE_CURVE('',#905,#906,#408,.T.);
#1089=EDGE_CURVE('',#906,#907,#409,.T.);
#1090=EDGE_CURVE('',#908,#907,#410,.T.);
#1091=EDGE_CURVE('',#905,#908,#411,.T.);
#1092=EDGE_CURVE('',#909,#905,#412,.T.);
#1093=EDGE_CURVE('',#910,#908,#413,.T.);
#1094=EDGE_CURVE('',#909,#910,#414,.T.);
#1095=EDGE_CURVE('',#911,#909,#415,.T.);
#1096=EDGE_CURVE('',#912,#910,#416,.T.);
#1097=EDGE_CURVE('',#911,#912,#417,.T.);
#1098=EDGE_CURVE('',#906,#911,#418,.T.);
#1099=EDGE_CURVE('',#907,#912,#419,.T.);
#1100=EDGE_CURVE('',#913,#914,#420,.T.);
#1101=EDGE_CURVE('',#914,#915,#421,.T.);
#1102=EDGE_CURVE('',#916,#915,#422,.T.);
#1103=EDGE_CURVE('',#913,#916,#423,.T.);
#1104=EDGE_CURVE('',#917,#913,#424,.T.);
#1105=EDGE_CURVE('',#918,#916,#425,.T.);
#1106=EDGE_CURVE('',#917,#918,#426,.T.);
#1107=EDGE_CURVE('',#919,#917,#427,.T.);
#1108=EDGE_CURVE('',#920,#918,#428,.T.);
#1109=EDGE_CURVE('',#919,#920,#429,.T.);
#1110=EDGE_CURVE('',#914,#919,#430,.T.);
#1111=EDGE_CURVE('',#915,#920,#431,.T.);
#1112=EDGE_CURVE('',#921,#922,#432,.T.);
#1113=EDGE_CURVE('',#922,#923,#433,.T.);
#1114=EDGE_CURVE('',#924,#923,#434,.T.);
#1115=EDGE_CURVE('',#921,#924,#435,.T.);
#1116=EDGE_CURVE('',#925,#921,#436,.T.);
#1117=EDGE_CURVE('',#926,#924,#437,.T.);
#1118=EDGE_CURVE('',#925,#926,#438,.T.);
#1119=EDGE_CURVE('',#927,#925,#439,.T.);
#1120=EDGE_CURVE('',#928,#926,#440,.T.);
#1121=EDGE_CURVE('',#927,#928,#441,.T.);
#1122=EDGE_CURVE('',#922,#927,#442,.T.);
#1123=EDGE_CURVE('',#923,#928,#443,.T.);
#1124=EDGE_CURVE('',#929,#930,#444,.T.);
#1125=EDGE_CURVE('',#930,#931,#445,.T.);
#1126=EDGE_CURVE('',#932,#931,#446,.T.);
#1127=EDGE_CURVE('',#929,#932,#447,.T.);
#1128=EDGE_CURVE('',#933,#929,#448,.T.);
#1129=EDGE_CURVE('',#934,#932,#449,.T.);
#1130=EDGE_CURVE('',#933,#934,#450,.T.);
#1131=EDGE_CURVE('',#935,#933,#451,.T.);
#1132=EDGE_CURVE('',#936,#934,#452,.T.);
#1133=EDGE_CURVE('',#935,#936,#453,.T.);
#1134=EDGE_CURVE('',#930,#935,#454,.T.);
#1135=EDGE_CURVE('',#931,#936,#455,.T.);
#1136=EDGE_CURVE('',#937,#938,#456,.T.);
#1137=EDGE_CURVE('',#938,#939,#457,.T.);
#1138=EDGE_CURVE('',#940,#939,#458,.T.);
#1139=EDGE_CURVE('',#937,#940,#459,.T.);
#1140=EDGE_CURVE('',#941,#937,#460,.T.);
#1141=EDGE_CURVE('',#942,#940,#461,.T.);
#1142=EDGE_CURVE('',#941,#942,#462,.T.);
#1143=EDGE_CURVE('',#943,#941,#463,.T.);
#1144=EDGE_CURVE('',#944,#942,#464,.T.);
#1145=EDGE_CURVE('',#943,#944,#465,.T.);
#1146=EDGE_CURVE('',#938,#943,#466,.T.);
#1147=EDGE_CURVE('',#939,#944,#467,.T.);
#1148=EDGE_CURVE('',#945,#946,#468,.T.);
#1149=EDGE_CURVE('',#946,#947,#469,.T.);
#1150=EDGE_CURVE('',#948,#947,#470,.T.);
#1151=EDGE_CURVE('',#945,#948,#471,.T.);
#1152=EDGE_CURVE('',#949,#945,#472,.T.);
#1153=EDGE_CURVE('',#950,#948,#473,.T.);
#1154=EDGE_CURVE('',#949,#950,#474,.T.);
#1155=EDGE_CURVE('',#951,#949,#475,.T.);
#1156=EDGE_CURVE('',#952,#950,#476,.T.);
#1157=EDGE_CURVE('',#951,#952,#477,.T.);
#1158=EDGE_CURVE('',#946,#951,#478,.T.);
#1159=EDGE_CURVE('',#947,#952,#479,.T.);
#1160=EDGE_CURVE('',#953,#954,#480,.T.);
#1161=EDGE_CURVE('',#954,#955,#481,.T.);
#1162=EDGE_CURVE('',#956,#955,#482,.T.);
#1163=EDGE_CURVE('',#953,#956,#483,.T.);
#1164=EDGE_CURVE('',#957,#953,#484,.T.);
#1165=EDGE_CURVE('',#958,#956,#485,.T.);
#1166=EDGE_CURVE('',#957,#958,#486,.T.);
#1167=EDGE_CURVE('',#959,#957,#487,.T.);
#1168=EDGE_CURVE('',#960,#958,#488,.T.);
#1169=EDGE_CURVE('',#959,#960,#489,.T.);
#1170=EDGE_CURVE('',#954,#959,#490,.T.);
#1171=EDGE_CURVE('',#955,#960,#491,.T.);
#1172=EDGE_CURVE('',#961,#962,#492,.T.);
#1173=EDGE_CURVE('',#962,#963,#493,.T.);
#1174=EDGE_CURVE('',#964,#963,#494,.T.);
#1175=EDGE_CURVE('',#961,#964,#495,.T.);
#1176=EDGE_CURVE('',#965,#961,#496,.T.);
#1177=EDGE_CURVE('',#966,#964,#497,.T.);
#1178=EDGE_CURVE('',#965,#966,#498,.T.);
#1179=EDGE_CURVE('',#967,#965,#499,.T.);
#1180=EDGE_CURVE('',#968,#966,#500,.T.);
#1181=EDGE_CURVE('',#967,#968,#501,.T.);
#1182=EDGE_CURVE('',#962,#967,#502,.T.);
#1183=EDGE_CURVE('',#963,#968,#503,.T.);
#1184=EDGE_CURVE('',#969,#970,#504,.T.);
#1185=EDGE_CURVE('',#970,#971,#505,.T.);
#1186=EDGE_CURVE('',#972,#971,#506,.T.);
#1187=EDGE_CURVE('',#969,#972,#507,.T.);
#1188=EDGE_CURVE('',#973,#969,#508,.T.);
#1189=EDGE_CURVE('',#974,#972,#509,.T.);
#1190=EDGE_CURVE('',#973,#974,#510,.T.);
#1191=EDGE_CURVE('',#975,#973,#511,.T.);
#1192=EDGE_CURVE('',#976,#974,#512,.T.);
#1193=EDGE_CURVE('',#975,#976,#513,.T.);
#1194=EDGE_CURVE('',#970,#975,#514,.T.);
#1195=EDGE_CURVE('',#971,#976,#515,.T.);
#1196=EDGE_CURVE('',#977,#978,#516,.T.);
#1197=EDGE_CURVE('',#978,#979,#517,.T.);
#1198=EDGE_CURVE('',#980,#979,#518,.T.);
#1199=EDGE_CURVE('',#977,#980,#519,.T.);
#1200=EDGE_CURVE('',#981,#977,#520,.T.);
#1201=EDGE_CURVE('',#982,#980,#521,.T.);
#1202=EDGE_CURVE('',#981,#982,#522,.T.);
#1203=EDGE_CURVE('',#983,#981,#523,.T.);
#1204=EDGE_CURVE('',#984,#982,#524,.T.);
#1205=EDGE_CURVE('',#983,#984,#525,.T.);
#1206=EDGE_CURVE('',#978,#983,#526,.T.);
#1207=EDGE_CURVE('',#979,#984,#527,.T.);
#1208=EDGE_CURVE('',#985,#986,#528,.T.);
#1209=EDGE_CURVE('',#986,#987,#529,.T.);
#1210=EDGE_CURVE('',#988,#987,#530,.T.);
#1211=EDGE_CURVE('',#985,#988,#531,.T.);
#1212=EDGE_CURVE('',#989,#985,#532,.T.);
#1213=EDGE_CURVE('',#990,#988,#533,.T.);
#1214=EDGE_CURVE('',#989,#990,#534,.T.);
#1215=EDGE_CURVE('',#991,#989,#535,.T.);
#1216=EDGE_CURVE('',#992,#990,#536,.T.);
#1217=EDGE_CURVE('',#991,#992,#537,.T.);
#1218=EDGE_CURVE('',#986,#991,#538,.T.);
#1219=EDGE_CURVE('',#987,#992,#539,.T.);
#1220=EDGE_CURVE('',#993,#994,#540,.T.);
#1221=EDGE_CURVE('',#994,#995,#541,.T.);
#1222=EDGE_CURVE('',#996,#995,#542,.T.);
#1223=EDGE_CURVE('',#993,#996,#543,.T.);
#1224=EDGE_CURVE('',#997,#993,#544,.T.);
#1225=EDGE_CURVE('',#998,#996,#545,.T.);
#1226=EDGE_CURVE('',#997,#998,#546,.T.);
#1227=EDGE_CURVE('',#999,#997,#547,.T.);
#1228=EDGE_CURVE('',#1000,#998,#548,.T.);
#1229=EDGE_CURVE('',#999,#1000,#549,.T.);
#1230=EDGE_CURVE('',#994,#999,#550,.T.);
#1231=EDGE_CURVE('',#995,#1000,#551,.T.);
#1232=EDGE_CURVE('',#1001,#1002,#552,.T.);
#1233=EDGE_CURVE('',#1002,#1003,#553,.T.);
#1234=EDGE_CURVE('',#1004,#1003,#554,.T.);
#1235=EDGE_CURVE('',#1001,#1004,#555,.T.);
#1236=EDGE_CURVE('',#1005,#1001,#556,.T.);
#1237=EDGE_CURVE('',#1006,#1004,#557,.T.);
#1238=EDGE_CURVE('',#1005,#1006,#558,.T.);
#1239=EDGE_CURVE('',#1007,#1005,#559,.T.);
#1240=EDGE_CURVE('',#1008,#1006,#560,.T.);
#1241=EDGE_CURVE('',#1007,#1008,#561,.T.);
#1242=EDGE_CURVE('',#1002,#1007,#562,.T.);
#1243=EDGE_CURVE('',#1003,#1008,#563,.T.);
#1244=EDGE_CURVE('',#1009,#1010,#564,.T.);
#1245=EDGE_CURVE('',#1010,#1011,#565,.T.);
#1246=EDGE_CURVE('',#1012,#1011,#566,.T.);
#1247=EDGE_CURVE('',#1009,#1012,#567,.T.);
#1248=EDGE_CURVE('',#1013,#1009,#568,.T.);
#1249=EDGE_CURVE('',#1014,#1012,#569,.T.);
#1250=EDGE_CURVE('',#1013,#1014,#570,.T.);
#1251=EDGE_CURVE('',#1015,#1013,#571,.T.);
#1252=EDGE_CURVE('',#1016,#1014,#572,.T.);
#1253=EDGE_CURVE('',#1015,#1016,#573,.T.);
#1254=EDGE_CURVE('',#1010,#1015,#574,.T.);
#1255=EDGE_CURVE('',#1011,#1016,#575,.T.);
#1256=EDGE_CURVE('',#1017,#1018,#576,.T.);
#1257=EDGE_CURVE('',#1018,#1019,#577,.T.);
#1258=EDGE_CURVE('',#1020,#1019,#578,.T.);
#1259=EDGE_CURVE('',#1017,#1020,#579,.T.);
#1260=EDGE_CURVE('',#1021,#1017,#580,.T.);
#1261=EDGE_CURVE('',#1022,#1020,#581,.T.);
#1262=EDGE_CURVE('',#1021,#1022,#582,.T.);
#1263=EDGE_CURVE('',#1023,#1021,#583,.T.);
#1264=EDGE_CURVE('',#1024,#1022,#584,.T.);
#1265=EDGE_CURVE('',#1023,#1024,#585,.T.);
#1266=EDGE_CURVE('',#1018,#1023,#586,.T.);
#1267=EDGE_CURVE('',#1019,#1024,#587,.T.);
#1268=EDGE_CURVE('',#1025,#1026,#588,.T.);
#1269=EDGE_CURVE('',#1026,#1027,#589,.T.);
#1270=EDGE_CURVE('',#1028,#1027,#590,.T.);
#1271=EDGE_CURVE('',#1025,#1028,#591,.T.);
#1272=EDGE_CURVE('',#1029,#1025,#592,.T.);
#1273=EDGE_CURVE('',#1030,#1028,#593,.T.);
#1274=EDGE_CURVE('',#1029,#1030,#594,.T.);
#1275=EDGE_CURVE('',#1031,#1029,#595,.T.);
#1276=EDGE_CURVE('',#1032,#1030,#596,.T.);
#1277=EDGE_CURVE('',#1031,#1032,#597,.T.);
#1278=EDGE_CURVE('',#1026,#1031,#598,.T.);
#1279=EDGE_CURVE('',#1027,#1032,#599,.T.);
#1280=EDGE_CURVE('',#1033,#1034,#600,.T.);
#1281=EDGE_CURVE('',#1034,#1035,#601,.T.);
#1282=EDGE_CURVE('',#1036,#1035,#602,.T.);
#1283=EDGE_CURVE('',#1033,#1036,#603,.T.);
#1284=EDGE_CURVE('',#1037,#1033,#604,.T.);
#1285=EDGE_CURVE('',#1038,#1036,#605,.T.);
#1286=EDGE_CURVE('',#1037,#1038,#606,.T.);
#1287=EDGE_CURVE('',#1039,#1037,#607,.T.);
#1288=EDGE_CURVE('',#1040,#1038,#608,.T.);
#1289=EDGE_CURVE('',#1039,#1040,#609,.T.);
#1290=EDGE_CURVE('',#1034,#1039,#610,.T.);
#1291=EDGE_CURVE('',#1035,#1040,#611,.T.);
#1292=EDGE_CURVE('',#1041,#1042,#612,.T.);
#1293=EDGE_CURVE('',#1042,#1043,#613,.T.);
#1294=EDGE_CURVE('',#1044,#1043,#614,.T.);
#1295=EDGE_CURVE('',#1041,#1044,#615,.T.);
#1296=EDGE_CURVE('',#1045,#1041,#616,.T.);
#1297=EDGE_CURVE('',#1046,#1044,#617,.T.);
#1298=EDGE_CURVE('',#1045,#1046,#618,.T.);
#1299=EDGE_CURVE('',#1047,#1045,#619,.T.);
#1300=EDGE_CURVE('',#1048,#1046,#620,.T.);
#1301=EDGE_CURVE('',#1047,#1048,#621,.T.);
#1302=EDGE_CURVE('',#1042,#1047,#622,.T.);
#1303=EDGE_CURVE('',#1043,#1048,#623,.T.);
#1304=ORIENTED_EDGE('',*,*,#1049,.F.);
#1305=ORIENTED_EDGE('',*,*,#1050,.T.);
#1306=ORIENTED_EDGE('',*,*,#1051,.T.);
#1307=ORIENTED_EDGE('',*,*,#1050,.F.);
#1308=ORIENTED_EDGE('',*,*,#1052,.T.);
#1309=ORIENTED_EDGE('',*,*,#1053,.T.);
#1310=ORIENTED_EDGE('',*,*,#1054,.F.);
#1311=ORIENTED_EDGE('',*,*,#1055,.F.);
#1312=ORIENTED_EDGE('',*,*,#1056,.T.);
#1313=ORIENTED_EDGE('',*,*,#1055,.T.);
#1314=ORIENTED_EDGE('',*,*,#1057,.F.);
#1315=ORIENTED_EDGE('',*,*,#1058,.F.);
#1316=ORIENTED_EDGE('',*,*,#1059,.T.);
#1317=ORIENTED_EDGE('',*,*,#1058,.T.);
#1318=ORIENTED_EDGE('',*,*,#1060,.F.);
#1319=ORIENTED_EDGE('',*,*,#1061,.F.);
#1320=ORIENTED_EDGE('',*,*,#1062,.T.);
#1321=ORIENTED_EDGE('',*,*,#1061,.T.);
#1322=ORIENTED_EDGE('',*,*,#1063,.F.);
#1323=ORIENTED_EDGE('',*,*,#1053,.F.);
#1324=ORIENTED_EDGE('',*,*,#1064,.T.);
#1325=ORIENTED_EDGE('',*,*,#1065,.T.);
#1326=ORIENTED_EDGE('',*,*,#1066,.F.);
#1327=ORIENTED_EDGE('',*,*,#1067,.F.);
#1328=ORIENTED_EDGE('',*,*,#1068,.T.);
#1329=ORIENTED_EDGE('',*,*,#1067,.T.);
#1330=ORIENTED_EDGE('',*,*,#1069,.F.);
#1331=ORIENTED_EDGE('',*,*,#1070,.F.);
#1332=ORIENTED_EDGE('',*,*,#1071,.T.);
#1333=ORIENTED_EDGE('',*,*,#1070,.T.);
#1334=ORIENTED_EDGE('',*,*,#1072,.F.);
#1335=ORIENTED_EDGE('',*,*,#1073,.F.);
#1336=ORIENTED_EDGE('',*,*,#1074,.T.);
#1337=ORIENTED_EDGE('',*,*,#1073,.T.);
#1338=ORIENTED_EDGE('',*,*,#1075,.F.);
#1339=ORIENTED_EDGE('',*,*,#1065,.F.);
#1340=ORIENTED_EDGE('',*,*,#1076,.T.);
#1341=ORIENTED_EDGE('',*,*,#1077,.T.);
#1342=ORIENTED_EDGE('',*,*,#1078,.F.);
#1343=ORIENTED_EDGE('',*,*,#1079,.F.);
#1344=ORIENTED_EDGE('',*,*,#1080,.T.);
#1345=ORIENTED_EDGE('',*,*,#1079,.T.);
#1346=ORIENTED_EDGE('',*,*,#1081,.F.);
#1347=ORIENTED_EDGE('',*,*,#1082,.F.);
#1348=ORIENTED_EDGE('',*,*,#1083,.T.);
#1349=ORIENTED_EDGE('',*,*,#1082,.T.);
#1350=ORIENTED_EDGE('',*,*,#1084,.F.);
#1351=ORIENTED_EDGE('',*,*,#1085,.F.);
#1352=ORIENTED_EDGE('',*,*,#1086,.T.);
#1353=ORIENTED_EDGE('',*,*,#1085,.T.);
#1354=ORIENTED_EDGE('',*,*,#1087,.F.);
#1355=ORIENTED_EDGE('',*,*,#1077,.F.);
#1356=ORIENTED_EDGE('',*,*,#1088,.T.);
#1357=ORIENTED_EDGE('',*,*,#1089,.T.);
#1358=ORIENTED_EDGE('',*,*,#1090,.F.);
#1359=ORIENTED_EDGE('',*,*,#1091,.F.);
#1360=ORIENTED_EDGE('',*,*,#1092,.T.);
#1361=ORIENTED_EDGE('',*,*,#1091,.T.);
#1362=ORIENTED_EDGE('',*,*,#1093,.F.);
#1363=ORIENTED_EDGE('',*,*,#1094,.F.);
#1364=ORIENTED_EDGE('',*,*,#1095,.T.);
#1365=ORIENTED_EDGE('',*,*,#1094,.T.);
#1366=ORIENTED_EDGE('',*,*,#1096,.F.);
#1367=ORIENTED_EDGE('',*,*,#1097,.F.);
#1368=ORIENTED_EDGE('',*,*,#1098,.T.);
#1369=ORIENTED_EDGE('',*,*,#1097,.T.);
#1370=ORIENTED_EDGE('',*,*,#1099,.F.);
#1371=ORIENTED_EDGE('',*,*,#1089,.F.);
#1372=ORIENTED_EDGE('',*,*,#1100,.T.);
#1373=ORIENTED_EDGE('',*,*,#1101,.T.);
#1374=ORIENTED_EDGE('',*,*,#1102,.F.);
#1375=ORIENTED_EDGE('',*,*,#1103,.F.);
#1376=ORIENTED_EDGE('',*,*,#1104,.T.);
#1377=ORIENTED_EDGE('',*,*,#1103,.T.);
#1378=ORIENTED_EDGE('',*,*,#1105,.F.);
#1379=ORIENTED_EDGE('',*,*,#1106,.F.);
#1380=ORIENTED_EDGE('',*,*,#1107,.T.);
#1381=ORIENTED_EDGE('',*,*,#1106,.T.);
#1382=ORIENTED_EDGE('',*,*,#1108,.F.);
#1383=ORIENTED_EDGE('',*,*,#1109,.F.);
#1384=ORIENTED_EDGE('',*,*,#1110,.T.);
#1385=ORIENTED_EDGE('',*,*,#1109,.T.);
#1386=ORIENTED_EDGE('',*,*,#1111,.F.);
#1387=ORIENTED_EDGE('',*,*,#1101,.F.);
#1388=ORIENTED_EDGE('',*,*,#1112,.T.);
#1389=ORIENTED_EDGE('',*,*,#1113,.T.);
#1390=ORIENTED_EDGE('',*,*,#1114,.F.);
#1391=ORIENTED_EDGE('',*,*,#1115,.F.);
#1392=ORIENTED_EDGE('',*,*,#1116,.T.);
#1393=ORIENTED_EDGE('',*,*,#1115,.T.);
#1394=ORIENTED_EDGE('',*,*,#1117,.F.);
#1395=ORIENTED_EDGE('',*,*,#1118,.F.);
#1396=ORIENTED_EDGE('',*,*,#1119,.T.);
#1397=ORIENTED_EDGE('',*,*,#1118,.T.);
#1398=ORIENTED_EDGE('',*,*,#1120,.F.);
#1399=ORIENTED_EDGE('',*,*,#1121,.F.);
#1400=ORIENTED_EDGE('',*,*,#1122,.T.);
#1401=ORIENTED_EDGE('',*,*,#1121,.T.);
#1402=ORIENTED_EDGE('',*,*,#1123,.F.);
#1403=ORIENTED_EDGE('',*,*,#1113,.F.);
#1404=ORIENTED_EDGE('',*,*,#1124,.T.);
#1405=ORIENTED_EDGE('',*,*,#1125,.T.);
#1406=ORIENTED_EDGE('',*,*,#1126,.F.);
#1407=ORIENTED_EDGE('',*,*,#1127,.F.);
#1408=ORIENTED_EDGE('',*,*,#1128,.T.);
#1409=ORIENTED_EDGE('',*,*,#1127,.T.);
#1410=ORIENTED_EDGE('',*,*,#1129,.F.);
#1411=ORIENTED_EDGE('',*,*,#1130,.F.);
#1412=ORIENTED_EDGE('',*,*,#1131,.T.);
#1413=ORIENTED_EDGE('',*,*,#1130,.T.);
#1414=ORIENTED_EDGE('',*,*,#1132,.F.);
#1415=ORIENTED_EDGE('',*,*,#1133,.F.);
#1416=ORIENTED_EDGE('',*,*,#1134,.T.);
#1417=ORIENTED_EDGE('',*,*,#1133,.T.);
#1418=ORIENTED_EDGE('',*,*,#1135,.F.);
#1419=ORIENTED_EDGE('',*,*,#1125,.F.);
#1420=ORIENTED_EDGE('',*,*,#1136,.T.);
#1421=ORIENTED_EDGE('',*,*,#1137,.T.);
#1422=ORIENTED_EDGE('',*,*,#1138,.F.);
#1423=ORIENTED_EDGE('',*,*,#1139,.F.);
#1424=ORIENTED_EDGE('',*,*,#1140,.T.);
#1425=ORIENTED_EDGE('',*,*,#1139,.T.);
#1426=ORIENTED_EDGE('',*,*,#1141,.F.);
#1427=ORIENTED_EDGE('',*,*,#1142,.F.);
#1428=ORIENTED_EDGE('',*,*,#1143,.T.);
#1429=ORIENTED_EDGE('',*,*,#1142,.T.);
#1430=ORIENTED_EDGE('',*,*,#1144,.F.);
#1431=ORIENTED_EDGE('',*,*,#1145,.F.);
#1432=ORIENTED_EDGE('',*,*,#1146,.T.);
#1433=ORIENTED_EDGE('',*,*,#1145,.T.);
#1434=ORIENTED_EDGE('',*,*,#1147,.F.);
#1435=ORIENTED_EDGE('',*,*,#1137,.F.);
#1436=ORIENTED_EDGE('',*,*,#1148,.T.);
#1437=ORIENTED_EDGE('',*,*,#1149,.T.);
#1438=ORIENTED_EDGE('',*,*,#1150,.F.);
#1439=ORIENTED_EDGE('',*,*,#1151,.F.);
#1440=ORIENTED_EDGE('',*,*,#1152,.T.);
#1441=ORIENTED_EDGE('',*,*,#1151,.T.);
#1442=ORIENTED_EDGE('',*,*,#1153,.F.);
#1443=ORIENTED_EDGE('',*,*,#1154,.F.);
#1444=ORIENTED_EDGE('',*,*,#1155,.T.);
#1445=ORIENTED_EDGE('',*,*,#1154,.T.);
#1446=ORIENTED_EDGE('',*,*,#1156,.F.);
#1447=ORIENTED_EDGE('',*,*,#1157,.F.);
#1448=ORIENTED_EDGE('',*,*,#1158,.T.);
#1449=ORIENTED_EDGE('',*,*,#1157,.T.);
#1450=ORIENTED_EDGE('',*,*,#1159,.F.);
#1451=ORIENTED_EDGE('',*,*,#1149,.F.);
#1452=ORIENTED_EDGE('',*,*,#1160,.T.);
#1453=ORIENTED_EDGE('',*,*,#1161,.T.);
#1454=ORIENTED_EDGE('',*,*,#1162,.F.);
#1455=ORIENTED_EDGE('',*,*,#1163,.F.);
#1456=ORIENTED_EDGE('',*,*,#1164,.T.);
#1457=ORIENTED_EDGE('',*,*,#1163,.T.);
#1458=ORIENTED_EDGE('',*,*,#1165,.F.);
#1459=ORIENTED_EDGE('',*,*,#1166,.F.);
#1460=ORIENTED_EDGE('',*,*,#1167,.T.);
#1461=ORIENTED_EDGE('',*,*,#1166,.T.);
#1462=ORIENTED_EDGE('',*,*,#1168,.F.);
#1463=ORIENTED_EDGE('',*,*,#1169,.F.);
#1464=ORIENTED_EDGE('',*,*,#1170,.T.);
#1465=ORIENTED_EDGE('',*,*,#1169,.T.);
#1466=ORIENTED_EDGE('',*,*,#1171,.F.);
#1467=ORIENTED_EDGE('',*,*,#1161,.F.);
#1468=ORIENTED_EDGE('',*,*,#1172,.T.);
#1469=ORIENTED_EDGE('',*,*,#1173,.T.);
#1470=ORIENTED_EDGE('',*,*,#1174,.F.);
#1471=ORIENTED_EDGE('',*,*,#1175,.F.);
#1472=ORIENTED_EDGE('',*,*,#1176,.T.);
#1473=ORIENTED_EDGE('',*,*,#1175,.T.);
#1474=ORIENTED_EDGE('',*,*,#1177,.F.);
#1475=ORIENTED_EDGE('',*,*,#1178,.F.);
#1476=ORIENTED_EDGE('',*,*,#1179,.T.);
#1477=ORIENTED_EDGE('',*,*,#1178,.T.);
#1478=ORIENTED_EDGE('',*,*,#1180,.F.);
#1479=ORIENTED_EDGE('',*,*,#1181,.F.);
#1480=ORIENTED_EDGE('',*,*,#1182,.T.);
#1481=ORIENTED_EDGE('',*,*,#1181,.T.);
#1482=ORIENTED_EDGE('',*,*,#1183,.F.);
#1483=ORIENTED_EDGE('',*,*,#1173,.F.);
#1484=ORIENTED_EDGE('',*,*,#1184,.T.);
#1485=ORIENTED_EDGE('',*,*,#1185,.T.);
#1486=ORIENTED_EDGE('',*,*,#1186,.F.);
#1487=ORIENTED_EDGE('',*,*,#1187,.F.);
#1488=ORIENTED_EDGE('',*,*,#1188,.T.);
#1489=ORIENTED_EDGE('',*,*,#1187,.T.);
#1490=ORIENTED_EDGE('',*,*,#1189,.F.);
#1491=ORIENTED_EDGE('',*,*,#1190,.F.);
#1492=ORIENTED_EDGE('',*,*,#1191,.T.);
#1493=ORIENTED_EDGE('',*,*,#1190,.T.);
#1494=ORIENTED_EDGE('',*,*,#1192,.F.);
#1495=ORIENTED_EDGE('',*,*,#1193,.F.);
#1496=ORIENTED_EDGE('',*,*,#1194,.T.);
#1497=ORIENTED_EDGE('',*,*,#1193,.T.);
#1498=ORIENTED_EDGE('',*,*,#1195,.F.);
#1499=ORIENTED_EDGE('',*,*,#1185,.F.);
#1500=ORIENTED_EDGE('',*,*,#1196,.T.);
#1501=ORIENTED_EDGE('',*,*,#1197,.T.);
#1502=ORIENTED_EDGE('',*,*,#1198,.F.);
#1503=ORIENTED_EDGE('',*,*,#1199,.F.);
#1504=ORIENTED_EDGE('',*,*,#1200,.T.);
#1505=ORIENTED_EDGE('',*,*,#1199,.T.);
#1506=ORIENTED_EDGE('',*,*,#1201,.F.);
#1507=ORIENTED_EDGE('',*,*,#1202,.F.);
#1508=ORIENTED_EDGE('',*,*,#1203,.T.);
#1509=ORIENTED_EDGE('',*,*,#1202,.T.);
#1510=ORIENTED_EDGE('',*,*,#1204,.F.);
#1511=ORIENTED_EDGE('',*,*,#1205,.F.);
#1512=ORIENTED_EDGE('',*,*,#1206,.T.);
#1513=ORIENTED_EDGE('',*,*,#1205,.T.);
#1514=ORIENTED_EDGE('',*,*,#1207,.F.);
#1515=ORIENTED_EDGE('',*,*,#1197,.F.);
#1516=ORIENTED_EDGE('',*,*,#1208,.T.);
#1517=ORIENTED_EDGE('',*,*,#1209,.T.);
#1518=ORIENTED_EDGE('',*,*,#1210,.F.);
#1519=ORIENTED_EDGE('',*,*,#1211,.F.);
#1520=ORIENTED_EDGE('',*,*,#1212,.T.);
#1521=ORIENTED_EDGE('',*,*,#1211,.T.);
#1522=ORIENTED_EDGE('',*,*,#1213,.F.);
#1523=ORIENTED_EDGE('',*,*,#1214,.F.);
#1524=ORIENTED_EDGE('',*,*,#1215,.T.);
#1525=ORIENTED_EDGE('',*,*,#1214,.T.);
#1526=ORIENTED_EDGE('',*,*,#1216,.F.);
#1527=ORIENTED_EDGE('',*,*,#1217,.F.);
#1528=ORIENTED_EDGE('',*,*,#1218,.T.);
#1529=ORIENTED_EDGE('',*,*,#1217,.T.);
#1530=ORIENTED_EDGE('',*,*,#1219,.F.);
#1531=ORIENTED_EDGE('',*,*,#1209,.F.);
#1532=ORIENTED_EDGE('',*,*,#1220,.T.);
#1533=ORIENTED_EDGE('',*,*,#1221,.T.);
#1534=ORIENTED_EDGE('',*,*,#1222,.F.);
#1535=ORIENTED_EDGE('',*,*,#1223,.F.);
#1536=ORIENTED_EDGE('',*,*,#1224,.T.);
#1537=ORIENTED_EDGE('',*,*,#1223,.T.);
#1538=ORIENTED_EDGE('',*,*,#1225,.F.);
#1539=ORIENTED_EDGE('',*,*,#1226,.F.);
#1540=ORIENTED_EDGE('',*,*,#1227,.T.);
#1541=ORIENTED_EDGE('',*,*,#1226,.T.);
#1542=ORIENTED_EDGE('',*,*,#1228,.F.);
#1543=ORIENTED_EDGE('',*,*,#1229,.F.);
#1544=ORIENTED_EDGE('',*,*,#1230,.T.);
#1545=ORIENTED_EDGE('',*,*,#1229,.T.);
#1546=ORIENTED_EDGE('',*,*,#1231,.F.);
#1547=ORIENTED_EDGE('',*,*,#1221,.F.);
#1548=ORIENTED_EDGE('',*,*,#1232,.T.);
#1549=ORIENTED_EDGE('',*,*,#1233,.T.);
#1550=ORIENTED_EDGE('',*,*,#1234,.F.);
#1551=ORIENTED_EDGE('',*,*,#1235,.F.);
#1552=ORIENTED_EDGE('',*,*,#1236,.T.);
#1553=ORIENTED_EDGE('',*,*,#1235,.T.);
#1554=ORIENTED_EDGE('',*,*,#1237,.F.);
#1555=ORIENTED_EDGE('',*,*,#1238,.F.);
#1556=ORIENTED_EDGE('',*,*,#1239,.T.);
#1557=ORIENTED_EDGE('',*,*,#1238,.T.);
#1558=ORIENTED_EDGE('',*,*,#1240,.F.);
#1559=ORIENTED_EDGE('',*,*,#1241,.F.);
#1560=ORIENTED_EDGE('',*,*,#1242,.T.);
#1561=ORIENTED_EDGE('',*,*,#1241,.T.);
#1562=ORIENTED_EDGE('',*,*,#1243,.F.);
#1563=ORIENTED_EDGE('',*,*,#1233,.F.);
#1564=ORIENTED_EDGE('',*,*,#1244,.T.);
#1565=ORIENTED_EDGE('',*,*,#1245,.T.);
#1566=ORIENTED_EDGE('',*,*,#1246,.F.);
#1567=ORIENTED_EDGE('',*,*,#1247,.F.);
#1568=ORIENTED_EDGE('',*,*,#1248,.T.);
#1569=ORIENTED_EDGE('',*,*,#1247,.T.);
#1570=ORIENTED_EDGE('',*,*,#1249,.F.);
#1571=ORIENTED_EDGE('',*,*,#1250,.F.);
#1572=ORIENTED_EDGE('',*,*,#1251,.T.);
#1573=ORIENTED_EDGE('',*,*,#1250,.T.);
#1574=ORIENTED_EDGE('',*,*,#1252,.F.);
#1575=ORIENTED_EDGE('',*,*,#1253,.F.);
#1576=ORIENTED_EDGE('',*,*,#1254,.T.);
#1577=ORIENTED_EDGE('',*,*,#1253,.T.);
#1578=ORIENTED_EDGE('',*,*,#1255,.F.);
#1579=ORIENTED_EDGE('',*,*,#1245,.F.);
#1580=ORIENTED_EDGE('',*,*,#1256,.T.);
#1581=ORIENTED_EDGE('',*,*,#1257,.T.);
#1582=ORIENTED_EDGE('',*,*,#1258,.F.);
#1583=ORIENTED_EDGE('',*,*,#1259,.F.);
#1584=ORIENTED_EDGE('',*,*,#1260,.T.);
#1585=ORIENTED_EDGE('',*,*,#1259,.T.);
#1586=ORIENTED_EDGE('',*,*,#1261,.F.);
#1587=ORIENTED_EDGE('',*,*,#1262,.F.);
#1588=ORIENTED_EDGE('',*,*,#1263,.T.);
#1589=ORIENTED_EDGE('',*,*,#1262,.T.);
#1590=ORIENTED_EDGE('',*,*,#1264,.F.);
#1591=ORIENTED_EDGE('',*,*,#1265,.F.);
#1592=ORIENTED_EDGE('',*,*,#1266,.T.);
#1593=ORIENTED_EDGE('',*,*,#1265,.T.);
#1594=ORIENTED_EDGE('',*,*,#1267,.F.);
#1595=ORIENTED_EDGE('',*,*,#1257,.F.);
#1596=ORIENTED_EDGE('',*,*,#1268,.T.);
#1597=ORIENTED_EDGE('',*,*,#1269,.T.);
#1598=ORIENTED_EDGE('',*,*,#1270,.F.);
#1599=ORIENTED_EDGE('',*,*,#1271,.F.);
#1600=ORIENTED_EDGE('',*,*,#1272,.T.);
#1601=ORIENTED_EDGE('',*,*,#1271,.T.);
#1602=ORIENTED_EDGE('',*,*,#1273,.F.);
#1603=ORIENTED_EDGE('',*,*,#1274,.F.);
#1604=ORIENTED_EDGE('',*,*,#1275,.T.);
#1605=ORIENTED_EDGE('',*,*,#1274,.T.);
#1606=ORIENTED_EDGE('',*,*,#1276,.F.);
#1607=ORIENTED_EDGE('',*,*,#1277,.F.);
#1608=ORIENTED_EDGE('',*,*,#1278,.T.);
#1609=ORIENTED_EDGE('',*,*,#1277,.T.);
#1610=ORIENTED_EDGE('',*,*,#1279,.F.);
#1611=ORIENTED_EDGE('',*,*,#1269,.F.);
#1612=ORIENTED_EDGE('',*,*,#1280,.T.);
#1613=ORIENTED_EDGE('',*,*,#1281,.T.);
#1614=ORIENTED_EDGE('',*,*,#1282,.F.);
#1615=ORIENTED_EDGE('',*,*,#1283,.F.);
#1616=ORIENTED_EDGE('',*,*,#1284,.T.);
#1617=ORIENTED_EDGE('',*,*,#1283,.T.);
#1618=ORIENTED_EDGE('',*,*,#1285,.F.);
#1619=ORIENTED_EDGE('',*,*,#1286,.F.);
#1620=ORIENTED_EDGE('',*,*,#1287,.T.);
#1621=ORIENTED_EDGE('',*,*,#1286,.T.);
#1622=ORIENTED_EDGE('',*,*,#1288,.F.);
#1623=ORIENTED_EDGE('',*,*,#1289,.F.);
#1624=ORIENTED_EDGE('',*,*,#1290,.T.);
#1625=ORIENTED_EDGE('',*,*,#1289,.T.);
#1626=ORIENTED_EDGE('',*,*,#1291,.F.);
#1627=ORIENTED_EDGE('',*,*,#1281,.F.);
#1628=ORIENTED_EDGE('',*,*,#1292,.T.);
#1629=ORIENTED_EDGE('',*,*,#1293,.T.);
#1630=ORIENTED_EDGE('',*,*,#1294,.F.);
#1631=ORIENTED_EDGE('',*,*,#1295,.F.);
#1632=ORIENTED_EDGE('',*,*,#1296,.T.);
#1633=ORIENTED_EDGE('',*,*,#1295,.T.);
#1634=ORIENTED_EDGE('',*,*,#1297,.F.);
#1635=ORIENTED_EDGE('',*,*,#1298,.F.);
#1636=ORIENTED_EDGE('',*,*,#1299,.T.);
#1637=ORIENTED_EDGE('',*,*,#1298,.T.);
#1638=ORIENTED_EDGE('',*,*,#1300,.F.);
#1639=ORIENTED_EDGE('',*,*,#1301,.F.);
#1640=ORIENTED_EDGE('',*,*,#1302,.T.);
#1641=ORIENTED_EDGE('',*,*,#1301,.T.);
#1642=ORIENTED_EDGE('',*,*,#1303,.F.);
#1643=ORIENTED_EDGE('',*,*,#1293,.F.);
#1644=ORIENTED_EDGE('',*,*,#1303,.T.);
#1645=ORIENTED_EDGE('',*,*,#1300,.T.);
#1646=ORIENTED_EDGE('',*,*,#1297,.T.);
#1647=ORIENTED_EDGE('',*,*,#1294,.T.);
#1648=ORIENTED_EDGE('',*,*,#1291,.T.);
#1649=ORIENTED_EDGE('',*,*,#1288,.T.);
#1650=ORIENTED_EDGE('',*,*,#1285,.T.);
#1651=ORIENTED_EDGE('',*,*,#1282,.T.);
#1652=ORIENTED_EDGE('',*,*,#1279,.T.);
#1653=ORIENTED_EDGE('',*,*,#1276,.T.);
#1654=ORIENTED_EDGE('',*,*,#1273,.T.);
#1655=ORIENTED_EDGE('',*,*,#1270,.T.);
#1656=ORIENTED_EDGE('',*,*,#1267,.T.);
#1657=ORIENTED_EDGE('',*,*,#1264,.T.);
#1658=ORIENTED_EDGE('',*,*,#1261,.T.);
#1659=ORIENTED_EDGE('',*,*,#1258,.T.);
#1660=ORIENTED_EDGE('',*,*,#1255,.T.);
#1661=ORIENTED_EDGE('',*,*,#1252,.T.);
#1662=ORIENTED_EDGE('',*,*,#1249,.T.);
#1663=ORIENTED_EDGE('',*,*,#1246,.T.);
#1664=ORIENTED_EDGE('',*,*,#1243,.T.);
#1665=ORIENTED_EDGE('',*,*,#1240,.T.);
#1666=ORIENTED_EDGE('',*,*,#1237,.T.);
#1667=ORIENTED_EDGE('',*,*,#1234,.T.);
#1668=ORIENTED_EDGE('',*,*,#1231,.T.);
#1669=ORIENTED_EDGE('',*,*,#1228,.T.);
#1670=ORIENTED_EDGE('',*,*,#1225,.T.);
#1671=ORIENTED_EDGE('',*,*,#1222,.T.);
#1672=ORIENTED_EDGE('',*,*,#1219,.T.);
#1673=ORIENTED_EDGE('',*,*,#1216,.T.);
#1674=ORIENTED_EDGE('',*,*,#1213,.T.);
#1675=ORIENTED_EDGE('',*,*,#1210,.T.);
#1676=ORIENTED_EDGE('',*,*,#1207,.T.);
#1677=ORIENTED_EDGE('',*,*,#1204,.T.);
#1678=ORIENTED_EDGE('',*,*,#1201,.T.);
#1679=ORIENTED_EDGE('',*,*,#1198,.T.);
#1680=ORIENTED_EDGE('',*,*,#1195,.T.);
#1681=ORIENTED_EDGE('',*,*,#1192,.T.);
#1682=ORIENTED_EDGE('',*,*,#1189,.T.);
#1683=ORIENTED_EDGE('',*,*,#1186,.T.);
#1684=ORIENTED_EDGE('',*,*,#1183,.T.);
#1685=ORIENTED_EDGE('',*,*,#1180,.T.);
#1686=ORIENTED_EDGE('',*,*,#1177,.T.);
#1687=ORIENTED_EDGE('',*,*,#1174,.T.);
#1688=ORIENTED_EDGE('',*,*,#1171,.T.);
#1689=ORIENTED_EDGE('',*,*,#1168,.T.);
#1690=ORIENTED_EDGE('',*,*,#1165,.T.);
#1691=ORIENTED_EDGE('',*,*,#1162,.T.);
#1692=ORIENTED_EDGE('',*,*,#1159,.T.);
#1693=ORIENTED_EDGE('',*,*,#1156,.T.);
#1694=ORIENTED_EDGE('',*,*,#1153,.T.);
#1695=ORIENTED_EDGE('',*,*,#1150,.T.);
#1696=ORIENTED_EDGE('',*,*,#1147,.T.);
#1697=ORIENTED_EDGE('',*,*,#1144,.T.);
#1698=ORIENTED_EDGE('',*,*,#1141,.T.);
#1699=ORIENTED_EDGE('',*,*,#1138,.T.);
#1700=ORIENTED_EDGE('',*,*,#1135,.T.);
#1701=ORIENTED_EDGE('',*,*,#1132,.T.);
#1702=ORIENTED_EDGE('',*,*,#1129,.T.);
#1703=ORIENTED_EDGE('',*,*,#1126,.T.);
#1704=ORIENTED_EDGE('',*,*,#1123,.T.);
#1705=ORIENTED_EDGE('',*,*,#1120,.T.);
#1706=ORIENTED_EDGE('',*,*,#1117,.T.);
#1707=ORIENTED_EDGE('',*,*,#1114,.T.);
#1708=ORIENTED_EDGE('',*,*,#1111,.T.);
#1709=ORIENTED_EDGE('',*,*,#1108,.T.);
#1710=ORIENTED_EDGE('',*,*,#1105,.T.);
#1711=ORIENTED_EDGE('',*,*,#1102,.T.);
#1712=ORIENTED_EDGE('',*,*,#1099,.T.);
#1713=ORIENTED_EDGE('',*,*,#1096,.T.);
#1714=ORIENTED_EDGE('',*,*,#1093,.T.);
#1715=ORIENTED_EDGE('',*,*,#1090,.T.);
#1716=ORIENTED_EDGE('',*,*,#1087,.T.);
#1717=ORIENTED_EDGE('',*,*,#1084,.T.);
#1718=ORIENTED_EDGE('',*,*,#1081,.T.);
#1719=ORIENTED_EDGE('',*,*,#1078,.T.);
#1720=ORIENTED_EDGE('',*,*,#1075,.T.);
#1721=ORIENTED_EDGE('',*,*,#1072,.T.);
#1722=ORIENTED_EDGE('',*,*,#1069,.T.);
#1723=ORIENTED_EDGE('',*,*,#1066,.T.);
#1724=ORIENTED_EDGE('',*,*,#1063,.T.);
#1725=ORIENTED_EDGE('',*,*,#1060,.T.);
#1726=ORIENTED_EDGE('',*,*,#1057,.T.);
#1727=ORIENTED_EDGE('',*,*,#1054,.T.);
#1728=ORIENTED_EDGE('',*,*,#1049,.T.);
#1729=ORIENTED_EDGE('',*,*,#1302,.F.);
#1730=ORIENTED_EDGE('',*,*,#1292,.F.);
#1731=ORIENTED_EDGE('',*,*,#1296,.F.);
#1732=ORIENTED_EDGE('',*,*,#1299,.F.);
#1733=ORIENTED_EDGE('',*,*,#1290,.F.);
#1734=ORIENTED_EDGE('',*,*,#1280,.F.);
#1735=ORIENTED_EDGE('',*,*,#1284,.F.);
#1736=ORIENTED_EDGE('',*,*,#1287,.F.);
#1737=ORIENTED_EDGE('',*,*,#1278,.F.);
#1738=ORIENTED_EDGE('',*,*,#1268,.F.);
#1739=ORIENTED_EDGE('',*,*,#1272,.F.);
#1740=ORIENTED_EDGE('',*,*,#1275,.F.);
#1741=ORIENTED_EDGE('',*,*,#1266,.F.);
#1742=ORIENTED_EDGE('',*,*,#1256,.F.);
#1743=ORIENTED_EDGE('',*,*,#1260,.F.);
#1744=ORIENTED_EDGE('',*,*,#1263,.F.);
#1745=ORIENTED_EDGE('',*,*,#1254,.F.);
#1746=ORIENTED_EDGE('',*,*,#1244,.F.);
#1747=ORIENTED_EDGE('',*,*,#1248,.F.);
#1748=ORIENTED_EDGE('',*,*,#1251,.F.);
#1749=ORIENTED_EDGE('',*,*,#1242,.F.);
#1750=ORIENTED_EDGE('',*,*,#1232,.F.);
#1751=ORIENTED_EDGE('',*,*,#1236,.F.);
#1752=ORIENTED_EDGE('',*,*,#1239,.F.);
#1753=ORIENTED_EDGE('',*,*,#1230,.F.);
#1754=ORIENTED_EDGE('',*,*,#1220,.F.);
#1755=ORIENTED_EDGE('',*,*,#1224,.F.);
#1756=ORIENTED_EDGE('',*,*,#1227,.F.);
#1757=ORIENTED_EDGE('',*,*,#1218,.F.);
#1758=ORIENTED_EDGE('',*,*,#1208,.F.);
#1759=ORIENTED_EDGE('',*,*,#1212,.F.);
#1760=ORIENTED_EDGE('',*,*,#1215,.F.);
#1761=ORIENTED_EDGE('',*,*,#1206,.F.);
#1762=ORIENTED_EDGE('',*,*,#1196,.F.);
#1763=ORIENTED_EDGE('',*,*,#1200,.F.);
#1764=ORIENTED_EDGE('',*,*,#1203,.F.);
#1765=ORIENTED_EDGE('',*,*,#1194,.F.);
#1766=ORIENTED_EDGE('',*,*,#1184,.F.);
#1767=ORIENTED_EDGE('',*,*,#1188,.F.);
#1768=ORIENTED_EDGE('',*,*,#1191,.F.);
#1769=ORIENTED_EDGE('',*,*,#1182,.F.);
#1770=ORIENTED_EDGE('',*,*,#1172,.F.);
#1771=ORIENTED_EDGE('',*,*,#1176,.F.);
#1772=ORIENTED_EDGE('',*,*,#1179,.F.);
#1773=ORIENTED_EDGE('',*,*,#1170,.F.);
#1774=ORIENTED_EDGE('',*,*,#1160,.F.);
#1775=ORIENTED_EDGE('',*,*,#1164,.F.);
#1776=ORIENTED_EDGE('',*,*,#1167,.F.);
#1777=ORIENTED_EDGE('',*,*,#1158,.F.);
#1778=ORIENTED_EDGE('',*,*,#1148,.F.);
#1779=ORIENTED_EDGE('',*,*,#1152,.F.);
#1780=ORIENTED_EDGE('',*,*,#1155,.F.);
#1781=ORIENTED_EDGE('',*,*,#1146,.F.);
#1782=ORIENTED_EDGE('',*,*,#1136,.F.);
#1783=ORIENTED_EDGE('',*,*,#1140,.F.);
#1784=ORIENTED_EDGE('',*,*,#1143,.F.);
#1785=ORIENTED_EDGE('',*,*,#1134,.F.);
#1786=ORIENTED_EDGE('',*,*,#1124,.F.);
#1787=ORIENTED_EDGE('',*,*,#1128,.F.);
#1788=ORIENTED_EDGE('',*,*,#1131,.F.);
#1789=ORIENTED_EDGE('',*,*,#1122,.F.);
#1790=ORIENTED_EDGE('',*,*,#1112,.F.);
#1791=ORIENTED_EDGE('',*,*,#1116,.F.);
#1792=ORIENTED_EDGE('',*,*,#1119,.F.);
#1793=ORIENTED_EDGE('',*,*,#1110,.F.);
#1794=ORIENTED_EDGE('',*,*,#1100,.F.);
#1795=ORIENTED_EDGE('',*,*,#1104,.F.);
#1796=ORIENTED_EDGE('',*,*,#1107,.F.);
#1797=ORIENTED_EDGE('',*,*,#1098,.F.);
#1798=ORIENTED_EDGE('',*,*,#1088,.F.);
#1799=ORIENTED_EDGE('',*,*,#1092,.F.);
#1800=ORIENTED_EDGE('',*,*,#1095,.F.);
#1801=ORIENTED_EDGE('',*,*,#1086,.F.);
#1802=ORIENTED_EDGE('',*,*,#1076,.F.);
#1803=ORIENTED_EDGE('',*,*,#1080,.F.);
#1804=ORIENTED_EDGE('',*,*,#1083,.F.);
#1805=ORIENTED_EDGE('',*,*,#1074,.F.);
#1806=ORIENTED_EDGE('',*,*,#1064,.F.);
#1807=ORIENTED_EDGE('',*,*,#1068,.F.);
#1808=ORIENTED_EDGE('',*,*,#1071,.F.);
#1809=ORIENTED_EDGE('',*,*,#1062,.F.);
#1810=ORIENTED_EDGE('',*,*,#1052,.F.);
#1811=ORIENTED_EDGE('',*,*,#1056,.F.);
#1812=ORIENTED_EDGE('',*,*,#1059,.F.);
#1813=ORIENTED_EDGE('',*,*,#1051,.F.);
#1814=CYLINDRICAL_SURFACE('',#1930,12.);
#1815=ADVANCED_FACE('',(#155),#1814,.F.);
#1816=ADVANCED_FACE('',(#156),#69,.T.);
#1817=ADVANCED_FACE('',(#157),#70,.T.);
#1818=ADVANCED_FACE('',(#158),#71,.T.);
#1819=ADVANCED_FACE('',(#159),#72,.T.);
#1820=ADVANCED_FACE('',(#160),#73,.T.);
#1821=ADVANCED_FACE('',(#161),#74,.T.);
#1822=ADVANCED_FACE('',(#162),#75,.T.);
#1823=ADVANCED_FACE('',(#163),#76,.T.);
#1824=ADVANCED_FACE('',(#164),#77,.T.);
#1825=ADVANCED_FACE('',(#165),#78,.T.);
#1826=ADVANCED_FACE('',(#166),#79,.T.);
#1827=ADVANCED_FACE('',(#167),#80,.T.);
#1828=ADVANCED_FACE('',(#168),#81,.T.);
#1829=ADVANCED_FACE('',(#169),#82,.T.);
#1830=ADVANCED_FACE('',(#170),#83,.T.);
#1831=ADVANCED_FACE('',(#171),#84,.T.);
#1832=ADVANCED_FACE('',(#172),#85,.T.);
#1833=ADVANCED_FACE('',(#173),#86,.T.);
#1834=ADVANCED_FACE('',(#174),#87,.T.);
#1835=ADVANCED_FACE('',(#175),#88,.T.);
#1836=ADVANCED_FACE('',(#176),#89,.T.);
#1837=ADVANCED_FACE('',(#177),#90,.T.);
#1838=ADVANCED_FACE('',(#178),#91,.T.);
#1839=ADVANCED_FACE('',(#179),#92,.T.);
#1840=ADVANCED_FACE('',(#180),#93,.T.);
#1841=ADVANCED_FACE('',(#181),#94,.T.);
#1842=ADVANCED_FACE('',(#182),#95,.T.);
#1843=ADVANCED_FACE('',(#183),#96,.T.);
#1844=ADVANCED_FACE('',(#184),#97,.T.);
#1845=ADVANCED_FACE('',(#185),#98,.T.);
#1846=ADVANCED_FACE('',(#186),#99,.T.);
#1847=ADVANCED_FACE('',(#187),#100,.T.);
#1848=ADVANCED_FACE('',(#188),#101,.T.);
#1849=ADVANCED_FACE('',(#189),#102,.T.);
#1850=ADVANCED_FACE('',(#190),#103,.T.);
#1851=ADVANCED_FACE('',(#191),#104,.T.);
#1852=ADVANCED_FACE('',(#192),#105,.T.);
#1853=ADVANCED_FACE('',(#193),#106,.T.);
#1854=ADVANCED_FACE('',(#194),#107,.T.);
#1855=ADVANCED_FACE('',(#195),#108,.T.);
#1856=ADVANCED_FACE('',(#196),#109,.T.);
#1857=ADVANCED_FACE('',(#197),#110,.T.);
#1858=ADVANCED_FACE('',(#198),#111,.T.);
#1859=ADVANCED_FACE('',(#199),#112,.T.);
#1860=ADVANCED_FACE('',(#200),#113,.T.);
#1861=ADVANCED_FACE('',(#201),#114,.T.);
#1862=ADVANCED_FACE('',(#202),#115,.T.);
#1863=ADVANCED_FACE('',(#203),#116,.T.);
#1864=ADVANCED_FACE('',(#204),#117,.T.);
#1865=ADVANCED_FACE('',(#205),#118,.T.);
#1866=ADVANCED_FACE('',(#206),#119,.T.);
#1867=ADVANCED_FACE('',(#207),#120,.T.);
#1868=ADVANCED_FACE('',(#208),#121,.T.);
#1869=ADVANCED_FACE('',(#209),#122,.T.);
#1870=ADVANCED_FACE('',(#210),#123,.T.);
#1871=ADVANCED_FACE('',(#211),#124,.T.);
#1872=ADVANCED_FACE('',(#212),#125,.T.);
#1873=ADVANCED_FACE('',(#213),#126,.T.);
#1874=ADVANCED_FACE('',(#214),#127,.T.);
#1875=ADVANCED_FACE('',(#215),#128,.T.);
#1876=ADVANCED_FACE('',(#216),#129,.T.);
#1877=ADVANCED_FACE('',(#217),#130,.T.);
#1878=ADVANCED_FACE('',(#218),#131,.T.);
#1879=ADVANCED_FACE('',(#219),#132,.T.);
#1880=ADVANCED_FACE('',(#220),#133,.T.);
#1881=ADVANCED_FACE('',(#221),#134,.T.);
#1882=ADVANCED_FACE('',(#222),#135,.T.);
#1883=ADVANCED_FACE('',(#223),#136,.T.);
#1884=ADVANCED_FACE('',(#224),#137,.T.);
#1885=ADVANCED_FACE('',(#225),#138,.T.);
#1886=ADVANCED_FACE('',(#226),#139,.T.);
#1887=ADVANCED_FACE('',(#227),#140,.T.);
#1888=ADVANCED_FACE('',(#228),#141,.T.);
#1889=ADVANCED_FACE('',(#229),#142,.T.);
#1890=ADVANCED_FACE('',(#230),#143,.T.);
#1891=ADVANCED_FACE('',(#231),#144,.T.);
#1892=ADVANCED_FACE('',(#232),#145,.T.);
#1893=ADVANCED_FACE('',(#233),#146,.T.);
#1894=ADVANCED_FACE('',(#234),#147,.T.);
#1895=ADVANCED_FACE('',(#235),#148,.T.);
#1896=ADVANCED_FACE('',(#236),#149,.T.);
#1897=ADVANCED_FACE('',(#237),#150,.T.);
#1898=ADVANCED_FACE('',(#238),#151,.T.);
#1899=ADVANCED_FACE('',(#239),#152,.T.);
#1900=ADVANCED_FACE('',(#240,#27,#28,#29,#30,#31,#32,#33,#34,#35,#36,#37,
#38,#39,#40,#41,#42,#43,#44,#45,#46,#47),#153,.T.);
#1901=ADVANCED_FACE('',(#241,#48,#49,#50,#51,#52,#53,#54,#55,#56,#57,#58,
#59,#60,#61,#62,#63,#64,#65,#66,#67,#68),#154,.F.);
#1902=CLOSED_SHELL('',(#1815,#1816,#1817,#1818,#1819,#1820,#1821,#1822,
#1823,#1824,#1825,#1826,#1827,#1828,#1829,#1830,#1831,#1832,#1833,#1834,
#1835,#1836,#1837,#1838,#1839,#1840,#1841,#1842,#1843,#1844,#1845,#1846,
#1847,#1848,#1849,#1850,#1851,#1852,#1853,#1854,#1855,#1856,#1857,#1858,
#1859,#1860,#1861,#1862,#1863,#1864,#1865,#1866,#1867,#1868,#1869,#1870,
#1871,#1872,#1873,#1874,#1875,#1876,#1877,#1878,#1879,#1880,#1881,#1882,
#1883,#1884,#1885,#1886,#1887,#1888,#1889,#1890,#1891,#1892,#1893,#1894,
#1895,#1896,#1897,#1898,#1899,#1900,#1901));
#1903=DERIVED_UNIT_ELEMENT(#1907,1.);
#1904=DERIVED_UNIT_ELEMENT(#2997,-3.);
#1905=DERIVED_UNIT_ELEMENT(#1907,1.);
#1906=DERIVED_UNIT_ELEMENT(#2997,-3.);
#1907=(
MASS_UNIT()
NAMED_UNIT(*)
SI_UNIT(.KILO.,.GRAM.)
);
#1908=DERIVED_UNIT((#1903,#1904));
#1909=DERIVED_UNIT((#1905,#1906));
#1910=MEASURE_REPRESENTATION_ITEM('density measure',
POSITIVE_RATIO_MEASURE(7850.),#1908);
#1911=MEASURE_REPRESENTATION_ITEM('density measure',
POSITIVE_RATIO_MEASURE(7850.),#1909);
#1912=PROPERTY_DEFINITION_REPRESENTATION(#1922,#1916);
#1913=PROPERTY_DEFINITION_REPRESENTATION(#1923,#1917);
#1914=PROPERTY_DEFINITION_REPRESENTATION(#1924,#1918);
#1915=PROPERTY_DEFINITION_REPRESENTATION(#1925,#1919);
#1916=REPRESENTATION('material name',(#1920),#2993);
#1917=REPRESENTATION('density',(#1910),#2993);
#1918=REPRESENTATION('material name',(#1921),#2994);
#1919=REPRESENTATION('density',(#1911),#2994);
#1920=DESCRIPTIVE_REPRESENTATION_ITEM('Steel','Steel');
#1921=DESCRIPTIVE_REPRESENTATION_ITEM('Steel','Steel');
#1922=PROPERTY_DEFINITION('material property','material name',#3018);
#1923=PROPERTY_DEFINITION('material property','density of part',#3018);
#1924=PROPERTY_DEFINITION('material property','material name',#3019);
#1925=PROPERTY_DEFINITION('material property','density of part',#3019);
#1926=AXIS2_PLACEMENT_3D('',#2467,#2022,#2023);
#1927=AXIS2_PLACEMENT_3D('',#2468,#2024,#2025);
#1928=AXIS2_PLACEMENT_3D('',#2469,#2026,#2027);
#1929=AXIS2_PLACEMENT_3D('',#2470,#2028,#2029);
#1930=AXIS2_PLACEMENT_3D('',#2471,#2030,#2031);
#1931=AXIS2_PLACEMENT_3D('',#2473,#2032,#2033);
#1932=AXIS2_PLACEMENT_3D('',#2476,#2035,#2036);
#1933=AXIS2_PLACEMENT_3D('',#2477,#2037,#2038);
#1934=AXIS2_PLACEMENT_3D('',#2486,#2043,#2044);
#1935=AXIS2_PLACEMENT_3D('',#2492,#2048,#2049);
#1936=AXIS2_PLACEMENT_3D('',#2498,#2053,#2054);
#1937=AXIS2_PLACEMENT_3D('',#2501,#2057,#2058);
#1938=AXIS2_PLACEMENT_3D('',#2510,#2063,#2064);
#1939=AXIS2_PLACEMENT_3D('',#2516,#2068,#2069);
#1940=AXIS2_PLACEMENT_3D('',#2522,#2073,#2074);
#1941=AXIS2_PLACEMENT_3D('',#2525,#2077,#2078);
#1942=AXIS2_PLACEMENT_3D('',#2534,#2083,#2084);
#1943=AXIS2_PLACEMENT_3D('',#2540,#2088,#2089);
#1944=AXIS2_PLACEMENT_3D('',#2546,#2093,#2094);
#1945=AXIS2_PLACEMENT_3D('',#2549,#2097,#2098);
#1946=AXIS2_PLACEMENT_3D('',#2558,#2103,#2104);
#1947=AXIS2_PLACEMENT_3D('',#2564,#2108,#2109);
#1948=AXIS2_PLACEMENT_3D('',#2570,#2113,#2114);
#1949=AXIS2_PLACEMENT_3D('',#2573,#2117,#2118);
#1950=AXIS2_PLACEMENT_3D('',#2582,#2123,#2124);
#1951=AXIS2_PLACEMENT_3D('',#2588,#2128,#2129);
#1952=AXIS2_PLACEMENT_3D('',#2594,#2133,#2134);
#1953=AXIS2_PLACEMENT_3D('',#2597,#2137,#2138);
#1954=AXIS2_PLACEMENT_3D('',#2606,#2143,#2144);
#1955=AXIS2_PLACEMENT_3D('',#2612,#2148,#2149);
#1956=AXIS2_PLACEMENT_3D('',#2618,#2153,#2154);
#1957=AXIS2_PLACEMENT_3D('',#2621,#2157,#2158);
#1958=AXIS2_PLACEMENT_3D('',#2630,#2163,#2164);
#1959=AXIS2_PLACEMENT_3D('',#2636,#2168,#2169);
#1960=AXIS2_PLACEMENT_3D('',#2642,#2173,#2174);
#1961=AXIS2_PLACEMENT_3D('',#2645,#2177,#2178);
#1962=AXIS2_PLACEMENT_3D('',#2654,#2183,#2184);
#1963=AXIS2_PLACEMENT_3D('',#2660,#2188,#2189);
#1964=AXIS2_PLACEMENT_3D('',#2666,#2193,#2194);
#1965=AXIS2_PLACEMENT_3D('',#2669,#2197,#2198);
#1966=AXIS2_PLACEMENT_3D('',#2678,#2203,#2204);
#1967=AXIS2_PLACEMENT_3D('',#2684,#2208,#2209);
#1968=AXIS2_PLACEMENT_3D('',#2690,#2213,#2214);
#1969=AXIS2_PLACEMENT_3D('',#2693,#2217,#2218);
#1970=AXIS2_PLACEMENT_3D('',#2702,#2223,#2224);
#1971=AXIS2_PLACEMENT_3D('',#2708,#2228,#2229);
#1972=AXIS2_PLACEMENT_3D('',#2714,#2233,#2234);
#1973=AXIS2_PLACEMENT_3D('',#2717,#2237,#2238);
#1974=AXIS2_PLACEMENT_3D('',#2726,#2243,#2244);
#1975=AXIS2_PLACEMENT_3D('',#2732,#2248,#2249);
#1976=AXIS2_PLACEMENT_3D('',#2738,#2253,#2254);
#1977=AXIS2_PLACEMENT_3D('',#2741,#2257,#2258);
#1978=AXIS2_PLACEMENT_3D('',#2750,#2263,#2264);
#1979=AXIS2_PLACEMENT_3D('',#2756,#2268,#2269);
#1980=AXIS2_PLACEMENT_3D('',#2762,#2273,#2274);
#1981=AXIS2_PLACEMENT_3D('',#2765,#2277,#2278);
#1982=AXIS2_PLACEMENT_3D('',#2774,#2283,#2284);
#1983=AXIS2_PLACEMENT_3D('',#2780,#2288,#2289);
#1984=AXIS2_PLACEMENT_3D('',#2786,#2293,#2294);
#1985=AXIS2_PLACEMENT_3D('',#2789,#2297,#2298);
#1986=AXIS2_PLACEMENT_3D('',#2798,#2303,#2304);
#1987=AXIS2_PLACEMENT_3D('',#2804,#2308,#2309);
#1988=AXIS2_PLACEMENT_3D('',#2810,#2313,#2314);
#1989=AXIS2_PLACEMENT_3D('',#2813,#2317,#2318);
#1990=AXIS2_PLACEMENT_3D('',#2822,#2323,#2324);
#1991=AXIS2_PLACEMENT_3D('',#2828,#2328,#2329);
#1992=AXIS2_PLACEMENT_3D('',#2834,#2333,#2334);
#1993=AXIS2_PLACEMENT_3D('',#2837,#2337,#2338);
#1994=AXIS2_PLACEMENT_3D('',#2846,#2343,#2344);
#1995=AXIS2_PLACEMENT_3D('',#2852,#2348,#2349);
#1996=AXIS2_PLACEMENT_3D('',#2858,#2353,#2354);
#1997=AXIS2_PLACEMENT_3D('',#2861,#2357,#2358);
#1998=AXIS2_PLACEMENT_3D('',#2870,#2363,#2364);
#1999=AXIS2_PLACEMENT_3D('',#2876,#2368,#2369);
#2000=AXIS2_PLACEMENT_3D('',#2882,#2373,#2374);
#2001=AXIS2_PLACEMENT_3D('',#2885,#2377,#2378);
#2002=AXIS2_PLACEMENT_3D('',#2894,#2383,#2384);
#2003=AXIS2_PLACEMENT_3D('',#2900,#2388,#2389);
#2004=AXIS2_PLACEMENT_3D('',#2906,#2393,#2394);
#2005=AXIS2_PLACEMENT_3D('',#2909,#2397,#2398);
#2006=AXIS2_PLACEMENT_3D('',#2918,#2403,#2404);
#2007=AXIS2_PLACEMENT_3D('',#2924,#2408,#2409);
#2008=AXIS2_PLACEMENT_3D('',#2930,#2413,#2414);
#2009=AXIS2_PLACEMENT_3D('',#2933,#2417,#2418);
#2010=AXIS2_PLACEMENT_3D('',#2942,#2423,#2424);
#2011=AXIS2_PLACEMENT_3D('',#2948,#2428,#2429);
#2012=AXIS2_PLACEMENT_3D('',#2954,#2433,#2434);
#2013=AXIS2_PLACEMENT_3D('',#2957,#2437,#2438);
#2014=AXIS2_PLACEMENT_3D('',#2966,#2443,#2444);
#2015=AXIS2_PLACEMENT_3D('',#2972,#2448,#2449);
#2016=AXIS2_PLACEMENT_3D('',#2978,#2453,#2454);
#2017=AXIS2_PLACEMENT_3D('',#2981,#2457,#2458);
#2018=AXIS2_PLACEMENT_3D('',#2982,#2459,#2460);
#2019=AXIS2_PLACEMENT_3D('',#2983,#2461,#2462);
#2020=AXIS2_PLACEMENT_3D('',#2984,#2463,#2464);
#2021=AXIS2_PLACEMENT_3D('',#2985,#2465,#2466);
#2022=DIRECTION('axis',(0.,0.,1.));
#2023=DIRECTION('refdir',(1.,0.,0.));
#2024=DIRECTION('axis',(0.,0.,1.));
#2025=DIRECTION('refdir',(1.,0.,0.));
#2026=DIRECTION('axis',(0.,0.,1.));
#2027=DIRECTION('refdir',(1.,0.,0.));
#2028=DIRECTION('axis',(0.,0.,1.));
#2029=DIRECTION('refdir',(1.,0.,0.));
#2030=DIRECTION('center_axis',(0.,0.,1.));
#2031=DIRECTION('ref_axis',(-1.,0.,0.));
#2032=DIRECTION('center_axis',(0.,0.,-1.));
#2033=DIRECTION('ref_axis',(-1.,0.,0.));
#2034=DIRECTION('',(0.,0.,-1.));
#2035=DIRECTION('center_axis',(0.,0.,-1.));
#2036=DIRECTION('ref_axis',(-1.,0.,0.));
#2037=DIRECTION('center_axis',(1.,0.,0.));
#2038=DIRECTION('ref_axis',(0.,1.,0.));
#2039=DIRECTION('',(0.,1.,0.));
#2040=DIRECTION('',(0.,0.,1.));
#2041=DIRECTION('',(0.,1.,0.));
#2042=DIRECTION('',(0.,0.,1.));
#2043=DIRECTION('center_axis',(0.,1.,0.));
#2044=DIRECTION('ref_axis',(-1.,0.,0.));
#2045=DIRECTION('',(-1.,0.,0.));
#2046=DIRECTION('',(-1.,0.,0.));
#2047=DIRECTION('',(0.,0.,1.));
#2048=DIRECTION('center_axis',(-1.,3.17206578464331E-15,0.));
#2049=DIRECTION('ref_axis',(-3.17206578464331E-15,-1.,0.));
#2050=DIRECTION('',(-3.17206578464331E-15,-1.,0.));
#2051=DIRECTION('',(-3.17206578464331E-15,-1.,0.));
#2052=DIRECTION('',(0.,0.,1.));
#2053=DIRECTION('center_axis',(0.,-1.,0.));
#2054=DIRECTION('ref_axis',(1.,0.,0.));
#2055=DIRECTION('',(1.,0.,0.));
#2056=DIRECTION('',(1.,0.,0.));
#2057=DIRECTION('center_axis',(0.,-1.,0.));
#2058=DIRECTION('ref_axis',(1.,0.,0.));
#2059=DIRECTION('',(1.,0.,0.));
#2060=DIRECTION('',(0.,0.,1.));
#2061=DIRECTION('',(1.,0.,0.));
#2062=DIRECTION('',(0.,0.,1.));
#2063=DIRECTION('center_axis',(1.,0.,0.));
#2064=DIRECTION('ref_axis',(0.,1.,0.));
#2065=DIRECTION('',(0.,1.,0.));
#2066=DIRECTION('',(0.,1.,0.));
#2067=DIRECTION('',(0.,0.,1.));
#2068=DIRECTION('center_axis',(0.,1.,0.));
#2069=DIRECTION('ref_axis',(-1.,0.,0.));
#2070=DIRECTION('',(-1.,0.,0.));
#2071=DIRECTION('',(-1.,0.,0.));
#2072=DIRECTION('',(0.,0.,1.));
#2073=DIRECTION('center_axis',(-1.,-3.70074341541719E-16,0.));
#2074=DIRECTION('ref_axis',(3.70074341541719E-16,-1.,0.));
#2075=DIRECTION('',(3.70074341541719E-16,-1.,0.));
#2076=DIRECTION('',(3.70074341541719E-16,-1.,0.));
#2077=DIRECTION('center_axis',(1.,0.,0.));
#2078=DIRECTION('ref_axis',(0.,1.,0.));
#2079=DIRECTION('',(0.,1.,0.));
#2080=DIRECTION('',(0.,0.,1.));
#2081=DIRECTION('',(0.,1.,0.));
#2082=DIRECTION('',(0.,0.,1.));
#2083=DIRECTION('center_axis',(0.,1.,0.));
#2084=DIRECTION('ref_axis',(-1.,0.,0.));
#2085=DIRECTION('',(-1.,0.,0.));
#2086=DIRECTION('',(-1.,0.,0.));
#2087=DIRECTION('',(0.,0.,1.));
#2088=DIRECTION('center_axis',(-1.,-3.70074341541719E-16,0.));
#2089=DIRECTION('ref_axis',(3.70074341541719E-16,-1.,0.));
#2090=DIRECTION('',(3.70074341541719E-16,-1.,0.));
#2091=DIRECTION('',(3.70074341541719E-16,-1.,0.));
#2092=DIRECTION('',(0.,0.,1.));
#2093=DIRECTION('center_axis',(0.,-1.,0.));
#2094=DIRECTION('ref_axis',(1.,0.,0.));
#2095=DIRECTION('',(1.,0.,0.));
#2096=DIRECTION('',(1.,0.,0.));
#2097=DIRECTION('center_axis',(1.,0.,0.));
#2098=DIRECTION('ref_axis',(0.,1.,0.));
#2099=DIRECTION('',(0.,1.,0.));
#2100=DIRECTION('',(0.,0.,1.));
#2101=DIRECTION('',(0.,1.,0.));
#2102=DIRECTION('',(0.,0.,1.));
#2103=DIRECTION('center_axis',(0.,1.,0.));
#2104=DIRECTION('ref_axis',(-1.,0.,0.));
#2105=DIRECTION('',(-1.,0.,0.));
#2106=DIRECTION('',(-1.,0.,0.));
#2107=DIRECTION('',(0.,0.,1.));
#2108=DIRECTION('center_axis',(-1.,3.17206578464331E-15,0.));
#2109=DIRECTION('ref_axis',(-3.17206578464331E-15,-1.,0.));
#2110=DIRECTION('',(-3.17206578464331E-15,-1.,0.));
#2111=DIRECTION('',(-3.17206578464331E-15,-1.,0.));
#2112=DIRECTION('',(0.,0.,1.));
#2113=DIRECTION('center_axis',(0.,-1.,0.));
#2114=DIRECTION('ref_axis',(1.,0.,0.));
#2115=DIRECTION('',(1.,0.,0.));
#2116=DIRECTION('',(1.,0.,0.));
#2117=DIRECTION('center_axis',(1.,0.,0.));
#2118=DIRECTION('ref_axis',(0.,1.,0.));
#2119=DIRECTION('',(0.,1.,0.));
#2120=DIRECTION('',(0.,0.,1.));
#2121=DIRECTION('',(0.,1.,0.));
#2122=DIRECTION('',(0.,0.,1.));
#2123=DIRECTION('center_axis',(0.,1.,0.));
#2124=DIRECTION('ref_axis',(-1.,0.,0.));
#2125=DIRECTION('',(-1.,0.,0.));
#2126=DIRECTION('',(-1.,0.,0.));
#2127=DIRECTION('',(0.,0.,1.));
#2128=DIRECTION('center_axis',(-1.,3.1720657846433E-15,0.));
#2129=DIRECTION('ref_axis',(-3.1720657846433E-15,-1.,0.));
#2130=DIRECTION('',(-3.1720657846433E-15,-1.,0.));
#2131=DIRECTION('',(-3.1720657846433E-15,-1.,0.));
#2132=DIRECTION('',(0.,0.,1.));
#2133=DIRECTION('center_axis',(0.,-1.,0.));
#2134=DIRECTION('ref_axis',(1.,0.,0.));
#2135=DIRECTION('',(1.,0.,0.));
#2136=DIRECTION('',(1.,0.,0.));
#2137=DIRECTION('center_axis',(1.,0.,0.));
#2138=DIRECTION('ref_axis',(0.,1.,0.));
#2139=DIRECTION('',(0.,1.,0.));
#2140=DIRECTION('',(0.,0.,1.));
#2141=DIRECTION('',(0.,1.,0.));
#2142=DIRECTION('',(0.,0.,1.));
#2143=DIRECTION('center_axis',(0.,1.,0.));
#2144=DIRECTION('ref_axis',(-1.,0.,0.));
#2145=DIRECTION('',(-1.,0.,0.));
#2146=DIRECTION('',(-1.,0.,0.));
#2147=DIRECTION('',(0.,0.,1.));
#2148=DIRECTION('center_axis',(-1.,3.1720657846433E-15,0.));
#2149=DIRECTION('ref_axis',(-3.1720657846433E-15,-1.,0.));
#2150=DIRECTION('',(-3.1720657846433E-15,-1.,0.));
#2151=DIRECTION('',(-3.1720657846433E-15,-1.,0.));
#2152=DIRECTION('',(0.,0.,1.));
#2153=DIRECTION('center_axis',(-2.31296463463575E-17,-1.,0.));
#2154=DIRECTION('ref_axis',(1.,-2.31296463463575E-17,0.));
#2155=DIRECTION('',(1.,-2.31296463463575E-17,0.));
#2156=DIRECTION('',(1.,-2.31296463463575E-17,0.));
#2157=DIRECTION('center_axis',(1.,0.,0.));
#2158=DIRECTION('ref_axis',(0.,1.,0.));
#2159=DIRECTION('',(0.,1.,0.));
#2160=DIRECTION('',(0.,0.,1.));
#2161=DIRECTION('',(0.,1.,0.));
#2162=DIRECTION('',(0.,0.,1.));
#2163=DIRECTION('center_axis',(0.,1.,0.));
#2164=DIRECTION('ref_axis',(-1.,0.,0.));
#2165=DIRECTION('',(-1.,0.,0.));
#2166=DIRECTION('',(-1.,0.,0.));
#2167=DIRECTION('',(0.,0.,1.));
#2168=DIRECTION('center_axis',(-1.,0.,0.));
#2169=DIRECTION('ref_axis',(0.,-1.,0.));
#2170=DIRECTION('',(0.,-1.,0.));
#2171=DIRECTION('',(0.,-1.,0.));
#2172=DIRECTION('',(0.,0.,1.));
#2173=DIRECTION('center_axis',(0.,-1.,0.));
#2174=DIRECTION('ref_axis',(1.,0.,0.));
#2175=DIRECTION('',(1.,0.,0.));
#2176=DIRECTION('',(1.,0.,0.));
#2177=DIRECTION('center_axis',(1.,-1.15648231731787E-16,0.));
#2178=DIRECTION('ref_axis',(1.15648231731787E-16,1.,0.));
#2179=DIRECTION('',(1.15648231731787E-16,1.,0.));
#2180=DIRECTION('',(0.,0.,1.));
#2181=DIRECTION('',(1.15648231731787E-16,1.,0.));
#2182=DIRECTION('',(0.,0.,1.));
#2183=DIRECTION('center_axis',(0.,1.,0.));
#2184=DIRECTION('ref_axis',(-1.,0.,0.));
#2185=DIRECTION('',(-1.,0.,0.));
#2186=DIRECTION('',(-1.,0.,0.));
#2187=DIRECTION('',(0.,0.,1.));
#2188=DIRECTION('center_axis',(-1.,0.,0.));
#2189=DIRECTION('ref_axis',(0.,-1.,0.));
#2190=DIRECTION('',(0.,-1.,0.));
#2191=DIRECTION('',(0.,-1.,0.));
#2192=DIRECTION('',(0.,0.,1.));
#2193=DIRECTION('center_axis',(0.,-1.,0.));
#2194=DIRECTION('ref_axis',(1.,0.,0.));
#2195=DIRECTION('',(1.,0.,0.));
#2196=DIRECTION('',(1.,0.,0.));
#2197=DIRECTION('center_axis',(1.,0.,0.));
#2198=DIRECTION('ref_axis',(0.,1.,0.));
#2199=DIRECTION('',(0.,1.,0.));
#2200=DIRECTION('',(0.,0.,1.));
#2201=DIRECTION('',(0.,1.,0.));
#2202=DIRECTION('',(0.,0.,1.));
#2203=DIRECTION('center_axis',(0.,1.,0.));
#2204=DIRECTION('ref_axis',(-1.,0.,0.));
#2205=DIRECTION('',(-1.,0.,0.));
#2206=DIRECTION('',(-1.,0.,0.));
#2207=DIRECTION('',(0.,0.,1.));
#2208=DIRECTION('center_axis',(-1.,3.1720657846433E-15,0.));
#2209=DIRECTION('ref_axis',(-3.1720657846433E-15,-1.,0.));
#2210=DIRECTION('',(-3.1720657846433E-15,-1.,0.));
#2211=DIRECTION('',(-3.1720657846433E-15,-1.,0.));
#2212=DIRECTION('',(0.,0.,1.));
#2213=DIRECTION('center_axis',(0.,-1.,0.));
#2214=DIRECTION('ref_axis',(1.,0.,0.));
#2215=DIRECTION('',(1.,0.,0.));
#2216=DIRECTION('',(1.,0.,0.));
#2217=DIRECTION('center_axis',(1.,0.,0.));
#2218=DIRECTION('ref_axis',(0.,1.,0.));
#2219=DIRECTION('',(0.,1.,0.));
#2220=DIRECTION('',(0.,0.,1.));
#2221=DIRECTION('',(0.,1.,0.));
#2222=DIRECTION('',(0.,0.,1.));
#2223=DIRECTION('center_axis',(0.,1.,0.));
#2224=DIRECTION('ref_axis',(-1.,0.,0.));
#2225=DIRECTION('',(-1.,0.,0.));
#2226=DIRECTION('',(-1.,0.,0.));
#2227=DIRECTION('',(0.,0.,1.));
#2228=DIRECTION('center_axis',(-1.,3.1720657846433E-15,0.));
#2229=DIRECTION('ref_axis',(-3.1720657846433E-15,-1.,0.));
#2230=DIRECTION('',(-3.1720657846433E-15,-1.,0.));
#2231=DIRECTION('',(-3.1720657846433E-15,-1.,0.));
#2232=DIRECTION('',(0.,0.,1.));
#2233=DIRECTION('center_axis',(0.,-1.,0.));
#2234=DIRECTION('ref_axis',(1.,0.,0.));
#2235=DIRECTION('',(1.,0.,0.));
#2236=DIRECTION('',(1.,0.,0.));
#2237=DIRECTION('center_axis',(1.,0.,0.));
#2238=DIRECTION('ref_axis',(0.,1.,0.));
#2239=DIRECTION('',(0.,1.,0.));
#2240=DIRECTION('',(0.,0.,1.));
#2241=DIRECTION('',(0.,1.,0.));
#2242=DIRECTION('',(0.,0.,1.));
#2243=DIRECTION('center_axis',(0.,1.,0.));
#2244=DIRECTION('ref_axis',(-1.,0.,0.));
#2245=DIRECTION('',(-1.,0.,0.));
#2246=DIRECTION('',(-1.,0.,0.));
#2247=DIRECTION('',(0.,0.,1.));
#2248=DIRECTION('center_axis',(-1.,1.27213054904966E-16,0.));
#2249=DIRECTION('ref_axis',(-1.27213054904966E-16,-1.,0.));
#2250=DIRECTION('',(-1.27213054904966E-16,-1.,0.));
#2251=DIRECTION('',(-1.27213054904966E-16,-1.,0.));
#2252=DIRECTION('',(0.,0.,1.));
#2253=DIRECTION('center_axis',(0.,-1.,0.));
#2254=DIRECTION('ref_axis',(1.,0.,0.));
#2255=DIRECTION('',(1.,0.,0.));
#2256=DIRECTION('',(1.,0.,0.));
#2257=DIRECTION('center_axis',(0.,-1.,0.));
#2258=DIRECTION('ref_axis',(1.,0.,0.));
#2259=DIRECTION('',(1.,0.,0.));
#2260=DIRECTION('',(0.,0.,1.));
#2261=DIRECTION('',(1.,0.,0.));
#2262=DIRECTION('',(0.,0.,1.));
#2263=DIRECTION('center_axis',(1.,0.,0.));
#2264=DIRECTION('ref_axis',(0.,1.,0.));
#2265=DIRECTION('',(0.,1.,0.));
#2266=DIRECTION('',(0.,1.,0.));
#2267=DIRECTION('',(0.,0.,1.));
#2268=DIRECTION('center_axis',(0.,1.,0.));
#2269=DIRECTION('ref_axis',(-1.,0.,0.));
#2270=DIRECTION('',(-1.,0.,0.));
#2271=DIRECTION('',(-1.,0.,0.));
#2272=DIRECTION('',(0.,0.,1.));
#2273=DIRECTION('center_axis',(-1.,1.27213054904966E-16,0.));
#2274=DIRECTION('ref_axis',(-1.27213054904966E-16,-1.,0.));
#2275=DIRECTION('',(-1.27213054904966E-16,-1.,0.));
#2276=DIRECTION('',(-1.27213054904966E-16,-1.,0.));
#2277=DIRECTION('center_axis',(0.,1.,0.));
#2278=DIRECTION('ref_axis',(-1.,0.,0.));
#2279=DIRECTION('',(-1.,0.,0.));
#2280=DIRECTION('',(0.,0.,1.));
#2281=DIRECTION('',(-1.,0.,0.));
#2282=DIRECTION('',(0.,0.,1.));
#2283=DIRECTION('center_axis',(-1.,0.,0.));
#2284=DIRECTION('ref_axis',(0.,-1.,0.));
#2285=DIRECTION('',(0.,-1.,0.));
#2286=DIRECTION('',(0.,-1.,0.));
#2287=DIRECTION('',(0.,0.,1.));
#2288=DIRECTION('center_axis',(0.,-1.,0.));
#2289=DIRECTION('ref_axis',(1.,0.,0.));
#2290=DIRECTION('',(1.,0.,0.));
#2291=DIRECTION('',(1.,0.,0.));
#2292=DIRECTION('',(0.,0.,1.));
#2293=DIRECTION('center_axis',(1.,0.,0.));
#2294=DIRECTION('ref_axis',(0.,1.,0.));
#2295=DIRECTION('',(0.,1.,0.));
#2296=DIRECTION('',(0.,1.,0.));
#2297=DIRECTION('center_axis',(1.,-3.1720657846433E-15,0.));
#2298=DIRECTION('ref_axis',(3.1720657846433E-15,1.,0.));
#2299=DIRECTION('',(3.1720657846433E-15,1.,0.));
#2300=DIRECTION('',(0.,0.,1.));
#2301=DIRECTION('',(3.1720657846433E-15,1.,0.));
#2302=DIRECTION('',(0.,0.,1.));
#2303=DIRECTION('center_axis',(0.,1.,0.));
#2304=DIRECTION('ref_axis',(-1.,0.,0.));
#2305=DIRECTION('',(-1.,0.,0.));
#2306=DIRECTION('',(-1.,0.,0.));
#2307=DIRECTION('',(0.,0.,1.));
#2308=DIRECTION('center_axis',(-1.,0.,0.));
#2309=DIRECTION('ref_axis',(0.,-1.,0.));
#2310=DIRECTION('',(0.,-1.,0.));
#2311=DIRECTION('',(0.,-1.,0.));
#2312=DIRECTION('',(0.,0.,1.));
#2313=DIRECTION('center_axis',(0.,-1.,0.));
#2314=DIRECTION('ref_axis',(1.,0.,0.));
#2315=DIRECTION('',(1.,0.,0.));
#2316=DIRECTION('',(1.,0.,0.));
#2317=DIRECTION('center_axis',(0.,-1.,0.));
#2318=DIRECTION('ref_axis',(1.,0.,0.));
#2319=DIRECTION('',(1.,0.,0.));
#2320=DIRECTION('',(0.,0.,1.));
#2321=DIRECTION('',(1.,0.,0.));
#2322=DIRECTION('',(0.,0.,1.));
#2323=DIRECTION('center_axis',(1.,-1.15648231731787E-16,0.));
#2324=DIRECTION('ref_axis',(1.15648231731787E-16,1.,0.));
#2325=DIRECTION('',(1.15648231731787E-16,1.,0.));
#2326=DIRECTION('',(1.15648231731787E-16,1.,0.));
#2327=DIRECTION('',(0.,0.,1.));
#2328=DIRECTION('center_axis',(0.,1.,0.));
#2329=DIRECTION('ref_axis',(-1.,0.,0.));
#2330=DIRECTION('',(-1.,0.,0.));
#2331=DIRECTION('',(-1.,0.,0.));
#2332=DIRECTION('',(0.,0.,1.));
#2333=DIRECTION('center_axis',(-1.,0.,0.));
#2334=DIRECTION('ref_axis',(0.,-1.,0.));
#2335=DIRECTION('',(0.,-1.,0.));
#2336=DIRECTION('',(0.,-1.,0.));
#2337=DIRECTION('center_axis',(0.,-1.,0.));
#2338=DIRECTION('ref_axis',(1.,0.,0.));
#2339=DIRECTION('',(1.,0.,0.));
#2340=DIRECTION('',(0.,0.,1.));
#2341=DIRECTION('',(1.,0.,0.));
#2342=DIRECTION('',(0.,0.,1.));
#2343=DIRECTION('center_axis',(1.,-3.1720657846433E-15,0.));
#2344=DIRECTION('ref_axis',(3.1720657846433E-15,1.,0.));
#2345=DIRECTION('',(3.1720657846433E-15,1.,0.));
#2346=DIRECTION('',(3.1720657846433E-15,1.,0.));
#2347=DIRECTION('',(0.,0.,1.));
#2348=DIRECTION('center_axis',(0.,1.,0.));
#2349=DIRECTION('ref_axis',(-1.,0.,0.));
#2350=DIRECTION('',(-1.,0.,0.));
#2351=DIRECTION('',(-1.,0.,0.));
#2352=DIRECTION('',(0.,0.,1.));
#2353=DIRECTION('center_axis',(-1.,0.,0.));
#2354=DIRECTION('ref_axis',(0.,-1.,0.));
#2355=DIRECTION('',(0.,-1.,0.));
#2356=DIRECTION('',(0.,-1.,0.));
#2357=DIRECTION('center_axis',(1.,-3.17206578464331E-15,0.));
#2358=DIRECTION('ref_axis',(3.17206578464331E-15,1.,0.));
#2359=DIRECTION('',(3.17206578464331E-15,1.,0.));
#2360=DIRECTION('',(0.,0.,1.));
#2361=DIRECTION('',(3.17206578464331E-15,1.,0.));
#2362=DIRECTION('',(0.,0.,1.));
#2363=DIRECTION('center_axis',(0.,1.,0.));
#2364=DIRECTION('ref_axis',(-1.,0.,0.));
#2365=DIRECTION('',(-1.,0.,0.));
#2366=DIRECTION('',(-1.,0.,0.));
#2367=DIRECTION('',(0.,0.,1.));
#2368=DIRECTION('center_axis',(-1.,0.,0.));
#2369=DIRECTION('ref_axis',(0.,-1.,0.));
#2370=DIRECTION('',(0.,-1.,0.));
#2371=DIRECTION('',(0.,-1.,0.));
#2372=DIRECTION('',(0.,0.,1.));
#2373=DIRECTION('center_axis',(0.,-1.,0.));
#2374=DIRECTION('ref_axis',(1.,0.,0.));
#2375=DIRECTION('',(1.,0.,0.));
#2376=DIRECTION('',(1.,0.,0.));
#2377=DIRECTION('center_axis',(1.,-3.1720657846433E-15,0.));
#2378=DIRECTION('ref_axis',(3.1720657846433E-15,1.,0.));
#2379=DIRECTION('',(3.1720657846433E-15,1.,0.));
#2380=DIRECTION('',(0.,0.,1.));
#2381=DIRECTION('',(3.1720657846433E-15,1.,0.));
#2382=DIRECTION('',(0.,0.,1.));
#2383=DIRECTION('center_axis',(0.,1.,0.));
#2384=DIRECTION('ref_axis',(-1.,0.,0.));
#2385=DIRECTION('',(-1.,0.,0.));
#2386=DIRECTION('',(-1.,0.,0.));
#2387=DIRECTION('',(0.,0.,1.));
#2388=DIRECTION('center_axis',(-1.,0.,0.));
#2389=DIRECTION('ref_axis',(0.,-1.,0.));
#2390=DIRECTION('',(0.,-1.,0.));
#2391=DIRECTION('',(0.,-1.,0.));
#2392=DIRECTION('',(0.,0.,1.));
#2393=DIRECTION('center_axis',(-2.31296463463575E-17,-1.,0.));
#2394=DIRECTION('ref_axis',(1.,-2.31296463463575E-17,0.));
#2395=DIRECTION('',(1.,-2.31296463463575E-17,0.));
#2396=DIRECTION('',(1.,-2.31296463463575E-17,0.));
#2397=DIRECTION('center_axis',(1.,-3.17206578464331E-15,0.));
#2398=DIRECTION('ref_axis',(3.17206578464331E-15,1.,0.));
#2399=DIRECTION('',(3.17206578464331E-15,1.,0.));
#2400=DIRECTION('',(0.,0.,1.));
#2401=DIRECTION('',(3.17206578464331E-15,1.,0.));
#2402=DIRECTION('',(0.,0.,1.));
#2403=DIRECTION('center_axis',(0.,1.,0.));
#2404=DIRECTION('ref_axis',(-1.,0.,0.));
#2405=DIRECTION('',(-1.,0.,0.));
#2406=DIRECTION('',(-1.,0.,0.));
#2407=DIRECTION('',(0.,0.,1.));
#2408=DIRECTION('center_axis',(-1.,0.,0.));
#2409=DIRECTION('ref_axis',(0.,-1.,0.));
#2410=DIRECTION('',(0.,-1.,0.));
#2411=DIRECTION('',(0.,-1.,0.));
#2412=DIRECTION('',(0.,0.,1.));
#2413=DIRECTION('center_axis',(0.,-1.,0.));
#2414=DIRECTION('ref_axis',(1.,0.,0.));
#2415=DIRECTION('',(1.,0.,0.));
#2416=DIRECTION('',(1.,0.,0.));
#2417=DIRECTION('center_axis',(1.,-3.1720657846433E-15,0.));
#2418=DIRECTION('ref_axis',(3.1720657846433E-15,1.,0.));
#2419=DIRECTION('',(3.1720657846433E-15,1.,0.));
#2420=DIRECTION('',(0.,0.,1.));
#2421=DIRECTION('',(3.1720657846433E-15,1.,0.));
#2422=DIRECTION('',(0.,0.,1.));
#2423=DIRECTION('center_axis',(0.,1.,0.));
#2424=DIRECTION('ref_axis',(-1.,0.,0.));
#2425=DIRECTION('',(-1.,0.,0.));
#2426=DIRECTION('',(-1.,0.,0.));
#2427=DIRECTION('',(0.,0.,1.));
#2428=DIRECTION('center_axis',(-1.,0.,0.));
#2429=DIRECTION('ref_axis',(0.,-1.,0.));
#2430=DIRECTION('',(0.,-1.,0.));
#2431=DIRECTION('',(0.,-1.,0.));
#2432=DIRECTION('',(0.,0.,1.));
#2433=DIRECTION('center_axis',(0.,-1.,0.));
#2434=DIRECTION('ref_axis',(1.,0.,0.));
#2435=DIRECTION('',(1.,0.,0.));
#2436=DIRECTION('',(1.,0.,0.));
#2437=DIRECTION('center_axis',(0.,1.,0.));
#2438=DIRECTION('ref_axis',(-1.,0.,0.));
#2439=DIRECTION('',(-1.,0.,0.));
#2440=DIRECTION('',(0.,0.,1.));
#2441=DIRECTION('',(-1.,0.,0.));
#2442=DIRECTION('',(0.,0.,1.));
#2443=DIRECTION('center_axis',(1.,1.85037170770859E-16,0.));
#2444=DIRECTION('ref_axis',(-1.85037170770859E-16,1.,0.));
#2445=DIRECTION('',(-1.85037170770859E-16,1.,0.));
#2446=DIRECTION('',(-1.85037170770859E-16,1.,0.));
#2447=DIRECTION('',(0.,0.,1.));
#2448=DIRECTION('center_axis',(0.,-1.,0.));
#2449=DIRECTION('ref_axis',(1.,0.,0.));
#2450=DIRECTION('',(1.,0.,0.));
#2451=DIRECTION('',(1.,0.,0.));
#2452=DIRECTION('',(0.,0.,1.));
#2453=DIRECTION('center_axis',(-1.,-1.85037170770859E-16,0.));
#2454=DIRECTION('ref_axis',(1.85037170770859E-16,-1.,0.));
#2455=DIRECTION('',(1.85037170770859E-16,-1.,0.));
#2456=DIRECTION('',(1.85037170770859E-16,-1.,0.));
#2457=DIRECTION('center_axis',(0.,0.,1.));
#2458=DIRECTION('ref_axis',(-1.,0.,0.));
#2459=DIRECTION('center_axis',(0.,0.,1.));
#2460=DIRECTION('ref_axis',(-1.,0.,0.));
#2461=DIRECTION('',(0.,0.,1.));
#2462=DIRECTION('',(1.,0.,0.));
#2463=DIRECTION('',(0.,0.,1.));
#2464=DIRECTION('',(1.,0.,0.));
#2465=DIRECTION('',(0.,0.,1.));
#2466=DIRECTION('',(1.,0.,0.));
#2467=CARTESIAN_POINT('',(0.,0.,0.));
#2468=CARTESIAN_POINT('',(0.,0.,0.));
#2469=CARTESIAN_POINT('',(0.,0.,0.));
#2470=CARTESIAN_POINT('',(0.,0.,0.));
#2471=CARTESIAN_POINT('Origin',(0.,0.,33.51));
#2472=CARTESIAN_POINT('',(12.,1.11022302462516E-15,35.51));
#2473=CARTESIAN_POINT('Origin',(0.,0.,35.51));
#2474=CARTESIAN_POINT('',(12.,1.4695762231022E-15,33.51));
#2475=CARTESIAN_POINT('',(12.,1.46957615897682E-15,33.51));
#2476=CARTESIAN_POINT('Origin',(0.,0.,33.51));
#2477=CARTESIAN_POINT('Origin',(16.5499999999997,16.9,33.51));
#2478=CARTESIAN_POINT('',(16.5499999999997,16.9,33.51));
#2479=CARTESIAN_POINT('',(16.5499999999997,22.9,33.51));
#2480=CARTESIAN_POINT('',(16.5499999999997,21.5,33.51));
#2481=CARTESIAN_POINT('',(16.5499999999997,22.9,35.51));
#2482=CARTESIAN_POINT('',(16.5499999999997,22.9,33.51));
#2483=CARTESIAN_POINT('',(16.5499999999997,16.9,35.51));
#2484=CARTESIAN_POINT('',(16.5499999999997,21.5,35.51));
#2485=CARTESIAN_POINT('',(16.5499999999997,16.9,33.51));
#2486=CARTESIAN_POINT('Origin',(22.5499999999997,16.9,33.51));
#2487=CARTESIAN_POINT('',(22.5499999999997,16.9,33.51));
#2488=CARTESIAN_POINT('',(22.5499999999997,16.9,33.51));
#2489=CARTESIAN_POINT('',(22.5499999999997,16.9,35.51));
#2490=CARTESIAN_POINT('',(22.5499999999997,16.9,35.51));
#2491=CARTESIAN_POINT('',(22.5499999999997,16.9,33.51));
#2492=CARTESIAN_POINT('Origin',(22.5499999999997,22.9,33.51));
#2493=CARTESIAN_POINT('',(22.5499999999997,22.9,33.51));
#2494=CARTESIAN_POINT('',(22.5499999999997,18.3,33.51));
#2495=CARTESIAN_POINT('',(22.5499999999997,22.9,35.51));
#2496=CARTESIAN_POINT('',(22.5499999999997,18.3,35.51));
#2497=CARTESIAN_POINT('',(22.5499999999997,22.9,33.51));
#2498=CARTESIAN_POINT('Origin',(16.5499999999997,22.9,33.51));
#2499=CARTESIAN_POINT('',(16.5499999999997,22.9,33.51));
#2500=CARTESIAN_POINT('',(16.5499999999997,22.9,35.51));
#2501=CARTESIAN_POINT('Origin',(8.49999999999971,23.,33.51));
#2502=CARTESIAN_POINT('',(8.49999999999971,23.,33.51));
#2503=CARTESIAN_POINT('',(14.4999999999997,23.,33.51));
#2504=CARTESIAN_POINT('',(13.0999999999997,23.,33.51));
#2505=CARTESIAN_POINT('',(14.4999999999997,23.,35.51));
#2506=CARTESIAN_POINT('',(14.4999999999997,23.,33.51));
#2507=CARTESIAN_POINT('',(8.4999999999997,23.,35.51));
#2508=CARTESIAN_POINT('',(13.0999999999997,23.,35.51));
#2509=CARTESIAN_POINT('',(8.49999999999971,23.,33.51));
#2510=CARTESIAN_POINT('Origin',(8.49999999999971,17.,33.51));
#2511=CARTESIAN_POINT('',(8.49999999999971,17.,33.51));
#2512=CARTESIAN_POINT('',(8.49999999999971,17.,33.51));
#2513=CARTESIAN_POINT('',(8.4999999999997,17.,35.51));
#2514=CARTESIAN_POINT('',(8.49999999999971,17.,35.51));
#2515=CARTESIAN_POINT('',(8.49999999999971,17.,33.51));
#2516=CARTESIAN_POINT('Origin',(14.4999999999997,17.,33.51));
#2517=CARTESIAN_POINT('',(14.4999999999997,17.,33.51));
#2518=CARTESIAN_POINT('',(9.8999999999997,17.,33.51));
#2519=CARTESIAN_POINT('',(14.4999999999997,17.,35.51));
#2520=CARTESIAN_POINT('',(9.8999999999997,17.,35.51));
#2521=CARTESIAN_POINT('',(14.4999999999997,17.,33.51));
#2522=CARTESIAN_POINT('Origin',(14.4999999999997,23.,33.51));
#2523=CARTESIAN_POINT('',(14.4999999999997,23.,33.51));
#2524=CARTESIAN_POINT('',(14.4999999999997,23.,35.51));
#2525=CARTESIAN_POINT('Origin',(8.59999999999972,-23.05,33.51));
#2526=CARTESIAN_POINT('',(8.59999999999972,-23.05,33.51));
#2527=CARTESIAN_POINT('',(8.59999999999972,-17.05,33.51));
#2528=CARTESIAN_POINT('',(8.59999999999972,-23.05,33.51));
#2529=CARTESIAN_POINT('',(8.59999999999972,-17.05,35.51));
#2530=CARTESIAN_POINT('',(8.59999999999972,-17.05,33.51));
#2531=CARTESIAN_POINT('',(8.59999999999972,-23.05,35.51));
#2532=CARTESIAN_POINT('',(8.59999999999972,-23.05,35.51));
#2533=CARTESIAN_POINT('',(8.59999999999972,-23.05,33.51));
#2534=CARTESIAN_POINT('Origin',(14.5999999999997,-23.05,33.51));
#2535=CARTESIAN_POINT('',(14.5999999999997,-23.05,33.51));
#2536=CARTESIAN_POINT('',(9.99999999999972,-23.05,33.51));
#2537=CARTESIAN_POINT('',(14.5999999999997,-23.05,35.51));
#2538=CARTESIAN_POINT('',(9.99999999999972,-23.05,35.51));
#2539=CARTESIAN_POINT('',(14.5999999999997,-23.05,33.51));
#2540=CARTESIAN_POINT('Origin',(14.5999999999997,-17.05,33.51));
#2541=CARTESIAN_POINT('',(14.5999999999997,-17.05,33.51));
#2542=CARTESIAN_POINT('',(14.5999999999997,-17.05,33.51));
#2543=CARTESIAN_POINT('',(14.5999999999997,-17.05,35.51));
#2544=CARTESIAN_POINT('',(14.5999999999997,-17.05,35.51));
#2545=CARTESIAN_POINT('',(14.5999999999997,-17.05,33.51));
#2546=CARTESIAN_POINT('Origin',(8.59999999999972,-17.05,33.51));
#2547=CARTESIAN_POINT('',(13.1999999999997,-17.05,33.51));
#2548=CARTESIAN_POINT('',(13.1999999999997,-17.05,35.51));
#2549=CARTESIAN_POINT('Origin',(16.4999999999997,1.5,33.51));
#2550=CARTESIAN_POINT('',(16.4999999999997,1.5,33.51));
#2551=CARTESIAN_POINT('',(16.4999999999997,7.5,33.51));
#2552=CARTESIAN_POINT('',(16.4999999999997,6.1,33.51));
#2553=CARTESIAN_POINT('',(16.4999999999997,7.5,35.51));
#2554=CARTESIAN_POINT('',(16.4999999999997,7.5,33.51));
#2555=CARTESIAN_POINT('',(16.4999999999997,1.5,35.51));
#2556=CARTESIAN_POINT('',(16.4999999999997,6.1,35.51));
#2557=CARTESIAN_POINT('',(16.4999999999997,1.5,33.51));
#2558=CARTESIAN_POINT('Origin',(22.4999999999997,1.5,33.51));
#2559=CARTESIAN_POINT('',(22.4999999999997,1.5,33.51));
#2560=CARTESIAN_POINT('',(22.4999999999997,1.5,33.51));
#2561=CARTESIAN_POINT('',(22.4999999999997,1.5,35.51));
#2562=CARTESIAN_POINT('',(22.4999999999997,1.5,35.51));
#2563=CARTESIAN_POINT('',(22.4999999999997,1.5,33.51));
#2564=CARTESIAN_POINT('Origin',(22.4999999999997,7.5,33.51));
#2565=CARTESIAN_POINT('',(22.4999999999997,7.5,33.51));
#2566=CARTESIAN_POINT('',(22.4999999999997,2.9,33.51));
#2567=CARTESIAN_POINT('',(22.4999999999997,7.5,35.51));
#2568=CARTESIAN_POINT('',(22.4999999999997,2.9,35.51));
#2569=CARTESIAN_POINT('',(22.4999999999997,7.5,33.51));
#2570=CARTESIAN_POINT('Origin',(16.4999999999997,7.5,33.51));
#2571=CARTESIAN_POINT('',(16.4999999999997,7.5,33.51));
#2572=CARTESIAN_POINT('',(16.4999999999997,7.5,35.51));
#2573=CARTESIAN_POINT('Origin',(16.4999999999997,9.5,33.51));
#2574=CARTESIAN_POINT('',(16.4999999999997,9.5,33.51));
#2575=CARTESIAN_POINT('',(16.4999999999997,15.5,33.51));
#2576=CARTESIAN_POINT('',(16.4999999999997,14.1,33.51));
#2577=CARTESIAN_POINT('',(16.4999999999997,15.5,35.51));
#2578=CARTESIAN_POINT('',(16.4999999999997,15.5,33.51));
#2579=CARTESIAN_POINT('',(16.4999999999997,9.5,35.51));
#2580=CARTESIAN_POINT('',(16.4999999999997,14.1,35.51));
#2581=CARTESIAN_POINT('',(16.4999999999997,9.5,33.51));
#2582=CARTESIAN_POINT('Origin',(22.4999999999997,9.5,33.51));
#2583=CARTESIAN_POINT('',(22.4999999999997,9.5,33.51));
#2584=CARTESIAN_POINT('',(22.4999999999997,9.5,33.51));
#2585=CARTESIAN_POINT('',(22.4999999999997,9.5,35.51));
#2586=CARTESIAN_POINT('',(22.4999999999997,9.5,35.51));
#2587=CARTESIAN_POINT('',(22.4999999999997,9.5,33.51));
#2588=CARTESIAN_POINT('Origin',(22.4999999999997,15.5,33.51));
#2589=CARTESIAN_POINT('',(22.4999999999997,15.5,33.51));
#2590=CARTESIAN_POINT('',(22.4999999999997,10.9,33.51));
#2591=CARTESIAN_POINT('',(22.4999999999997,15.5,35.51));
#2592=CARTESIAN_POINT('',(22.4999999999997,10.9,35.51));
#2593=CARTESIAN_POINT('',(22.4999999999997,15.5,33.51));
#2594=CARTESIAN_POINT('Origin',(16.4999999999997,15.5,33.51));
#2595=CARTESIAN_POINT('',(16.4999999999997,15.5,33.51));
#2596=CARTESIAN_POINT('',(16.4999999999997,15.5,35.51));
#2597=CARTESIAN_POINT('Origin',(16.4999999999997,-6.5,33.51));
#2598=CARTESIAN_POINT('',(16.4999999999997,-6.5,33.51));
#2599=CARTESIAN_POINT('',(16.4999999999997,-0.499999999999996,33.51));
#2600=CARTESIAN_POINT('',(16.4999999999997,-1.9,33.51));
#2601=CARTESIAN_POINT('',(16.4999999999997,-0.499999999999996,35.51));
#2602=CARTESIAN_POINT('',(16.4999999999997,-0.499999999999996,33.51));
#2603=CARTESIAN_POINT('',(16.4999999999997,-6.5,35.51));
#2604=CARTESIAN_POINT('',(16.4999999999997,-1.9,35.51));
#2605=CARTESIAN_POINT('',(16.4999999999997,-6.5,33.51));
#2606=CARTESIAN_POINT('Origin',(22.4999999999997,-6.5,33.51));
#2607=CARTESIAN_POINT('',(22.4999999999997,-6.5,33.51));
#2608=CARTESIAN_POINT('',(22.4999999999997,-6.5,33.51));
#2609=CARTESIAN_POINT('',(22.4999999999997,-6.5,35.51));
#2610=CARTESIAN_POINT('',(22.4999999999997,-6.5,35.51));
#2611=CARTESIAN_POINT('',(22.4999999999997,-6.5,33.51));
#2612=CARTESIAN_POINT('Origin',(22.4999999999997,-0.499999999999997,33.51));
#2613=CARTESIAN_POINT('',(22.4999999999997,-0.499999999999996,33.51));
#2614=CARTESIAN_POINT('',(22.4999999999997,-5.1,33.51));
#2615=CARTESIAN_POINT('',(22.4999999999997,-0.499999999999996,35.51));
#2616=CARTESIAN_POINT('',(22.4999999999997,-5.1,35.51));
#2617=CARTESIAN_POINT('',(22.4999999999997,-0.499999999999996,33.51));
#2618=CARTESIAN_POINT('Origin',(16.4999999999997,-0.499999999999996,33.51));
#2619=CARTESIAN_POINT('',(16.4999999999997,-0.499999999999996,33.51));
#2620=CARTESIAN_POINT('',(16.4999999999997,-0.499999999999996,35.51));
#2621=CARTESIAN_POINT('Origin',(-14.0000000000003,-22.95,33.51));
#2622=CARTESIAN_POINT('',(-14.0000000000003,-22.95,33.51));
#2623=CARTESIAN_POINT('',(-14.0000000000003,-16.95,33.51));
#2624=CARTESIAN_POINT('',(-14.0000000000003,-22.95,33.51));
#2625=CARTESIAN_POINT('',(-14.0000000000003,-16.95,35.51));
#2626=CARTESIAN_POINT('',(-14.0000000000003,-16.95,33.51));
#2627=CARTESIAN_POINT('',(-14.0000000000003,-22.95,35.51));
#2628=CARTESIAN_POINT('',(-14.0000000000003,-22.95,35.51));
#2629=CARTESIAN_POINT('',(-14.0000000000003,-22.95,33.51));
#2630=CARTESIAN_POINT('Origin',(-8.0000000000003,-22.95,33.51));
#2631=CARTESIAN_POINT('',(-8.0000000000003,-22.95,33.51));
#2632=CARTESIAN_POINT('',(-12.6000000000003,-22.95,33.51));
#2633=CARTESIAN_POINT('',(-8.0000000000003,-22.95,35.51));
#2634=CARTESIAN_POINT('',(-12.6000000000003,-22.95,35.51));
#2635=CARTESIAN_POINT('',(-8.0000000000003,-22.95,33.51));
#2636=CARTESIAN_POINT('Origin',(-8.0000000000003,-16.95,33.51));
#2637=CARTESIAN_POINT('',(-8.0000000000003,-16.95,33.51));
#2638=CARTESIAN_POINT('',(-8.0000000000003,-16.95,33.51));
#2639=CARTESIAN_POINT('',(-8.0000000000003,-16.95,35.51));
#2640=CARTESIAN_POINT('',(-8.0000000000003,-16.95,35.51));
#2641=CARTESIAN_POINT('',(-8.0000000000003,-16.95,33.51));
#2642=CARTESIAN_POINT('Origin',(-14.0000000000003,-16.95,33.51));
#2643=CARTESIAN_POINT('',(-9.4000000000003,-16.95,33.51));
#2644=CARTESIAN_POINT('',(-9.4000000000003,-16.95,35.51));
#2645=CARTESIAN_POINT('Origin',(1.09999999999972,-23.,33.51));
#2646=CARTESIAN_POINT('',(1.09999999999972,-23.,33.51));
#2647=CARTESIAN_POINT('',(1.09999999999972,-17.,33.51));
#2648=CARTESIAN_POINT('',(1.09999999999972,-23.,33.51));
#2649=CARTESIAN_POINT('',(1.09999999999972,-17.,35.51));
#2650=CARTESIAN_POINT('',(1.09999999999972,-17.,33.51));
#2651=CARTESIAN_POINT('',(1.09999999999972,-23.,35.51));
#2652=CARTESIAN_POINT('',(1.09999999999972,-23.,35.51));
#2653=CARTESIAN_POINT('',(1.09999999999972,-23.,33.51));
#2654=CARTESIAN_POINT('Origin',(7.09999999999971,-23.,33.51));
#2655=CARTESIAN_POINT('',(7.09999999999971,-23.,33.51));
#2656=CARTESIAN_POINT('',(2.49999999999972,-23.,33.51));
#2657=CARTESIAN_POINT('',(7.09999999999972,-23.,35.51));
#2658=CARTESIAN_POINT('',(2.49999999999972,-23.,35.51));
#2659=CARTESIAN_POINT('',(7.09999999999971,-23.,33.51));
#2660=CARTESIAN_POINT('Origin',(7.09999999999971,-17.,33.51));
#2661=CARTESIAN_POINT('',(7.09999999999971,-17.,33.51));
#2662=CARTESIAN_POINT('',(7.09999999999971,-17.,33.51));
#2663=CARTESIAN_POINT('',(7.09999999999972,-17.,35.51));
#2664=CARTESIAN_POINT('',(7.09999999999971,-17.,35.51));
#2665=CARTESIAN_POINT('',(7.09999999999971,-17.,33.51));
#2666=CARTESIAN_POINT('Origin',(1.09999999999972,-17.,33.51));
#2667=CARTESIAN_POINT('',(5.69999999999971,-17.,33.51));
#2668=CARTESIAN_POINT('',(5.69999999999971,-17.,35.51));
#2669=CARTESIAN_POINT('Origin',(16.5499999999997,-14.4,33.51));
#2670=CARTESIAN_POINT('',(16.5499999999997,-14.4,33.51));
#2671=CARTESIAN_POINT('',(16.5499999999997,-8.40000000000001,33.51));
#2672=CARTESIAN_POINT('',(16.5499999999997,-9.80000000000001,33.51));
#2673=CARTESIAN_POINT('',(16.5499999999997,-8.40000000000001,35.51));
#2674=CARTESIAN_POINT('',(16.5499999999997,-8.40000000000001,33.51));
#2675=CARTESIAN_POINT('',(16.5499999999997,-14.4,35.51));
#2676=CARTESIAN_POINT('',(16.5499999999997,-9.80000000000001,35.51));
#2677=CARTESIAN_POINT('',(16.5499999999997,-14.4,33.51));
#2678=CARTESIAN_POINT('Origin',(22.5499999999997,-14.4,33.51));
#2679=CARTESIAN_POINT('',(22.5499999999997,-14.4,33.51));
#2680=CARTESIAN_POINT('',(22.5499999999997,-14.4,33.51));
#2681=CARTESIAN_POINT('',(22.5499999999997,-14.4,35.51));
#2682=CARTESIAN_POINT('',(22.5499999999997,-14.4,35.51));
#2683=CARTESIAN_POINT('',(22.5499999999997,-14.4,33.51));
#2684=CARTESIAN_POINT('Origin',(22.5499999999997,-8.40000000000001,33.51));
#2685=CARTESIAN_POINT('',(22.5499999999997,-8.40000000000001,33.51));
#2686=CARTESIAN_POINT('',(22.5499999999997,-13.,33.51));
#2687=CARTESIAN_POINT('',(22.5499999999997,-8.40000000000001,35.51));
#2688=CARTESIAN_POINT('',(22.5499999999997,-13.,35.51));
#2689=CARTESIAN_POINT('',(22.5499999999997,-8.40000000000001,33.51));
#2690=CARTESIAN_POINT('Origin',(16.5499999999997,-8.40000000000001,33.51));
#2691=CARTESIAN_POINT('',(16.5499999999997,-8.40000000000001,33.51));
#2692=CARTESIAN_POINT('',(16.5499999999997,-8.40000000000001,35.51));
#2693=CARTESIAN_POINT('Origin',(16.4499999999997,-22.4,33.51));
#2694=CARTESIAN_POINT('',(16.4499999999996,-22.4,33.51));
#2695=CARTESIAN_POINT('',(16.4499999999997,-16.4,33.51));
#2696=CARTESIAN_POINT('',(16.4499999999997,-17.8,33.51));
#2697=CARTESIAN_POINT('',(16.4499999999996,-16.4,35.51));
#2698=CARTESIAN_POINT('',(16.4499999999997,-16.4,33.51));
#2699=CARTESIAN_POINT('',(16.4499999999996,-22.4,35.51));
#2700=CARTESIAN_POINT('',(16.4499999999997,-17.8,35.51));
#2701=CARTESIAN_POINT('',(16.4499999999996,-22.4,33.51));
#2702=CARTESIAN_POINT('Origin',(22.4499999999996,-22.4,33.51));
#2703=CARTESIAN_POINT('',(22.4499999999996,-22.4,33.51));
#2704=CARTESIAN_POINT('',(22.4499999999996,-22.4,33.51));
#2705=CARTESIAN_POINT('',(22.4499999999996,-22.4,35.51));
#2706=CARTESIAN_POINT('',(22.4499999999996,-22.4,35.51));
#2707=CARTESIAN_POINT('',(22.4499999999996,-22.4,33.51));
#2708=CARTESIAN_POINT('Origin',(22.4499999999997,-16.4,33.51));
#2709=CARTESIAN_POINT('',(22.4499999999996,-16.4,33.51));
#2710=CARTESIAN_POINT('',(22.4499999999996,-21.,33.51));
#2711=CARTESIAN_POINT('',(22.4499999999996,-16.4,35.51));
#2712=CARTESIAN_POINT('',(22.4499999999996,-21.,35.51));
#2713=CARTESIAN_POINT('',(22.4499999999996,-16.4,33.51));
#2714=CARTESIAN_POINT('Origin',(16.4499999999997,-16.4,33.51));
#2715=CARTESIAN_POINT('',(16.4499999999997,-16.4,33.51));
#2716=CARTESIAN_POINT('',(16.4499999999997,-16.4,35.51));
#2717=CARTESIAN_POINT('Origin',(-6.40000000000028,-23.,33.51));
#2718=CARTESIAN_POINT('',(-6.40000000000028,-23.,33.51));
#2719=CARTESIAN_POINT('',(-6.40000000000028,-17.,33.51));
#2720=CARTESIAN_POINT('',(-6.40000000000028,-23.,33.51));
#2721=CARTESIAN_POINT('',(-6.40000000000028,-17.,35.51));
#2722=CARTESIAN_POINT('',(-6.40000000000028,-17.,33.51));
#2723=CARTESIAN_POINT('',(-6.40000000000028,-23.,35.51));
#2724=CARTESIAN_POINT('',(-6.40000000000028,-23.,35.51));
#2725=CARTESIAN_POINT('',(-6.40000000000028,-23.,33.51));
#2726=CARTESIAN_POINT('Origin',(-0.400000000000287,-23.,33.51));
#2727=CARTESIAN_POINT('',(-0.400000000000286,-23.,33.51));
#2728=CARTESIAN_POINT('',(-5.00000000000028,-23.,33.51));
#2729=CARTESIAN_POINT('',(-0.400000000000285,-23.,35.51));
#2730=CARTESIAN_POINT('',(-5.00000000000028,-23.,35.51));
#2731=CARTESIAN_POINT('',(-0.400000000000286,-23.,33.51));
#2732=CARTESIAN_POINT('Origin',(-0.400000000000286,-17.,33.51));
#2733=CARTESIAN_POINT('',(-0.400000000000286,-17.,33.51));
#2734=CARTESIAN_POINT('',(-0.400000000000286,-17.,33.51));
#2735=CARTESIAN_POINT('',(-0.400000000000285,-17.,35.51));
#2736=CARTESIAN_POINT('',(-0.400000000000286,-17.,35.51));
#2737=CARTESIAN_POINT('',(-0.400000000000286,-17.,33.51));
#2738=CARTESIAN_POINT('Origin',(-6.40000000000028,-17.,33.51));
#2739=CARTESIAN_POINT('',(-1.80000000000028,-17.,33.51));
#2740=CARTESIAN_POINT('',(-1.80000000000028,-17.,35.51));
#2741=CARTESIAN_POINT('Origin',(-6.5000000000003,23.,33.51));
#2742=CARTESIAN_POINT('',(-6.5000000000003,23.,33.51));
#2743=CARTESIAN_POINT('',(-0.500000000000301,23.,33.51));
#2744=CARTESIAN_POINT('',(-1.9000000000003,23.,33.51));
#2745=CARTESIAN_POINT('',(-0.5000000000003,23.,35.51));
#2746=CARTESIAN_POINT('',(-0.500000000000301,23.,33.51));
#2747=CARTESIAN_POINT('',(-6.5000000000003,23.,35.51));
#2748=CARTESIAN_POINT('',(-1.9000000000003,23.,35.51));
#2749=CARTESIAN_POINT('',(-6.5000000000003,23.,33.51));
#2750=CARTESIAN_POINT('Origin',(-6.5000000000003,17.,33.51));
#2751=CARTESIAN_POINT('',(-6.5000000000003,17.,33.51));
#2752=CARTESIAN_POINT('',(-6.5000000000003,17.,33.51));
#2753=CARTESIAN_POINT('',(-6.5000000000003,17.,35.51));
#2754=CARTESIAN_POINT('',(-6.5000000000003,17.,35.51));
#2755=CARTESIAN_POINT('',(-6.5000000000003,17.,33.51));
#2756=CARTESIAN_POINT('Origin',(-0.500000000000302,17.,33.51));
#2757=CARTESIAN_POINT('',(-0.500000000000302,17.,33.51));
#2758=CARTESIAN_POINT('',(-5.1000000000003,17.,33.51));
#2759=CARTESIAN_POINT('',(-0.5000000000003,17.,35.51));
#2760=CARTESIAN_POINT('',(-5.1000000000003,17.,35.51));
#2761=CARTESIAN_POINT('',(-0.500000000000302,17.,33.51));
#2762=CARTESIAN_POINT('Origin',(-0.500000000000301,23.,33.51));
#2763=CARTESIAN_POINT('',(-0.500000000000301,23.,33.51));
#2764=CARTESIAN_POINT('',(-0.500000000000301,23.,35.51));
#2765=CARTESIAN_POINT('Origin',(-7.90000000000029,17.05,33.51));
#2766=CARTESIAN_POINT('',(-7.90000000000029,17.05,33.51));
#2767=CARTESIAN_POINT('',(-13.9000000000003,17.05,33.51));
#2768=CARTESIAN_POINT('',(-12.5000000000003,17.05,33.51));
#2769=CARTESIAN_POINT('',(-13.9000000000003,17.05,35.51));
#2770=CARTESIAN_POINT('',(-13.9000000000003,17.05,33.51));
#2771=CARTESIAN_POINT('',(-7.90000000000028,17.05,35.51));
#2772=CARTESIAN_POINT('',(-12.5000000000003,17.05,35.51));
#2773=CARTESIAN_POINT('',(-7.90000000000029,17.05,33.51));
#2774=CARTESIAN_POINT('Origin',(-7.90000000000029,23.05,33.51));
#2775=CARTESIAN_POINT('',(-7.90000000000029,23.05,33.51));
#2776=CARTESIAN_POINT('',(-7.90000000000029,23.05,33.51));
#2777=CARTESIAN_POINT('',(-7.90000000000028,23.05,35.51));
#2778=CARTESIAN_POINT('',(-7.90000000000029,23.05,35.51));
#2779=CARTESIAN_POINT('',(-7.90000000000029,23.05,33.51));
#2780=CARTESIAN_POINT('Origin',(-13.9000000000003,23.05,33.51));
#2781=CARTESIAN_POINT('',(-13.9000000000003,23.05,33.51));
#2782=CARTESIAN_POINT('',(-9.30000000000028,23.05,33.51));
#2783=CARTESIAN_POINT('',(-13.9000000000003,23.05,35.51));
#2784=CARTESIAN_POINT('',(-9.30000000000028,23.05,35.51));
#2785=CARTESIAN_POINT('',(-13.9000000000003,23.05,33.51));
#2786=CARTESIAN_POINT('Origin',(-13.9000000000003,17.05,33.51));
#2787=CARTESIAN_POINT('',(-13.9000000000003,17.05,33.51));
#2788=CARTESIAN_POINT('',(-13.9000000000003,17.05,35.51));
#2789=CARTESIAN_POINT('Origin',(-22.0000000000003,9.5,33.51));
#2790=CARTESIAN_POINT('',(-22.0000000000003,9.5,33.51));
#2791=CARTESIAN_POINT('',(-22.0000000000003,15.5,33.51));
#2792=CARTESIAN_POINT('',(-22.0000000000003,14.1,33.51));
#2793=CARTESIAN_POINT('',(-22.0000000000003,15.5,35.51));
#2794=CARTESIAN_POINT('',(-22.0000000000003,15.5,33.51));
#2795=CARTESIAN_POINT('',(-22.0000000000003,9.5,35.51));
#2796=CARTESIAN_POINT('',(-22.0000000000003,14.1,35.51));
#2797=CARTESIAN_POINT('',(-22.0000000000003,9.5,33.51));
#2798=CARTESIAN_POINT('Origin',(-16.0000000000003,9.5,33.51));
#2799=CARTESIAN_POINT('',(-16.0000000000003,9.5,33.51));
#2800=CARTESIAN_POINT('',(-16.0000000000003,9.5,33.51));
#2801=CARTESIAN_POINT('',(-16.0000000000003,9.5,35.51));
#2802=CARTESIAN_POINT('',(-16.0000000000003,9.5,35.51));
#2803=CARTESIAN_POINT('',(-16.0000000000003,9.5,33.51));
#2804=CARTESIAN_POINT('Origin',(-16.0000000000003,15.5,33.51));
#2805=CARTESIAN_POINT('',(-16.0000000000003,15.5,33.51));
#2806=CARTESIAN_POINT('',(-16.0000000000003,10.9,33.51));
#2807=CARTESIAN_POINT('',(-16.0000000000003,15.5,35.51));
#2808=CARTESIAN_POINT('',(-16.0000000000003,10.9,35.51));
#2809=CARTESIAN_POINT('',(-16.0000000000003,15.5,33.51));
#2810=CARTESIAN_POINT('Origin',(-22.0000000000003,15.5,33.51));
#2811=CARTESIAN_POINT('',(-22.0000000000003,15.5,33.51));
#2812=CARTESIAN_POINT('',(-22.0000000000003,15.5,35.51));
#2813=CARTESIAN_POINT('Origin',(0.899999999999725,23.05,33.51));
#2814=CARTESIAN_POINT('',(0.899999999999725,23.05,33.51));
#2815=CARTESIAN_POINT('',(6.89999999999972,23.05,33.51));
#2816=CARTESIAN_POINT('',(5.49999999999972,23.05,33.51));
#2817=CARTESIAN_POINT('',(6.89999999999972,23.05,35.51));
#2818=CARTESIAN_POINT('',(6.89999999999972,23.05,33.51));
#2819=CARTESIAN_POINT('',(0.899999999999723,23.05,35.51));
#2820=CARTESIAN_POINT('',(5.49999999999972,23.05,35.51));
#2821=CARTESIAN_POINT('',(0.899999999999725,23.05,33.51));
#2822=CARTESIAN_POINT('Origin',(0.899999999999724,17.05,33.51));
#2823=CARTESIAN_POINT('',(0.899999999999724,17.05,33.51));
#2824=CARTESIAN_POINT('',(0.899999999999724,17.05,33.51));
#2825=CARTESIAN_POINT('',(0.899999999999723,17.05,35.51));
#2826=CARTESIAN_POINT('',(0.899999999999724,17.05,35.51));
#2827=CARTESIAN_POINT('',(0.899999999999724,17.05,33.51));
#2828=CARTESIAN_POINT('Origin',(6.89999999999972,17.05,33.51));
#2829=CARTESIAN_POINT('',(6.89999999999972,17.05,33.51));
#2830=CARTESIAN_POINT('',(2.29999999999972,17.05,33.51));
#2831=CARTESIAN_POINT('',(6.89999999999972,17.05,35.51));
#2832=CARTESIAN_POINT('',(2.29999999999972,17.05,35.51));
#2833=CARTESIAN_POINT('',(6.89999999999972,17.05,33.51));
#2834=CARTESIAN_POINT('Origin',(6.89999999999972,23.05,33.51));
#2835=CARTESIAN_POINT('',(6.89999999999972,23.05,33.51));
#2836=CARTESIAN_POINT('',(6.89999999999972,23.05,35.51));
#2837=CARTESIAN_POINT('Origin',(-22.0000000000003,23.,33.51));
#2838=CARTESIAN_POINT('',(-22.0000000000003,23.,33.51));
#2839=CARTESIAN_POINT('',(-16.0000000000003,23.,33.51));
#2840=CARTESIAN_POINT('',(-22.0000000000003,23.,33.51));
#2841=CARTESIAN_POINT('',(-16.0000000000003,23.,35.51));
#2842=CARTESIAN_POINT('',(-16.0000000000003,23.,33.51));
#2843=CARTESIAN_POINT('',(-22.0000000000003,23.,35.51));
#2844=CARTESIAN_POINT('',(-22.0000000000003,23.,35.51));
#2845=CARTESIAN_POINT('',(-22.0000000000003,23.,33.51));
#2846=CARTESIAN_POINT('Origin',(-22.0000000000003,17.,33.51));
#2847=CARTESIAN_POINT('',(-22.0000000000003,17.,33.51));
#2848=CARTESIAN_POINT('',(-22.0000000000003,21.6,33.51));
#2849=CARTESIAN_POINT('',(-22.0000000000003,17.,35.51));
#2850=CARTESIAN_POINT('',(-22.0000000000003,21.6,35.51));
#2851=CARTESIAN_POINT('',(-22.0000000000003,17.,33.51));
#2852=CARTESIAN_POINT('Origin',(-16.0000000000003,17.,33.51));
#2853=CARTESIAN_POINT('',(-16.0000000000003,17.,33.51));
#2854=CARTESIAN_POINT('',(-16.0000000000003,17.,33.51));
#2855=CARTESIAN_POINT('',(-16.0000000000003,17.,35.51));
#2856=CARTESIAN_POINT('',(-16.0000000000003,17.,35.51));
#2857=CARTESIAN_POINT('',(-16.0000000000003,17.,33.51));
#2858=CARTESIAN_POINT('Origin',(-16.0000000000003,23.,33.51));
#2859=CARTESIAN_POINT('',(-16.0000000000003,18.4,33.51));
#2860=CARTESIAN_POINT('',(-16.0000000000003,18.4,35.51));
#2861=CARTESIAN_POINT('Origin',(-22.0000000000003,1.59999999999999,33.51));
#2862=CARTESIAN_POINT('',(-22.0000000000003,1.59999999999999,33.51));
#2863=CARTESIAN_POINT('',(-22.0000000000003,7.59999999999999,33.51));
#2864=CARTESIAN_POINT('',(-22.0000000000003,6.19999999999999,33.51));
#2865=CARTESIAN_POINT('',(-22.0000000000003,7.59999999999999,35.51));
#2866=CARTESIAN_POINT('',(-22.0000000000003,7.59999999999999,33.51));
#2867=CARTESIAN_POINT('',(-22.0000000000003,1.59999999999999,35.51));
#2868=CARTESIAN_POINT('',(-22.0000000000003,6.19999999999999,35.51));
#2869=CARTESIAN_POINT('',(-22.0000000000003,1.59999999999999,33.51));
#2870=CARTESIAN_POINT('Origin',(-16.0000000000003,1.59999999999999,33.51));
#2871=CARTESIAN_POINT('',(-16.0000000000003,1.59999999999999,33.51));
#2872=CARTESIAN_POINT('',(-16.0000000000003,1.59999999999999,33.51));
#2873=CARTESIAN_POINT('',(-16.0000000000003,1.59999999999999,35.51));
#2874=CARTESIAN_POINT('',(-16.0000000000003,1.59999999999999,35.51));
#2875=CARTESIAN_POINT('',(-16.0000000000003,1.59999999999999,33.51));
#2876=CARTESIAN_POINT('Origin',(-16.0000000000003,7.59999999999999,33.51));
#2877=CARTESIAN_POINT('',(-16.0000000000003,7.59999999999999,33.51));
#2878=CARTESIAN_POINT('',(-16.0000000000003,2.99999999999999,33.51));
#2879=CARTESIAN_POINT('',(-16.0000000000003,7.59999999999999,35.51));
#2880=CARTESIAN_POINT('',(-16.0000000000003,2.99999999999999,35.51));
#2881=CARTESIAN_POINT('',(-16.0000000000003,7.59999999999999,33.51));
#2882=CARTESIAN_POINT('Origin',(-22.0000000000003,7.59999999999999,33.51));
#2883=CARTESIAN_POINT('',(-22.0000000000003,7.59999999999999,33.51));
#2884=CARTESIAN_POINT('',(-22.0000000000003,7.59999999999999,35.51));
#2885=CARTESIAN_POINT('Origin',(-22.0000000000003,-6.4,33.51));
#2886=CARTESIAN_POINT('',(-22.0000000000003,-6.4,33.51));
#2887=CARTESIAN_POINT('',(-22.0000000000003,-0.399999999999998,33.51));
#2888=CARTESIAN_POINT('',(-22.0000000000003,-1.8,33.51));
#2889=CARTESIAN_POINT('',(-22.0000000000003,-0.399999999999998,35.51));
#2890=CARTESIAN_POINT('',(-22.0000000000003,-0.399999999999998,33.51));
#2891=CARTESIAN_POINT('',(-22.0000000000003,-6.4,35.51));
#2892=CARTESIAN_POINT('',(-22.0000000000003,-1.8,35.51));
#2893=CARTESIAN_POINT('',(-22.0000000000003,-6.4,33.51));
#2894=CARTESIAN_POINT('Origin',(-16.0000000000003,-6.4,33.51));
#2895=CARTESIAN_POINT('',(-16.0000000000003,-6.4,33.51));
#2896=CARTESIAN_POINT('',(-16.0000000000003,-6.4,33.51));
#2897=CARTESIAN_POINT('',(-16.0000000000003,-6.4,35.51));
#2898=CARTESIAN_POINT('',(-16.0000000000003,-6.4,35.51));
#2899=CARTESIAN_POINT('',(-16.0000000000003,-6.4,33.51));
#2900=CARTESIAN_POINT('Origin',(-16.0000000000003,-0.399999999999999,33.51));
#2901=CARTESIAN_POINT('',(-16.0000000000003,-0.399999999999999,33.51));
#2902=CARTESIAN_POINT('',(-16.0000000000003,-5.,33.51));
#2903=CARTESIAN_POINT('',(-16.0000000000003,-0.399999999999998,35.51));
#2904=CARTESIAN_POINT('',(-16.0000000000003,-5.,35.51));
#2905=CARTESIAN_POINT('',(-16.0000000000003,-0.399999999999999,33.51));
#2906=CARTESIAN_POINT('Origin',(-22.0000000000003,-0.399999999999998,33.51));
#2907=CARTESIAN_POINT('',(-22.0000000000003,-0.399999999999998,33.51));
#2908=CARTESIAN_POINT('',(-22.0000000000003,-0.399999999999998,35.51));
#2909=CARTESIAN_POINT('Origin',(-21.9500000000003,-22.4,33.51));
#2910=CARTESIAN_POINT('',(-21.9500000000002,-22.4,33.51));
#2911=CARTESIAN_POINT('',(-21.9500000000002,-16.4,33.51));
#2912=CARTESIAN_POINT('',(-21.9500000000002,-17.8,33.51));
#2913=CARTESIAN_POINT('',(-21.9500000000002,-16.4,35.51));
#2914=CARTESIAN_POINT('',(-21.9500000000002,-16.4,33.51));
#2915=CARTESIAN_POINT('',(-21.9500000000002,-22.4,35.51));
#2916=CARTESIAN_POINT('',(-21.9500000000002,-17.8,35.51));
#2917=CARTESIAN_POINT('',(-21.9500000000002,-22.4,33.51));
#2918=CARTESIAN_POINT('Origin',(-15.9500000000002,-22.4,33.51));
#2919=CARTESIAN_POINT('',(-15.9500000000002,-22.4,33.51));
#2920=CARTESIAN_POINT('',(-15.9500000000002,-22.4,33.51));
#2921=CARTESIAN_POINT('',(-15.9500000000002,-22.4,35.51));
#2922=CARTESIAN_POINT('',(-15.9500000000002,-22.4,35.51));
#2923=CARTESIAN_POINT('',(-15.9500000000002,-22.4,33.51));
#2924=CARTESIAN_POINT('Origin',(-15.9500000000002,-16.4,33.51));
#2925=CARTESIAN_POINT('',(-15.9500000000002,-16.4,33.51));
#2926=CARTESIAN_POINT('',(-15.9500000000002,-21.,33.51));
#2927=CARTESIAN_POINT('',(-15.9500000000002,-16.4,35.51));
#2928=CARTESIAN_POINT('',(-15.9500000000002,-21.,35.51));
#2929=CARTESIAN_POINT('',(-15.9500000000002,-16.4,33.51));
#2930=CARTESIAN_POINT('Origin',(-21.9500000000002,-16.4,33.51));
#2931=CARTESIAN_POINT('',(-21.9500000000002,-16.4,33.51));
#2932=CARTESIAN_POINT('',(-21.9500000000002,-16.4,35.51));
#2933=CARTESIAN_POINT('Origin',(-21.9500000000003,-14.6,33.51));
#2934=CARTESIAN_POINT('',(-21.9500000000002,-14.6,33.51));
#2935=CARTESIAN_POINT('',(-21.9500000000002,-8.6,33.51));
#2936=CARTESIAN_POINT('',(-21.9500000000002,-10.,33.51));
#2937=CARTESIAN_POINT('',(-21.9500000000002,-8.6,35.51));
#2938=CARTESIAN_POINT('',(-21.9500000000002,-8.6,33.51));
#2939=CARTESIAN_POINT('',(-21.9500000000002,-14.6,35.51));
#2940=CARTESIAN_POINT('',(-21.9500000000002,-10.,35.51));
#2941=CARTESIAN_POINT('',(-21.9500000000002,-14.6,33.51));
#2942=CARTESIAN_POINT('Origin',(-15.9500000000002,-14.6,33.51));
#2943=CARTESIAN_POINT('',(-15.9500000000002,-14.6,33.51));
#2944=CARTESIAN_POINT('',(-15.9500000000002,-14.6,33.51));
#2945=CARTESIAN_POINT('',(-15.9500000000002,-14.6,35.51));
#2946=CARTESIAN_POINT('',(-15.9500000000002,-14.6,35.51));
#2947=CARTESIAN_POINT('',(-15.9500000000002,-14.6,33.51));
#2948=CARTESIAN_POINT('Origin',(-15.9500000000002,-8.6,33.51));
#2949=CARTESIAN_POINT('',(-15.9500000000002,-8.6,33.51));
#2950=CARTESIAN_POINT('',(-15.9500000000002,-13.2,33.51));
#2951=CARTESIAN_POINT('',(-15.9500000000002,-8.6,35.51));
#2952=CARTESIAN_POINT('',(-15.9500000000002,-13.2,35.51));
#2953=CARTESIAN_POINT('',(-15.9500000000002,-8.6,33.51));
#2954=CARTESIAN_POINT('Origin',(-21.9500000000002,-8.6,33.51));
#2955=CARTESIAN_POINT('',(-21.9500000000002,-8.6,33.51));
#2956=CARTESIAN_POINT('',(-21.9500000000002,-8.6,35.51));
#2957=CARTESIAN_POINT('Origin',(23.9999999999997,24.,33.51));
#2958=CARTESIAN_POINT('',(23.9999999999997,24.,33.51));
#2959=CARTESIAN_POINT('',(-24.0000000000003,24.,33.51));
#2960=CARTESIAN_POINT('',(23.9999999999997,24.,33.51));
#2961=CARTESIAN_POINT('',(-24.0000000000003,24.,35.51));
#2962=CARTESIAN_POINT('',(-24.0000000000003,24.,33.51));
#2963=CARTESIAN_POINT('',(23.9999999999997,24.,35.51));
#2964=CARTESIAN_POINT('',(23.9999999999997,24.,35.51));
#2965=CARTESIAN_POINT('',(23.9999999999997,24.,33.51));
#2966=CARTESIAN_POINT('Origin',(23.9999999999997,-24.,33.51));
#2967=CARTESIAN_POINT('',(23.9999999999997,-24.,33.51));
#2968=CARTESIAN_POINT('',(23.9999999999997,-24.,33.51));
#2969=CARTESIAN_POINT('',(23.9999999999997,-24.,35.51));
#2970=CARTESIAN_POINT('',(23.9999999999997,-24.,35.51));
#2971=CARTESIAN_POINT('',(23.9999999999997,-24.,33.51));
#2972=CARTESIAN_POINT('Origin',(-24.0000000000003,-24.,33.51));
#2973=CARTESIAN_POINT('',(-24.0000000000003,-24.,33.51));
#2974=CARTESIAN_POINT('',(-24.0000000000003,-24.,33.51));
#2975=CARTESIAN_POINT('',(-24.0000000000003,-24.,35.51));
#2976=CARTESIAN_POINT('',(-24.0000000000003,-24.,35.51));
#2977=CARTESIAN_POINT('',(-24.0000000000003,-24.,33.51));
#2978=CARTESIAN_POINT('Origin',(-24.0000000000003,24.,33.51));
#2979=CARTESIAN_POINT('',(-24.0000000000003,24.,33.51));
#2980=CARTESIAN_POINT('',(-24.0000000000003,24.,35.51));
#2981=CARTESIAN_POINT('Origin',(-3.01980662698043E-13,0.,35.51));
#2982=CARTESIAN_POINT('Origin',(-3.01980662698043E-13,0.,33.51));
#2983=CARTESIAN_POINT('',(0.,0.,0.));
#2984=CARTESIAN_POINT('',(0.,0.,0.));
#2985=CARTESIAN_POINT('',(0.,0.,0.));
#2986=UNCERTAINTY_MEASURE_WITH_UNIT(LENGTH_MEASURE(0.01),#2996,
'DISTANCE_ACCURACY_VALUE',
'Maximum model space distance between geometric entities at asserted c
onnectivities');
#2987=UNCERTAINTY_MEASURE_WITH_UNIT(LENGTH_MEASURE(0.01),#2996,
'DISTANCE_ACCURACY_VALUE',
'Maximum model space distance between geometric entities at asserted c
onnectivities');
#2988=UNCERTAINTY_MEASURE_WITH_UNIT(LENGTH_MEASURE(0.01),#2996,
'DISTANCE_ACCURACY_VALUE',
'Maximum model space distance between geometric entities at asserted c
onnectivities');
#2989=UNCERTAINTY_MEASURE_WITH_UNIT(LENGTH_MEASURE(0.01),#2996,
'DISTANCE_ACCURACY_VALUE',
'Maximum model space distance between geometric entities at asserted c
onnectivities');
#2990=UNCERTAINTY_MEASURE_WITH_UNIT(LENGTH_MEASURE(0.01),#2996,
'DISTANCE_ACCURACY_VALUE',
'Maximum model space distance between geometric entities at asserted c
onnectivities');
#2991=(
GEOMETRIC_REPRESENTATION_CONTEXT(3)
GLOBAL_UNCERTAINTY_ASSIGNED_CONTEXT((#2986))
GLOBAL_UNIT_ASSIGNED_CONTEXT((#2996,#2998,#2999))
REPRESENTATION_CONTEXT('','3D')
);
#2992=(
GEOMETRIC_REPRESENTATION_CONTEXT(3)
GLOBAL_UNCERTAINTY_ASSIGNED_CONTEXT((#2987))
GLOBAL_UNIT_ASSIGNED_CONTEXT((#2996,#2998,#2999))
REPRESENTATION_CONTEXT('','3D')
);
#2993=(
GEOMETRIC_REPRESENTATION_CONTEXT(3)
GLOBAL_UNCERTAINTY_ASSIGNED_CONTEXT((#2988))
GLOBAL_UNIT_ASSIGNED_CONTEXT((#2996,#2998,#2999))
REPRESENTATION_CONTEXT('','3D')
);
#2994=(
GEOMETRIC_REPRESENTATION_CONTEXT(3)
GLOBAL_UNCERTAINTY_ASSIGNED_CONTEXT((#2989))
GLOBAL_UNIT_ASSIGNED_CONTEXT((#2996,#2998,#2999))
REPRESENTATION_CONTEXT('','3D')
);
#2995=(
GEOMETRIC_REPRESENTATION_CONTEXT(3)
GLOBAL_UNCERTAINTY_ASSIGNED_CONTEXT((#2990))
GLOBAL_UNIT_ASSIGNED_CONTEXT((#2996,#2998,#2999))
REPRESENTATION_CONTEXT('','3D')
);
#2996=(
LENGTH_UNIT()
NAMED_UNIT(*)
SI_UNIT(.MILLI.,.METRE.)
);
#2997=(
LENGTH_UNIT()
NAMED_UNIT(*)
SI_UNIT($,.METRE.)
);
#2998=(
NAMED_UNIT(*)
PLANE_ANGLE_UNIT()
SI_UNIT($,.RADIAN.)
);
#2999=(
NAMED_UNIT(*)
SI_UNIT($,.STERADIAN.)
SOLID_ANGLE_UNIT()
);
#3000=SHAPE_DEFINITION_REPRESENTATION(#3004,#3011);
#3001=SHAPE_DEFINITION_REPRESENTATION(#3005,#3012);
#3002=SHAPE_DEFINITION_REPRESENTATION(#3006,#3013);
#3003=SHAPE_DEFINITION_REPRESENTATION(#3007,#3014);
#3004=PRODUCT_DEFINITION_SHAPE('',$,#3016);
#3005=PRODUCT_DEFINITION_SHAPE('',$,#3017);
#3006=PRODUCT_DEFINITION_SHAPE('',$,#3018);
#3007=PRODUCT_DEFINITION_SHAPE('',$,#3019);
#3008=PRODUCT_DEFINITION_SHAPE($,$,#20);
#3009=PRODUCT_DEFINITION_SHAPE($,$,#21);
#3010=PRODUCT_DEFINITION_SHAPE($,$,#22);
#3011=SHAPE_REPRESENTATION('',(#1926,#2019,#2020,#2021),#2991);
#3012=SHAPE_REPRESENTATION('',(#1927),#2992);
#3013=SHAPE_REPRESENTATION('',(#1928),#2993);
#3014=SHAPE_REPRESENTATION('',(#1929),#2994);
#3015=PRODUCT_DEFINITION_CONTEXT('part definition',#3029,'design');
#3016=PRODUCT_DEFINITION('sculk shrieker','sculk shrieker v16',#3020,#3015);
#3017=PRODUCT_DEFINITION('decor','decor',#3021,#3015);
#3018=PRODUCT_DEFINITION('body','body',#3022,#3015);
#3019=PRODUCT_DEFINITION('top plate','top plate',#3023,#3015);
#3020=PRODUCT_DEFINITION_FORMATION('',$,#3031);
#3021=PRODUCT_DEFINITION_FORMATION('',$,#3032);
#3022=PRODUCT_DEFINITION_FORMATION('',$,#3033);
#3023=PRODUCT_DEFINITION_FORMATION('',$,#3034);
#3024=PRODUCT_RELATED_PRODUCT_CATEGORY('sculk shrieker v16',
'sculk shrieker v16',(#3031));
#3025=PRODUCT_RELATED_PRODUCT_CATEGORY('decor','decor',(#3032));
#3026=PRODUCT_RELATED_PRODUCT_CATEGORY('body','body',(#3033));
#3027=PRODUCT_RELATED_PRODUCT_CATEGORY('top plate','top plate',(#3034));
#3028=APPLICATION_PROTOCOL_DEFINITION('international standard',
'automotive_design',2009,#3029);
#3029=APPLICATION_CONTEXT(
'Core Data for Automotive Mechanical Design Process');
#3030=PRODUCT_CONTEXT('part definition',#3029,'mechanical');
#3031=PRODUCT('sculk shrieker','sculk shrieker v16',$,(#3030));
#3032=PRODUCT('decor','decor',$,(#3030));
#3033=PRODUCT('body','body',$,(#3030));
#3034=PRODUCT('top plate','top plate',$,(#3030));
#3035=PRESENTATION_STYLE_ASSIGNMENT((#3038));
#3036=PRESENTATION_STYLE_ASSIGNMENT((#3039));
#3037=PRESENTATION_STYLE_ASSIGNMENT((#3040));
#3038=SURFACE_STYLE_USAGE(.BOTH.,#3041);
#3039=SURFACE_STYLE_USAGE(.BOTH.,#3042);
#3040=SURFACE_STYLE_USAGE(.BOTH.,#3043);
#3041=SURFACE_SIDE_STYLE('',(#3044));
#3042=SURFACE_SIDE_STYLE('',(#3045));
#3043=SURFACE_SIDE_STYLE('',(#3046));
#3044=SURFACE_STYLE_FILL_AREA(#3047);
#3045=SURFACE_STYLE_FILL_AREA(#3048);
#3046=SURFACE_STYLE_FILL_AREA(#3049);
#3047=FILL_AREA_STYLE('Steel - Satin',(#3050));
#3048=FILL_AREA_STYLE('sculk',(#3051));
#3049=FILL_AREA_STYLE('lighter sculk',(#3052));
#3050=FILL_AREA_STYLE_COLOUR('Steel - Satin',#3053);
#3051=FILL_AREA_STYLE_COLOUR('sculk',#3054);
#3052=FILL_AREA_STYLE_COLOUR('lighter sculk',#3055);
#3053=COLOUR_RGB('Steel - Satin',0.627450980392157,0.627450980392157,0.627450980392157);
#3054=COLOUR_RGB('sculk',0.0235294117647059,0.184313725490196,0.211764705882353);
#3055=COLOUR_RGB('lighter sculk',0.0588235294117647,0.309803921568627,0.337254901960784);
ENDSEC;
END-ISO-10303-21;
