ISO-10303-21;
HEADER;
/* Generated by software containing ST-Developer
 * from STEP Tools, Inc. (www.steptools.com) 
 */

FILE_DESCRIPTION(
/* description */ (''),
/* implementation_level */ '2;1');

FILE_NAME(
/* name */ 'sculk shrieker shell top.step',
/* time_stamp */ '2025-07-07T22:46:43-04:00',
/* author */ (''),
/* organization */ (''),
/* preprocessor_version */ 'ST-DEVELOPER v20.1',
/* originating_system */ 'Autodesk Translation Framework v14.10.0.0',
/* authorisation */ '');

FILE_SCHEMA (('AUTOMOTIVE_DESIGN { 1 0 10303 214 3 1 1 }'));
ENDSEC;

DATA;
#10=MECHANICAL_DESIGN_GEOMETRIC_PRESENTATION_REPRESENTATION('',(#17),#3450);
#11=ITEM_DEFINED_TRANSFORMATION($,$,#2174,#2296);
#12=(
REPRESENTATION_RELATIONSHIP($,$,#3461,#3460)
REPRESENTATION_RELATIONSHIP_WITH_TRANSFORMATION(#11)
SHAPE_REPRESENTATION_RELATIONSHIP()
);
#13=CONTEXT_DEPENDENT_SHAPE_REPRESENTATION(#12,#3459);
#14=NEXT_ASSEMBLY_USAGE_OCCURRENCE('body:1','body:1','body:1',#3463,#3464,
'body:1');
#15=SHAPE_REPRESENTATION_RELATIONSHIP('SRR','None',#3461,#16);
#16=ADVANCED_BREP_SHAPE_REPRESENTATION('',(#18),#3449);
#17=STYLED_ITEM('',(#3476),#18);
#18=MANIFOLD_SOLID_BREP('Body2',#2160);
#19=FACE_BOUND('',#248,.T.);
#20=FACE_BOUND('',#262,.T.);
#21=FACE_BOUND('',#263,.T.);
#22=FACE_BOUND('',#264,.T.);
#23=FACE_BOUND('',#265,.T.);
#24=FACE_BOUND('',#300,.T.);
#25=FACE_BOUND('',#319,.T.);
#26=FACE_BOUND('',#337,.T.);
#27=FACE_BOUND('',#351,.T.);
#28=FACE_BOUND('',#352,.T.);
#29=PLANE('',#2178);
#30=PLANE('',#2179);
#31=PLANE('',#2180);
#32=PLANE('',#2181);
#33=PLANE('',#2182);
#34=PLANE('',#2183);
#35=PLANE('',#2184);
#36=PLANE('',#2185);
#37=PLANE('',#2186);
#38=PLANE('',#2187);
#39=PLANE('',#2188);
#40=PLANE('',#2190);
#41=PLANE('',#2191);
#42=PLANE('',#2192);
#43=PLANE('',#2193);
#44=PLANE('',#2197);
#45=PLANE('',#2201);
#46=PLANE('',#2202);
#47=PLANE('',#2203);
#48=PLANE('',#2204);
#49=PLANE('',#2205);
#50=PLANE('',#2206);
#51=PLANE('',#2209);
#52=PLANE('',#2213);
#53=PLANE('',#2217);
#54=PLANE('',#2221);
#55=PLANE('',#2222);
#56=PLANE('',#2223);
#57=PLANE('',#2224);
#58=PLANE('',#2225);
#59=PLANE('',#2226);
#60=PLANE('',#2227);
#61=PLANE('',#2228);
#62=PLANE('',#2229);
#63=PLANE('',#2230);
#64=PLANE('',#2231);
#65=PLANE('',#2232);
#66=PLANE('',#2233);
#67=PLANE('',#2234);
#68=PLANE('',#2235);
#69=PLANE('',#2236);
#70=PLANE('',#2237);
#71=PLANE('',#2238);
#72=PLANE('',#2239);
#73=PLANE('',#2240);
#74=PLANE('',#2241);
#75=PLANE('',#2242);
#76=PLANE('',#2243);
#77=PLANE('',#2244);
#78=PLANE('',#2245);
#79=PLANE('',#2246);
#80=PLANE('',#2247);
#81=PLANE('',#2248);
#82=PLANE('',#2249);
#83=PLANE('',#2250);
#84=PLANE('',#2251);
#85=PLANE('',#2252);
#86=PLANE('',#2253);
#87=PLANE('',#2254);
#88=PLANE('',#2255);
#89=PLANE('',#2256);
#90=PLANE('',#2257);
#91=PLANE('',#2258);
#92=PLANE('',#2259);
#93=PLANE('',#2260);
#94=PLANE('',#2261);
#95=PLANE('',#2262);
#96=PLANE('',#2263);
#97=PLANE('',#2264);
#98=PLANE('',#2265);
#99=PLANE('',#2266);
#100=PLANE('',#2267);
#101=PLANE('',#2268);
#102=PLANE('',#2269);
#103=PLANE('',#2270);
#104=PLANE('',#2271);
#105=PLANE('',#2272);
#106=PLANE('',#2273);
#107=PLANE('',#2274);
#108=PLANE('',#2275);
#109=PLANE('',#2276);
#110=PLANE('',#2277);
#111=PLANE('',#2278);
#112=PLANE('',#2279);
#113=PLANE('',#2280);
#114=PLANE('',#2281);
#115=PLANE('',#2282);
#116=PLANE('',#2283);
#117=PLANE('',#2284);
#118=PLANE('',#2285);
#119=PLANE('',#2286);
#120=PLANE('',#2287);
#121=PLANE('',#2288);
#122=PLANE('',#2289);
#123=PLANE('',#2290);
#124=PLANE('',#2291);
#125=PLANE('',#2292);
#126=PLANE('',#2293);
#127=PLANE('',#2294);
#128=PLANE('',#2295);
#129=FACE_OUTER_BOUND('',#236,.T.);
#130=FACE_OUTER_BOUND('',#237,.T.);
#131=FACE_OUTER_BOUND('',#238,.T.);
#132=FACE_OUTER_BOUND('',#239,.T.);
#133=FACE_OUTER_BOUND('',#240,.T.);
#134=FACE_OUTER_BOUND('',#241,.T.);
#135=FACE_OUTER_BOUND('',#242,.T.);
#136=FACE_OUTER_BOUND('',#243,.T.);
#137=FACE_OUTER_BOUND('',#244,.T.);
#138=FACE_OUTER_BOUND('',#245,.T.);
#139=FACE_OUTER_BOUND('',#246,.T.);
#140=FACE_OUTER_BOUND('',#247,.T.);
#141=FACE_OUTER_BOUND('',#249,.T.);
#142=FACE_OUTER_BOUND('',#250,.T.);
#143=FACE_OUTER_BOUND('',#251,.T.);
#144=FACE_OUTER_BOUND('',#252,.T.);
#145=FACE_OUTER_BOUND('',#253,.T.);
#146=FACE_OUTER_BOUND('',#254,.T.);
#147=FACE_OUTER_BOUND('',#255,.T.);
#148=FACE_OUTER_BOUND('',#256,.T.);
#149=FACE_OUTER_BOUND('',#257,.T.);
#150=FACE_OUTER_BOUND('',#258,.T.);
#151=FACE_OUTER_BOUND('',#259,.T.);
#152=FACE_OUTER_BOUND('',#260,.T.);
#153=FACE_OUTER_BOUND('',#261,.T.);
#154=FACE_OUTER_BOUND('',#266,.T.);
#155=FACE_OUTER_BOUND('',#267,.T.);
#156=FACE_OUTER_BOUND('',#268,.T.);
#157=FACE_OUTER_BOUND('',#269,.T.);
#158=FACE_OUTER_BOUND('',#270,.T.);
#159=FACE_OUTER_BOUND('',#271,.T.);
#160=FACE_OUTER_BOUND('',#272,.T.);
#161=FACE_OUTER_BOUND('',#273,.T.);
#162=FACE_OUTER_BOUND('',#274,.T.);
#163=FACE_OUTER_BOUND('',#275,.T.);
#164=FACE_OUTER_BOUND('',#276,.T.);
#165=FACE_OUTER_BOUND('',#277,.T.);
#166=FACE_OUTER_BOUND('',#278,.T.);
#167=FACE_OUTER_BOUND('',#279,.T.);
#168=FACE_OUTER_BOUND('',#280,.T.);
#169=FACE_OUTER_BOUND('',#281,.T.);
#170=FACE_OUTER_BOUND('',#282,.T.);
#171=FACE_OUTER_BOUND('',#283,.T.);
#172=FACE_OUTER_BOUND('',#284,.T.);
#173=FACE_OUTER_BOUND('',#285,.T.);
#174=FACE_OUTER_BOUND('',#286,.T.);
#175=FACE_OUTER_BOUND('',#287,.T.);
#176=FACE_OUTER_BOUND('',#288,.T.);
#177=FACE_OUTER_BOUND('',#289,.T.);
#178=FACE_OUTER_BOUND('',#290,.T.);
#179=FACE_OUTER_BOUND('',#291,.T.);
#180=FACE_OUTER_BOUND('',#292,.T.);
#181=FACE_OUTER_BOUND('',#293,.T.);
#182=FACE_OUTER_BOUND('',#294,.T.);
#183=FACE_OUTER_BOUND('',#295,.T.);
#184=FACE_OUTER_BOUND('',#296,.T.);
#185=FACE_OUTER_BOUND('',#297,.T.);
#186=FACE_OUTER_BOUND('',#298,.T.);
#187=FACE_OUTER_BOUND('',#299,.T.);
#188=FACE_OUTER_BOUND('',#301,.T.);
#189=FACE_OUTER_BOUND('',#302,.T.);
#190=FACE_OUTER_BOUND('',#303,.T.);
#191=FACE_OUTER_BOUND('',#304,.T.);
#192=FACE_OUTER_BOUND('',#305,.T.);
#193=FACE_OUTER_BOUND('',#306,.T.);
#194=FACE_OUTER_BOUND('',#307,.T.);
#195=FACE_OUTER_BOUND('',#308,.T.);
#196=FACE_OUTER_BOUND('',#309,.T.);
#197=FACE_OUTER_BOUND('',#310,.T.);
#198=FACE_OUTER_BOUND('',#311,.T.);
#199=FACE_OUTER_BOUND('',#312,.T.);
#200=FACE_OUTER_BOUND('',#313,.T.);
#201=FACE_OUTER_BOUND('',#314,.T.);
#202=FACE_OUTER_BOUND('',#315,.T.);
#203=FACE_OUTER_BOUND('',#316,.T.);
#204=FACE_OUTER_BOUND('',#317,.T.);
#205=FACE_OUTER_BOUND('',#318,.T.);
#206=FACE_OUTER_BOUND('',#320,.T.);
#207=FACE_OUTER_BOUND('',#321,.T.);
#208=FACE_OUTER_BOUND('',#322,.T.);
#209=FACE_OUTER_BOUND('',#323,.T.);
#210=FACE_OUTER_BOUND('',#324,.T.);
#211=FACE_OUTER_BOUND('',#325,.T.);
#212=FACE_OUTER_BOUND('',#326,.T.);
#213=FACE_OUTER_BOUND('',#327,.T.);
#214=FACE_OUTER_BOUND('',#328,.T.);
#215=FACE_OUTER_BOUND('',#329,.T.);
#216=FACE_OUTER_BOUND('',#330,.T.);
#217=FACE_OUTER_BOUND('',#331,.T.);
#218=FACE_OUTER_BOUND('',#332,.T.);
#219=FACE_OUTER_BOUND('',#333,.T.);
#220=FACE_OUTER_BOUND('',#334,.T.);
#221=FACE_OUTER_BOUND('',#335,.T.);
#222=FACE_OUTER_BOUND('',#336,.T.);
#223=FACE_OUTER_BOUND('',#338,.T.);
#224=FACE_OUTER_BOUND('',#339,.T.);
#225=FACE_OUTER_BOUND('',#340,.T.);
#226=FACE_OUTER_BOUND('',#341,.T.);
#227=FACE_OUTER_BOUND('',#342,.T.);
#228=FACE_OUTER_BOUND('',#343,.T.);
#229=FACE_OUTER_BOUND('',#344,.T.);
#230=FACE_OUTER_BOUND('',#345,.T.);
#231=FACE_OUTER_BOUND('',#346,.T.);
#232=FACE_OUTER_BOUND('',#347,.T.);
#233=FACE_OUTER_BOUND('',#348,.T.);
#234=FACE_OUTER_BOUND('',#349,.T.);
#235=FACE_OUTER_BOUND('',#350,.T.);
#236=EDGE_LOOP('',(#1444,#1445,#1446,#1447));
#237=EDGE_LOOP('',(#1448,#1449,#1450,#1451,#1452,#1453,#1454,#1455,#1456,
#1457,#1458,#1459,#1460,#1461,#1462,#1463,#1464,#1465,#1466,#1467,#1468));
#238=EDGE_LOOP('',(#1469,#1470,#1471,#1472));
#239=EDGE_LOOP('',(#1473,#1474,#1475,#1476));
#240=EDGE_LOOP('',(#1477,#1478,#1479,#1480));
#241=EDGE_LOOP('',(#1481,#1482,#1483,#1484));
#242=EDGE_LOOP('',(#1485,#1486,#1487,#1488));
#243=EDGE_LOOP('',(#1489,#1490,#1491,#1492));
#244=EDGE_LOOP('',(#1493,#1494,#1495,#1496));
#245=EDGE_LOOP('',(#1497,#1498,#1499,#1500));
#246=EDGE_LOOP('',(#1501,#1502,#1503,#1504));
#247=EDGE_LOOP('',(#1505,#1506,#1507,#1508,#1509,#1510,#1511,#1512,#1513,
#1514,#1515));
#248=EDGE_LOOP('',(#1516));
#249=EDGE_LOOP('',(#1517,#1518,#1519,#1520));
#250=EDGE_LOOP('',(#1521,#1522,#1523,#1524));
#251=EDGE_LOOP('',(#1525,#1526,#1527,#1528));
#252=EDGE_LOOP('',(#1529,#1530,#1531,#1532));
#253=EDGE_LOOP('',(#1533,#1534,#1535,#1536));
#254=EDGE_LOOP('',(#1537));
#255=EDGE_LOOP('',(#1538,#1539,#1540,#1541));
#256=EDGE_LOOP('',(#1542));
#257=EDGE_LOOP('',(#1543,#1544,#1545,#1546));
#258=EDGE_LOOP('',(#1547,#1548,#1549,#1550));
#259=EDGE_LOOP('',(#1551,#1552,#1553,#1554));
#260=EDGE_LOOP('',(#1555,#1556,#1557,#1558));
#261=EDGE_LOOP('',(#1559,#1560,#1561,#1562));
#262=EDGE_LOOP('',(#1563,#1564,#1565,#1566));
#263=EDGE_LOOP('',(#1567));
#264=EDGE_LOOP('',(#1568));
#265=EDGE_LOOP('',(#1569,#1570,#1571,#1572));
#266=EDGE_LOOP('',(#1573,#1574,#1575,#1576));
#267=EDGE_LOOP('',(#1577));
#268=EDGE_LOOP('',(#1578,#1579,#1580,#1581));
#269=EDGE_LOOP('',(#1582));
#270=EDGE_LOOP('',(#1583,#1584,#1585,#1586));
#271=EDGE_LOOP('',(#1587));
#272=EDGE_LOOP('',(#1588,#1589,#1590,#1591));
#273=EDGE_LOOP('',(#1592));
#274=EDGE_LOOP('',(#1593,#1594,#1595,#1596));
#275=EDGE_LOOP('',(#1597,#1598,#1599,#1600));
#276=EDGE_LOOP('',(#1601,#1602,#1603,#1604));
#277=EDGE_LOOP('',(#1605,#1606,#1607,#1608));
#278=EDGE_LOOP('',(#1609,#1610,#1611,#1612));
#279=EDGE_LOOP('',(#1613,#1614,#1615,#1616));
#280=EDGE_LOOP('',(#1617,#1618,#1619,#1620));
#281=EDGE_LOOP('',(#1621,#1622,#1623,#1624,#1625,#1626,#1627,#1628,#1629,
#1630,#1631,#1632,#1633,#1634,#1635,#1636,#1637,#1638,#1639,#1640,#1641,
#1642));
#282=EDGE_LOOP('',(#1643,#1644,#1645,#1646,#1647,#1648,#1649,#1650,#1651,
#1652,#1653,#1654,#1655,#1656,#1657,#1658,#1659,#1660,#1661,#1662,#1663,
#1664,#1665,#1666,#1667,#1668,#1669,#1670));
#283=EDGE_LOOP('',(#1671,#1672,#1673,#1674));
#284=EDGE_LOOP('',(#1675,#1676,#1677,#1678));
#285=EDGE_LOOP('',(#1679,#1680,#1681,#1682));
#286=EDGE_LOOP('',(#1683,#1684,#1685,#1686));
#287=EDGE_LOOP('',(#1687,#1688,#1689,#1690));
#288=EDGE_LOOP('',(#1691,#1692,#1693,#1694));
#289=EDGE_LOOP('',(#1695,#1696,#1697,#1698));
#290=EDGE_LOOP('',(#1699,#1700,#1701,#1702,#1703,#1704,#1705,#1706,#1707,
#1708,#1709,#1710,#1711,#1712,#1713,#1714,#1715,#1716,#1717,#1718,#1719,
#1720,#1721));
#291=EDGE_LOOP('',(#1722,#1723,#1724,#1725));
#292=EDGE_LOOP('',(#1726,#1727,#1728,#1729));
#293=EDGE_LOOP('',(#1730,#1731,#1732,#1733));
#294=EDGE_LOOP('',(#1734,#1735,#1736,#1737));
#295=EDGE_LOOP('',(#1738,#1739,#1740,#1741));
#296=EDGE_LOOP('',(#1742,#1743,#1744,#1745));
#297=EDGE_LOOP('',(#1746,#1747,#1748,#1749));
#298=EDGE_LOOP('',(#1750,#1751,#1752,#1753));
#299=EDGE_LOOP('',(#1754,#1755,#1756,#1757,#1758,#1759,#1760));
#300=EDGE_LOOP('',(#1761));
#301=EDGE_LOOP('',(#1762,#1763,#1764,#1765));
#302=EDGE_LOOP('',(#1766,#1767,#1768,#1769));
#303=EDGE_LOOP('',(#1770,#1771,#1772,#1773));
#304=EDGE_LOOP('',(#1774,#1775,#1776,#1777));
#305=EDGE_LOOP('',(#1778,#1779,#1780,#1781));
#306=EDGE_LOOP('',(#1782,#1783,#1784,#1785));
#307=EDGE_LOOP('',(#1786,#1787,#1788,#1789));
#308=EDGE_LOOP('',(#1790,#1791,#1792,#1793));
#309=EDGE_LOOP('',(#1794,#1795,#1796,#1797));
#310=EDGE_LOOP('',(#1798,#1799,#1800,#1801,#1802,#1803,#1804,#1805,#1806,
#1807,#1808,#1809,#1810,#1811,#1812,#1813,#1814,#1815,#1816,#1817,#1818,
#1819,#1820,#1821));
#311=EDGE_LOOP('',(#1822,#1823,#1824,#1825));
#312=EDGE_LOOP('',(#1826,#1827,#1828,#1829));
#313=EDGE_LOOP('',(#1830,#1831,#1832,#1833));
#314=EDGE_LOOP('',(#1834,#1835,#1836,#1837));
#315=EDGE_LOOP('',(#1838,#1839,#1840,#1841));
#316=EDGE_LOOP('',(#1842,#1843,#1844,#1845));
#317=EDGE_LOOP('',(#1846,#1847,#1848,#1849));
#318=EDGE_LOOP('',(#1850,#1851,#1852,#1853,#1854,#1855,#1856));
#319=EDGE_LOOP('',(#1857));
#320=EDGE_LOOP('',(#1858,#1859,#1860,#1861));
#321=EDGE_LOOP('',(#1862,#1863,#1864,#1865));
#322=EDGE_LOOP('',(#1866,#1867,#1868,#1869));
#323=EDGE_LOOP('',(#1870,#1871,#1872,#1873));
#324=EDGE_LOOP('',(#1874,#1875,#1876,#1877));
#325=EDGE_LOOP('',(#1878,#1879,#1880,#1881));
#326=EDGE_LOOP('',(#1882,#1883,#1884,#1885));
#327=EDGE_LOOP('',(#1886,#1887,#1888,#1889));
#328=EDGE_LOOP('',(#1890,#1891,#1892,#1893));
#329=EDGE_LOOP('',(#1894,#1895,#1896,#1897));
#330=EDGE_LOOP('',(#1898,#1899,#1900,#1901));
#331=EDGE_LOOP('',(#1902,#1903,#1904,#1905));
#332=EDGE_LOOP('',(#1906,#1907,#1908,#1909));
#333=EDGE_LOOP('',(#1910,#1911,#1912,#1913));
#334=EDGE_LOOP('',(#1914,#1915,#1916,#1917));
#335=EDGE_LOOP('',(#1918,#1919,#1920,#1921));
#336=EDGE_LOOP('',(#1922,#1923,#1924,#1925,#1926,#1927,#1928));
#337=EDGE_LOOP('',(#1929));
#338=EDGE_LOOP('',(#1930,#1931,#1932,#1933,#1934,#1935,#1936,#1937));
#339=EDGE_LOOP('',(#1938,#1939,#1940,#1941));
#340=EDGE_LOOP('',(#1942,#1943,#1944,#1945));
#341=EDGE_LOOP('',(#1946,#1947,#1948,#1949));
#342=EDGE_LOOP('',(#1950,#1951,#1952,#1953));
#343=EDGE_LOOP('',(#1954,#1955,#1956,#1957));
#344=EDGE_LOOP('',(#1958,#1959,#1960,#1961));
#345=EDGE_LOOP('',(#1962,#1963,#1964,#1965));
#346=EDGE_LOOP('',(#1966,#1967,#1968,#1969));
#347=EDGE_LOOP('',(#1970,#1971,#1972,#1973,#1974,#1975,#1976,#1977,#1978,
#1979,#1980,#1981,#1982,#1983,#1984,#1985,#1986,#1987,#1988,#1989));
#348=EDGE_LOOP('',(#1990,#1991,#1992,#1993,#1994,#1995,#1996,#1997,#1998,
#1999,#2000,#2001,#2002,#2003,#2004,#2005,#2006,#2007,#2008,#2009));
#349=EDGE_LOOP('',(#2010,#2011,#2012,#2013,#2014,#2015,#2016,#2017,#2018,
#2019,#2020,#2021,#2022,#2023,#2024,#2025,#2026,#2027,#2028,#2029,#2030,
#2031,#2032,#2033));
#350=EDGE_LOOP('',(#2034,#2035,#2036,#2037));
#351=EDGE_LOOP('',(#2038,#2039,#2040,#2041));
#352=EDGE_LOOP('',(#2042,#2043,#2044,#2045));
#353=LINE('',#2839,#640);
#354=LINE('',#2842,#641);
#355=LINE('',#2845,#642);
#356=LINE('',#2847,#643);
#357=LINE('',#2849,#644);
#358=LINE('',#2851,#645);
#359=LINE('',#2853,#646);
#360=LINE('',#2855,#647);
#361=LINE('',#2857,#648);
#362=LINE('',#2859,#649);
#363=LINE('',#2861,#650);
#364=LINE('',#2863,#651);
#365=LINE('',#2865,#652);
#366=LINE('',#2867,#653);
#367=LINE('',#2869,#654);
#368=LINE('',#2871,#655);
#369=LINE('',#2873,#656);
#370=LINE('',#2875,#657);
#371=LINE('',#2877,#658);
#372=LINE('',#2879,#659);
#373=LINE('',#2881,#660);
#374=LINE('',#2882,#661);
#375=LINE('',#2885,#662);
#376=LINE('',#2886,#663);
#377=LINE('',#2890,#664);
#378=LINE('',#2892,#665);
#379=LINE('',#2894,#666);
#380=LINE('',#2895,#667);
#381=LINE('',#2898,#668);
#382=LINE('',#2900,#669);
#383=LINE('',#2901,#670);
#384=LINE('',#2904,#671);
#385=LINE('',#2906,#672);
#386=LINE('',#2907,#673);
#387=LINE('',#2909,#674);
#388=LINE('',#2913,#675);
#389=LINE('',#2915,#676);
#390=LINE('',#2917,#677);
#391=LINE('',#2918,#678);
#392=LINE('',#2921,#679);
#393=LINE('',#2923,#680);
#394=LINE('',#2924,#681);
#395=LINE('',#2927,#682);
#396=LINE('',#2928,#683);
#397=LINE('',#2931,#684);
#398=LINE('',#2932,#685);
#399=LINE('',#2935,#686);
#400=LINE('',#2937,#687);
#401=LINE('',#2939,#688);
#402=LINE('',#2941,#689);
#403=LINE('',#2943,#690);
#404=LINE('',#2945,#691);
#405=LINE('',#2947,#692);
#406=LINE('',#2948,#693);
#407=LINE('',#2954,#694);
#408=LINE('',#2956,#695);
#409=LINE('',#2958,#696);
#410=LINE('',#2959,#697);
#411=LINE('',#2962,#698);
#412=LINE('',#2964,#699);
#413=LINE('',#2965,#700);
#414=LINE('',#2968,#701);
#415=LINE('',#2970,#702);
#416=LINE('',#2971,#703);
#417=LINE('',#2973,#704);
#418=LINE('',#2974,#705);
#419=LINE('',#2979,#706);
#420=LINE('',#2986,#707);
#421=LINE('',#2992,#708);
#422=LINE('',#2994,#709);
#423=LINE('',#2996,#710);
#424=LINE('',#2997,#711);
#425=LINE('',#3000,#712);
#426=LINE('',#3002,#713);
#427=LINE('',#3003,#714);
#428=LINE('',#3006,#715);
#429=LINE('',#3008,#716);
#430=LINE('',#3009,#717);
#431=LINE('',#3011,#718);
#432=LINE('',#3012,#719);
#433=LINE('',#3015,#720);
#434=LINE('',#3017,#721);
#435=LINE('',#3018,#722);
#436=LINE('',#3021,#723);
#437=LINE('',#3028,#724);
#438=LINE('',#3035,#725);
#439=LINE('',#3042,#726);
#440=LINE('',#3048,#727);
#441=LINE('',#3050,#728);
#442=LINE('',#3052,#729);
#443=LINE('',#3053,#730);
#444=LINE('',#3056,#731);
#445=LINE('',#3058,#732);
#446=LINE('',#3059,#733);
#447=LINE('',#3062,#734);
#448=LINE('',#3064,#735);
#449=LINE('',#3065,#736);
#450=LINE('',#3068,#737);
#451=LINE('',#3070,#738);
#452=LINE('',#3071,#739);
#453=LINE('',#3074,#740);
#454=LINE('',#3076,#741);
#455=LINE('',#3077,#742);
#456=LINE('',#3080,#743);
#457=LINE('',#3082,#744);
#458=LINE('',#3083,#745);
#459=LINE('',#3085,#746);
#460=LINE('',#3086,#747);
#461=LINE('',#3089,#748);
#462=LINE('',#3091,#749);
#463=LINE('',#3093,#750);
#464=LINE('',#3095,#751);
#465=LINE('',#3097,#752);
#466=LINE('',#3099,#753);
#467=LINE('',#3101,#754);
#468=LINE('',#3103,#755);
#469=LINE('',#3105,#756);
#470=LINE('',#3107,#757);
#471=LINE('',#3109,#758);
#472=LINE('',#3111,#759);
#473=LINE('',#3113,#760);
#474=LINE('',#3115,#761);
#475=LINE('',#3117,#762);
#476=LINE('',#3119,#763);
#477=LINE('',#3121,#764);
#478=LINE('',#3123,#765);
#479=LINE('',#3125,#766);
#480=LINE('',#3127,#767);
#481=LINE('',#3128,#768);
#482=LINE('',#3130,#769);
#483=LINE('',#3132,#770);
#484=LINE('',#3134,#771);
#485=LINE('',#3136,#772);
#486=LINE('',#3138,#773);
#487=LINE('',#3140,#774);
#488=LINE('',#3142,#775);
#489=LINE('',#3144,#776);
#490=LINE('',#3146,#777);
#491=LINE('',#3147,#778);
#492=LINE('',#3149,#779);
#493=LINE('',#3151,#780);
#494=LINE('',#3153,#781);
#495=LINE('',#3155,#782);
#496=LINE('',#3157,#783);
#497=LINE('',#3159,#784);
#498=LINE('',#3161,#785);
#499=LINE('',#3162,#786);
#500=LINE('',#3166,#787);
#501=LINE('',#3168,#788);
#502=LINE('',#3170,#789);
#503=LINE('',#3171,#790);
#504=LINE('',#3174,#791);
#505=LINE('',#3176,#792);
#506=LINE('',#3177,#793);
#507=LINE('',#3180,#794);
#508=LINE('',#3182,#795);
#509=LINE('',#3183,#796);
#510=LINE('',#3186,#797);
#511=LINE('',#3188,#798);
#512=LINE('',#3189,#799);
#513=LINE('',#3192,#800);
#514=LINE('',#3194,#801);
#515=LINE('',#3195,#802);
#516=LINE('',#3198,#803);
#517=LINE('',#3200,#804);
#518=LINE('',#3201,#805);
#519=LINE('',#3204,#806);
#520=LINE('',#3206,#807);
#521=LINE('',#3207,#808);
#522=LINE('',#3211,#809);
#523=LINE('',#3213,#810);
#524=LINE('',#3215,#811);
#525=LINE('',#3217,#812);
#526=LINE('',#3219,#813);
#527=LINE('',#3221,#814);
#528=LINE('',#3223,#815);
#529=LINE('',#3225,#816);
#530=LINE('',#3227,#817);
#531=LINE('',#3229,#818);
#532=LINE('',#3231,#819);
#533=LINE('',#3233,#820);
#534=LINE('',#3235,#821);
#535=LINE('',#3237,#822);
#536=LINE('',#3239,#823);
#537=LINE('',#3241,#824);
#538=LINE('',#3243,#825);
#539=LINE('',#3245,#826);
#540=LINE('',#3247,#827);
#541=LINE('',#3249,#828);
#542=LINE('',#3251,#829);
#543=LINE('',#3253,#830);
#544=LINE('',#3254,#831);
#545=LINE('',#3257,#832);
#546=LINE('',#3259,#833);
#547=LINE('',#3260,#834);
#548=LINE('',#3263,#835);
#549=LINE('',#3265,#836);
#550=LINE('',#3266,#837);
#551=LINE('',#3269,#838);
#552=LINE('',#3270,#839);
#553=LINE('',#3273,#840);
#554=LINE('',#3274,#841);
#555=LINE('',#3277,#842);
#556=LINE('',#3278,#843);
#557=LINE('',#3281,#844);
#558=LINE('',#3282,#845);
#559=LINE('',#3285,#846);
#560=LINE('',#3286,#847);
#561=LINE('',#3289,#848);
#562=LINE('',#3290,#849);
#563=LINE('',#3293,#850);
#564=LINE('',#3294,#851);
#565=LINE('',#3295,#852);
#566=LINE('',#3298,#853);
#567=LINE('',#3299,#854);
#568=LINE('',#3301,#855);
#569=LINE('',#3302,#856);
#570=LINE('',#3305,#857);
#571=LINE('',#3307,#858);
#572=LINE('',#3308,#859);
#573=LINE('',#3311,#860);
#574=LINE('',#3312,#861);
#575=LINE('',#3315,#862);
#576=LINE('',#3316,#863);
#577=LINE('',#3319,#864);
#578=LINE('',#3320,#865);
#579=LINE('',#3323,#866);
#580=LINE('',#3324,#867);
#581=LINE('',#3327,#868);
#582=LINE('',#3328,#869);
#583=LINE('',#3330,#870);
#584=LINE('',#3333,#871);
#585=LINE('',#3335,#872);
#586=LINE('',#3336,#873);
#587=LINE('',#3337,#874);
#588=LINE('',#3339,#875);
#589=LINE('',#3341,#876);
#590=LINE('',#3343,#877);
#591=LINE('',#3345,#878);
#592=LINE('',#3347,#879);
#593=LINE('',#3349,#880);
#594=LINE('',#3351,#881);
#595=LINE('',#3353,#882);
#596=LINE('',#3355,#883);
#597=LINE('',#3357,#884);
#598=LINE('',#3359,#885);
#599=LINE('',#3361,#886);
#600=LINE('',#3363,#887);
#601=LINE('',#3365,#888);
#602=LINE('',#3367,#889);
#603=LINE('',#3368,#890);
#604=LINE('',#3370,#891);
#605=LINE('',#3372,#892);
#606=LINE('',#3373,#893);
#607=LINE('',#3375,#894);
#608=LINE('',#3377,#895);
#609=LINE('',#3379,#896);
#610=LINE('',#3382,#897);
#611=LINE('',#3384,#898);
#612=LINE('',#3386,#899);
#613=LINE('',#3388,#900);
#614=LINE('',#3389,#901);
#615=LINE('',#3391,#902);
#616=LINE('',#3393,#903);
#617=LINE('',#3395,#904);
#618=LINE('',#3397,#905);
#619=LINE('',#3399,#906);
#620=LINE('',#3402,#907);
#621=LINE('',#3404,#908);
#622=LINE('',#3405,#909);
#623=LINE('',#3407,#910);
#624=LINE('',#3409,#911);
#625=LINE('',#3411,#912);
#626=LINE('',#3413,#913);
#627=LINE('',#3415,#914);
#628=LINE('',#3417,#915);
#629=LINE('',#3420,#916);
#630=LINE('',#3423,#917);
#631=LINE('',#3424,#918);
#632=LINE('',#3426,#919);
#633=LINE('',#3428,#920);
#634=LINE('',#3430,#921);
#635=LINE('',#3432,#922);
#636=LINE('',#3434,#923);
#637=LINE('',#3436,#924);
#638=LINE('',#3439,#925);
#639=LINE('',#3442,#926);
#640=VECTOR('',#2305,10.);
#641=VECTOR('',#2308,10.);
#642=VECTOR('',#2311,10.);
#643=VECTOR('',#2312,10.);
#644=VECTOR('',#2313,10.);
#645=VECTOR('',#2314,10.);
#646=VECTOR('',#2315,10.);
#647=VECTOR('',#2316,10.);
#648=VECTOR('',#2317,10.);
#649=VECTOR('',#2318,10.);
#650=VECTOR('',#2319,10.);
#651=VECTOR('',#2320,10.);
#652=VECTOR('',#2321,10.);
#653=VECTOR('',#2322,10.);
#654=VECTOR('',#2323,10.);
#655=VECTOR('',#2324,10.);
#656=VECTOR('',#2325,10.);
#657=VECTOR('',#2326,10.);
#658=VECTOR('',#2327,10.);
#659=VECTOR('',#2328,10.);
#660=VECTOR('',#2329,10.);
#661=VECTOR('',#2330,10.);
#662=VECTOR('',#2333,10.);
#663=VECTOR('',#2334,10.);
#664=VECTOR('',#2337,10.);
#665=VECTOR('',#2338,10.);
#666=VECTOR('',#2339,10.);
#667=VECTOR('',#2340,10.);
#668=VECTOR('',#2343,10.);
#669=VECTOR('',#2344,10.);
#670=VECTOR('',#2345,10.);
#671=VECTOR('',#2348,10.);
#672=VECTOR('',#2349,10.);
#673=VECTOR('',#2350,10.);
#674=VECTOR('',#2353,10.);
#675=VECTOR('',#2356,10.);
#676=VECTOR('',#2357,10.);
#677=VECTOR('',#2358,10.);
#678=VECTOR('',#2359,10.);
#679=VECTOR('',#2362,10.);
#680=VECTOR('',#2363,10.);
#681=VECTOR('',#2364,10.);
#682=VECTOR('',#2367,10.);
#683=VECTOR('',#2368,10.);
#684=VECTOR('',#2371,10.);
#685=VECTOR('',#2372,10.);
#686=VECTOR('',#2375,10.);
#687=VECTOR('',#2376,10.);
#688=VECTOR('',#2377,10.);
#689=VECTOR('',#2378,10.);
#690=VECTOR('',#2379,10.);
#691=VECTOR('',#2380,10.);
#692=VECTOR('',#2381,10.);
#693=VECTOR('',#2382,10.);
#694=VECTOR('',#2387,10.);
#695=VECTOR('',#2388,10.);
#696=VECTOR('',#2389,10.);
#697=VECTOR('',#2390,10.);
#698=VECTOR('',#2393,10.);
#699=VECTOR('',#2394,10.);
#700=VECTOR('',#2395,10.);
#701=VECTOR('',#2398,10.);
#702=VECTOR('',#2399,10.);
#703=VECTOR('',#2400,10.);
#704=VECTOR('',#2403,10.);
#705=VECTOR('',#2404,10.);
#706=VECTOR('',#2409,1.);
#707=VECTOR('',#2418,1.);
#708=VECTOR('',#2425,10.);
#709=VECTOR('',#2426,10.);
#710=VECTOR('',#2427,10.);
#711=VECTOR('',#2428,10.);
#712=VECTOR('',#2431,10.);
#713=VECTOR('',#2432,10.);
#714=VECTOR('',#2433,10.);
#715=VECTOR('',#2436,10.);
#716=VECTOR('',#2437,10.);
#717=VECTOR('',#2438,10.);
#718=VECTOR('',#2441,10.);
#719=VECTOR('',#2442,10.);
#720=VECTOR('',#2445,10.);
#721=VECTOR('',#2446,10.);
#722=VECTOR('',#2447,10.);
#723=VECTOR('',#2450,0.950000000000002);
#724=VECTOR('',#2459,0.950000000000002);
#725=VECTOR('',#2468,0.950000000000002);
#726=VECTOR('',#2477,0.950000000000002);
#727=VECTOR('',#2484,10.);
#728=VECTOR('',#2485,10.);
#729=VECTOR('',#2486,10.);
#730=VECTOR('',#2487,10.);
#731=VECTOR('',#2490,10.);
#732=VECTOR('',#2491,10.);
#733=VECTOR('',#2492,10.);
#734=VECTOR('',#2495,10.);
#735=VECTOR('',#2496,10.);
#736=VECTOR('',#2497,10.);
#737=VECTOR('',#2500,10.);
#738=VECTOR('',#2501,10.);
#739=VECTOR('',#2502,10.);
#740=VECTOR('',#2505,10.);
#741=VECTOR('',#2506,10.);
#742=VECTOR('',#2507,10.);
#743=VECTOR('',#2510,10.);
#744=VECTOR('',#2511,10.);
#745=VECTOR('',#2512,10.);
#746=VECTOR('',#2515,10.);
#747=VECTOR('',#2516,10.);
#748=VECTOR('',#2519,10.);
#749=VECTOR('',#2520,10.);
#750=VECTOR('',#2521,10.);
#751=VECTOR('',#2522,10.);
#752=VECTOR('',#2523,10.);
#753=VECTOR('',#2524,10.);
#754=VECTOR('',#2525,10.);
#755=VECTOR('',#2526,10.);
#756=VECTOR('',#2527,10.);
#757=VECTOR('',#2528,10.);
#758=VECTOR('',#2529,10.);
#759=VECTOR('',#2530,10.);
#760=VECTOR('',#2531,10.);
#761=VECTOR('',#2532,10.);
#762=VECTOR('',#2533,10.);
#763=VECTOR('',#2534,10.);
#764=VECTOR('',#2535,10.);
#765=VECTOR('',#2536,10.);
#766=VECTOR('',#2537,10.);
#767=VECTOR('',#2538,10.);
#768=VECTOR('',#2539,10.);
#769=VECTOR('',#2542,10.);
#770=VECTOR('',#2543,10.);
#771=VECTOR('',#2544,10.);
#772=VECTOR('',#2545,10.);
#773=VECTOR('',#2546,10.);
#774=VECTOR('',#2547,10.);
#775=VECTOR('',#2548,10.);
#776=VECTOR('',#2549,10.);
#777=VECTOR('',#2550,10.);
#778=VECTOR('',#2551,10.);
#779=VECTOR('',#2552,10.);
#780=VECTOR('',#2553,10.);
#781=VECTOR('',#2554,10.);
#782=VECTOR('',#2555,10.);
#783=VECTOR('',#2556,10.);
#784=VECTOR('',#2557,10.);
#785=VECTOR('',#2558,10.);
#786=VECTOR('',#2559,10.);
#787=VECTOR('',#2562,10.);
#788=VECTOR('',#2563,10.);
#789=VECTOR('',#2564,10.);
#790=VECTOR('',#2565,10.);
#791=VECTOR('',#2568,10.);
#792=VECTOR('',#2569,10.);
#793=VECTOR('',#2570,10.);
#794=VECTOR('',#2573,10.);
#795=VECTOR('',#2574,10.);
#796=VECTOR('',#2575,10.);
#797=VECTOR('',#2578,10.);
#798=VECTOR('',#2579,10.);
#799=VECTOR('',#2580,10.);
#800=VECTOR('',#2583,10.);
#801=VECTOR('',#2584,10.);
#802=VECTOR('',#2585,10.);
#803=VECTOR('',#2588,10.);
#804=VECTOR('',#2589,10.);
#805=VECTOR('',#2590,10.);
#806=VECTOR('',#2593,10.);
#807=VECTOR('',#2594,10.);
#808=VECTOR('',#2595,10.);
#809=VECTOR('',#2598,10.);
#810=VECTOR('',#2599,10.);
#811=VECTOR('',#2600,10.);
#812=VECTOR('',#2601,10.);
#813=VECTOR('',#2602,10.);
#814=VECTOR('',#2603,10.);
#815=VECTOR('',#2604,10.);
#816=VECTOR('',#2605,10.);
#817=VECTOR('',#2606,10.);
#818=VECTOR('',#2607,10.);
#819=VECTOR('',#2608,10.);
#820=VECTOR('',#2609,10.);
#821=VECTOR('',#2610,10.);
#822=VECTOR('',#2611,10.);
#823=VECTOR('',#2612,10.);
#824=VECTOR('',#2613,10.);
#825=VECTOR('',#2614,10.);
#826=VECTOR('',#2615,10.);
#827=VECTOR('',#2616,10.);
#828=VECTOR('',#2617,10.);
#829=VECTOR('',#2618,10.);
#830=VECTOR('',#2619,10.);
#831=VECTOR('',#2620,10.);
#832=VECTOR('',#2623,10.);
#833=VECTOR('',#2624,10.);
#834=VECTOR('',#2625,10.);
#835=VECTOR('',#2628,10.);
#836=VECTOR('',#2629,10.);
#837=VECTOR('',#2630,10.);
#838=VECTOR('',#2633,10.);
#839=VECTOR('',#2634,10.);
#840=VECTOR('',#2637,10.);
#841=VECTOR('',#2638,10.);
#842=VECTOR('',#2641,10.);
#843=VECTOR('',#2642,10.);
#844=VECTOR('',#2645,10.);
#845=VECTOR('',#2646,10.);
#846=VECTOR('',#2649,10.);
#847=VECTOR('',#2650,10.);
#848=VECTOR('',#2653,10.);
#849=VECTOR('',#2654,10.);
#850=VECTOR('',#2657,10.);
#851=VECTOR('',#2658,10.);
#852=VECTOR('',#2659,10.);
#853=VECTOR('',#2662,10.);
#854=VECTOR('',#2663,10.);
#855=VECTOR('',#2666,10.);
#856=VECTOR('',#2667,10.);
#857=VECTOR('',#2670,10.);
#858=VECTOR('',#2671,10.);
#859=VECTOR('',#2672,10.);
#860=VECTOR('',#2675,10.);
#861=VECTOR('',#2676,10.);
#862=VECTOR('',#2679,10.);
#863=VECTOR('',#2680,10.);
#864=VECTOR('',#2683,10.);
#865=VECTOR('',#2684,10.);
#866=VECTOR('',#2687,10.);
#867=VECTOR('',#2688,10.);
#868=VECTOR('',#2691,10.);
#869=VECTOR('',#2692,10.);
#870=VECTOR('',#2695,10.);
#871=VECTOR('',#2698,10.);
#872=VECTOR('',#2699,10.);
#873=VECTOR('',#2700,10.);
#874=VECTOR('',#2701,10.);
#875=VECTOR('',#2702,10.);
#876=VECTOR('',#2703,10.);
#877=VECTOR('',#2704,10.);
#878=VECTOR('',#2705,10.);
#879=VECTOR('',#2706,10.);
#880=VECTOR('',#2707,10.);
#881=VECTOR('',#2708,10.);
#882=VECTOR('',#2709,10.);
#883=VECTOR('',#2710,10.);
#884=VECTOR('',#2711,10.);
#885=VECTOR('',#2712,10.);
#886=VECTOR('',#2713,10.);
#887=VECTOR('',#2714,10.);
#888=VECTOR('',#2715,10.);
#889=VECTOR('',#2716,10.);
#890=VECTOR('',#2717,10.);
#891=VECTOR('',#2720,10.);
#892=VECTOR('',#2723,10.);
#893=VECTOR('',#2724,10.);
#894=VECTOR('',#2727,10.);
#895=VECTOR('',#2730,10.);
#896=VECTOR('',#2733,10.);
#897=VECTOR('',#2738,10.);
#898=VECTOR('',#2741,10.);
#899=VECTOR('',#2744,10.);
#900=VECTOR('',#2747,10.);
#901=VECTOR('',#2748,10.);
#902=VECTOR('',#2751,10.);
#903=VECTOR('',#2754,10.);
#904=VECTOR('',#2757,10.);
#905=VECTOR('',#2760,10.);
#906=VECTOR('',#2763,10.);
#907=VECTOR('',#2768,10.);
#908=VECTOR('',#2771,10.);
#909=VECTOR('',#2772,10.);
#910=VECTOR('',#2775,10.);
#911=VECTOR('',#2778,10.);
#912=VECTOR('',#2781,10.);
#913=VECTOR('',#2784,10.);
#914=VECTOR('',#2787,10.);
#915=VECTOR('',#2790,10.);
#916=VECTOR('',#2795,10.);
#917=VECTOR('',#2798,10.);
#918=VECTOR('',#2799,10.);
#919=VECTOR('',#2802,10.);
#920=VECTOR('',#2805,10.);
#921=VECTOR('',#2808,10.);
#922=VECTOR('',#2811,10.);
#923=VECTOR('',#2814,10.);
#924=VECTOR('',#2817,10.);
#925=VECTOR('',#2822,10.);
#926=VECTOR('',#2827,10.);
#927=CIRCLE('',#2176,2.);
#928=CIRCLE('',#2177,2.);
#929=CIRCLE('',#2189,0.950000000000002);
#930=CIRCLE('',#2195,1.);
#931=CIRCLE('',#2196,1.);
#932=CIRCLE('',#2199,1.);
#933=CIRCLE('',#2200,1.);
#934=CIRCLE('',#2208,0.950000000000002);
#935=CIRCLE('',#2211,0.950000000000002);
#936=CIRCLE('',#2212,0.950000000000002);
#937=CIRCLE('',#2215,0.950000000000002);
#938=CIRCLE('',#2216,0.950000000000002);
#939=CIRCLE('',#2219,0.950000000000002);
#940=CIRCLE('',#2220,0.950000000000002);
#941=VERTEX_POINT('',#2835);
#942=VERTEX_POINT('',#2836);
#943=VERTEX_POINT('',#2838);
#944=VERTEX_POINT('',#2840);
#945=VERTEX_POINT('',#2844);
#946=VERTEX_POINT('',#2846);
#947=VERTEX_POINT('',#2848);
#948=VERTEX_POINT('',#2850);
#949=VERTEX_POINT('',#2852);
#950=VERTEX_POINT('',#2854);
#951=VERTEX_POINT('',#2856);
#952=VERTEX_POINT('',#2858);
#953=VERTEX_POINT('',#2860);
#954=VERTEX_POINT('',#2862);
#955=VERTEX_POINT('',#2864);
#956=VERTEX_POINT('',#2866);
#957=VERTEX_POINT('',#2868);
#958=VERTEX_POINT('',#2870);
#959=VERTEX_POINT('',#2872);
#960=VERTEX_POINT('',#2874);
#961=VERTEX_POINT('',#2876);
#962=VERTEX_POINT('',#2878);
#963=VERTEX_POINT('',#2880);
#964=VERTEX_POINT('',#2884);
#965=VERTEX_POINT('',#2888);
#966=VERTEX_POINT('',#2889);
#967=VERTEX_POINT('',#2891);
#968=VERTEX_POINT('',#2893);
#969=VERTEX_POINT('',#2897);
#970=VERTEX_POINT('',#2899);
#971=VERTEX_POINT('',#2903);
#972=VERTEX_POINT('',#2905);
#973=VERTEX_POINT('',#2911);
#974=VERTEX_POINT('',#2912);
#975=VERTEX_POINT('',#2914);
#976=VERTEX_POINT('',#2916);
#977=VERTEX_POINT('',#2920);
#978=VERTEX_POINT('',#2922);
#979=VERTEX_POINT('',#2926);
#980=VERTEX_POINT('',#2930);
#981=VERTEX_POINT('',#2934);
#982=VERTEX_POINT('',#2936);
#983=VERTEX_POINT('',#2938);
#984=VERTEX_POINT('',#2940);
#985=VERTEX_POINT('',#2942);
#986=VERTEX_POINT('',#2944);
#987=VERTEX_POINT('',#2946);
#988=VERTEX_POINT('',#2949);
#989=VERTEX_POINT('',#2952);
#990=VERTEX_POINT('',#2953);
#991=VERTEX_POINT('',#2955);
#992=VERTEX_POINT('',#2957);
#993=VERTEX_POINT('',#2961);
#994=VERTEX_POINT('',#2963);
#995=VERTEX_POINT('',#2967);
#996=VERTEX_POINT('',#2969);
#997=VERTEX_POINT('',#2976);
#998=VERTEX_POINT('',#2978);
#999=VERTEX_POINT('',#2983);
#1000=VERTEX_POINT('',#2985);
#1001=VERTEX_POINT('',#2990);
#1002=VERTEX_POINT('',#2991);
#1003=VERTEX_POINT('',#2993);
#1004=VERTEX_POINT('',#2995);
#1005=VERTEX_POINT('',#2999);
#1006=VERTEX_POINT('',#3001);
#1007=VERTEX_POINT('',#3005);
#1008=VERTEX_POINT('',#3007);
#1009=VERTEX_POINT('',#3014);
#1010=VERTEX_POINT('',#3016);
#1011=VERTEX_POINT('',#3020);
#1012=VERTEX_POINT('',#3025);
#1013=VERTEX_POINT('',#3027);
#1014=VERTEX_POINT('',#3032);
#1015=VERTEX_POINT('',#3034);
#1016=VERTEX_POINT('',#3039);
#1017=VERTEX_POINT('',#3041);
#1018=VERTEX_POINT('',#3046);
#1019=VERTEX_POINT('',#3047);
#1020=VERTEX_POINT('',#3049);
#1021=VERTEX_POINT('',#3051);
#1022=VERTEX_POINT('',#3055);
#1023=VERTEX_POINT('',#3057);
#1024=VERTEX_POINT('',#3061);
#1025=VERTEX_POINT('',#3063);
#1026=VERTEX_POINT('',#3067);
#1027=VERTEX_POINT('',#3069);
#1028=VERTEX_POINT('',#3073);
#1029=VERTEX_POINT('',#3075);
#1030=VERTEX_POINT('',#3079);
#1031=VERTEX_POINT('',#3081);
#1032=VERTEX_POINT('',#3088);
#1033=VERTEX_POINT('',#3090);
#1034=VERTEX_POINT('',#3092);
#1035=VERTEX_POINT('',#3094);
#1036=VERTEX_POINT('',#3096);
#1037=VERTEX_POINT('',#3098);
#1038=VERTEX_POINT('',#3100);
#1039=VERTEX_POINT('',#3102);
#1040=VERTEX_POINT('',#3104);
#1041=VERTEX_POINT('',#3106);
#1042=VERTEX_POINT('',#3108);
#1043=VERTEX_POINT('',#3110);
#1044=VERTEX_POINT('',#3112);
#1045=VERTEX_POINT('',#3114);
#1046=VERTEX_POINT('',#3116);
#1047=VERTEX_POINT('',#3118);
#1048=VERTEX_POINT('',#3120);
#1049=VERTEX_POINT('',#3122);
#1050=VERTEX_POINT('',#3124);
#1051=VERTEX_POINT('',#3126);
#1052=VERTEX_POINT('',#3131);
#1053=VERTEX_POINT('',#3133);
#1054=VERTEX_POINT('',#3135);
#1055=VERTEX_POINT('',#3137);
#1056=VERTEX_POINT('',#3139);
#1057=VERTEX_POINT('',#3141);
#1058=VERTEX_POINT('',#3143);
#1059=VERTEX_POINT('',#3145);
#1060=VERTEX_POINT('',#3148);
#1061=VERTEX_POINT('',#3150);
#1062=VERTEX_POINT('',#3152);
#1063=VERTEX_POINT('',#3154);
#1064=VERTEX_POINT('',#3156);
#1065=VERTEX_POINT('',#3158);
#1066=VERTEX_POINT('',#3160);
#1067=VERTEX_POINT('',#3164);
#1068=VERTEX_POINT('',#3165);
#1069=VERTEX_POINT('',#3167);
#1070=VERTEX_POINT('',#3169);
#1071=VERTEX_POINT('',#3173);
#1072=VERTEX_POINT('',#3175);
#1073=VERTEX_POINT('',#3179);
#1074=VERTEX_POINT('',#3181);
#1075=VERTEX_POINT('',#3185);
#1076=VERTEX_POINT('',#3187);
#1077=VERTEX_POINT('',#3191);
#1078=VERTEX_POINT('',#3193);
#1079=VERTEX_POINT('',#3197);
#1080=VERTEX_POINT('',#3199);
#1081=VERTEX_POINT('',#3203);
#1082=VERTEX_POINT('',#3205);
#1083=VERTEX_POINT('',#3209);
#1084=VERTEX_POINT('',#3210);
#1085=VERTEX_POINT('',#3212);
#1086=VERTEX_POINT('',#3214);
#1087=VERTEX_POINT('',#3216);
#1088=VERTEX_POINT('',#3218);
#1089=VERTEX_POINT('',#3220);
#1090=VERTEX_POINT('',#3222);
#1091=VERTEX_POINT('',#3224);
#1092=VERTEX_POINT('',#3226);
#1093=VERTEX_POINT('',#3228);
#1094=VERTEX_POINT('',#3230);
#1095=VERTEX_POINT('',#3232);
#1096=VERTEX_POINT('',#3234);
#1097=VERTEX_POINT('',#3236);
#1098=VERTEX_POINT('',#3238);
#1099=VERTEX_POINT('',#3240);
#1100=VERTEX_POINT('',#3242);
#1101=VERTEX_POINT('',#3244);
#1102=VERTEX_POINT('',#3246);
#1103=VERTEX_POINT('',#3248);
#1104=VERTEX_POINT('',#3250);
#1105=VERTEX_POINT('',#3252);
#1106=VERTEX_POINT('',#3256);
#1107=VERTEX_POINT('',#3258);
#1108=VERTEX_POINT('',#3262);
#1109=VERTEX_POINT('',#3264);
#1110=VERTEX_POINT('',#3268);
#1111=VERTEX_POINT('',#3272);
#1112=VERTEX_POINT('',#3276);
#1113=VERTEX_POINT('',#3280);
#1114=VERTEX_POINT('',#3284);
#1115=VERTEX_POINT('',#3288);
#1116=VERTEX_POINT('',#3292);
#1117=VERTEX_POINT('',#3297);
#1118=VERTEX_POINT('',#3304);
#1119=VERTEX_POINT('',#3306);
#1120=VERTEX_POINT('',#3310);
#1121=VERTEX_POINT('',#3314);
#1122=VERTEX_POINT('',#3318);
#1123=VERTEX_POINT('',#3322);
#1124=VERTEX_POINT('',#3326);
#1125=VERTEX_POINT('',#3332);
#1126=VERTEX_POINT('',#3334);
#1127=VERTEX_POINT('',#3338);
#1128=VERTEX_POINT('',#3340);
#1129=VERTEX_POINT('',#3342);
#1130=VERTEX_POINT('',#3344);
#1131=VERTEX_POINT('',#3346);
#1132=VERTEX_POINT('',#3348);
#1133=VERTEX_POINT('',#3350);
#1134=VERTEX_POINT('',#3352);
#1135=VERTEX_POINT('',#3354);
#1136=VERTEX_POINT('',#3356);
#1137=VERTEX_POINT('',#3358);
#1138=VERTEX_POINT('',#3360);
#1139=VERTEX_POINT('',#3362);
#1140=VERTEX_POINT('',#3364);
#1141=VERTEX_POINT('',#3366);
#1142=VERTEX_POINT('',#3422);
#1143=EDGE_CURVE('',#941,#942,#927,.T.);
#1144=EDGE_CURVE('',#943,#941,#353,.T.);
#1145=EDGE_CURVE('',#944,#943,#928,.T.);
#1146=EDGE_CURVE('',#942,#944,#354,.T.);
#1147=EDGE_CURVE('',#942,#945,#355,.T.);
#1148=EDGE_CURVE('',#945,#946,#356,.T.);
#1149=EDGE_CURVE('',#946,#947,#357,.T.);
#1150=EDGE_CURVE('',#947,#948,#358,.T.);
#1151=EDGE_CURVE('',#948,#949,#359,.T.);
#1152=EDGE_CURVE('',#949,#950,#360,.T.);
#1153=EDGE_CURVE('',#951,#950,#361,.T.);
#1154=EDGE_CURVE('',#951,#952,#362,.T.);
#1155=EDGE_CURVE('',#952,#953,#363,.T.);
#1156=EDGE_CURVE('',#953,#954,#364,.T.);
#1157=EDGE_CURVE('',#954,#955,#365,.T.);
#1158=EDGE_CURVE('',#955,#956,#366,.T.);
#1159=EDGE_CURVE('',#956,#957,#367,.T.);
#1160=EDGE_CURVE('',#957,#958,#368,.T.);
#1161=EDGE_CURVE('',#958,#959,#369,.T.);
#1162=EDGE_CURVE('',#959,#960,#370,.F.);
#1163=EDGE_CURVE('',#960,#961,#371,.T.);
#1164=EDGE_CURVE('',#961,#962,#372,.T.);
#1165=EDGE_CURVE('',#962,#963,#373,.T.);
#1166=EDGE_CURVE('',#963,#941,#374,.T.);
#1167=EDGE_CURVE('',#944,#964,#375,.T.);
#1168=EDGE_CURVE('',#964,#945,#376,.T.);
#1169=EDGE_CURVE('',#965,#966,#377,.T.);
#1170=EDGE_CURVE('',#965,#967,#378,.T.);
#1171=EDGE_CURVE('',#967,#968,#379,.T.);
#1172=EDGE_CURVE('',#966,#968,#380,.T.);
#1173=EDGE_CURVE('',#969,#965,#381,.T.);
#1174=EDGE_CURVE('',#969,#970,#382,.T.);
#1175=EDGE_CURVE('',#970,#967,#383,.T.);
#1176=EDGE_CURVE('',#971,#969,#384,.T.);
#1177=EDGE_CURVE('',#972,#971,#385,.T.);
#1178=EDGE_CURVE('',#972,#970,#386,.T.);
#1179=EDGE_CURVE('',#968,#972,#387,.T.);
#1180=EDGE_CURVE('',#973,#974,#388,.T.);
#1181=EDGE_CURVE('',#973,#975,#389,.T.);
#1182=EDGE_CURVE('',#975,#976,#390,.T.);
#1183=EDGE_CURVE('',#974,#976,#391,.T.);
#1184=EDGE_CURVE('',#976,#977,#392,.T.);
#1185=EDGE_CURVE('',#978,#975,#393,.T.);
#1186=EDGE_CURVE('',#977,#978,#394,.T.);
#1187=EDGE_CURVE('',#979,#973,#395,.T.);
#1188=EDGE_CURVE('',#979,#978,#396,.T.);
#1189=EDGE_CURVE('',#980,#979,#397,.T.);
#1190=EDGE_CURVE('',#977,#980,#398,.T.);
#1191=EDGE_CURVE('',#981,#966,#399,.T.);
#1192=EDGE_CURVE('',#982,#981,#400,.T.);
#1193=EDGE_CURVE('',#982,#983,#401,.T.);
#1194=EDGE_CURVE('',#983,#984,#402,.T.);
#1195=EDGE_CURVE('',#984,#985,#403,.T.);
#1196=EDGE_CURVE('',#985,#986,#404,.T.);
#1197=EDGE_CURVE('',#987,#986,#405,.T.);
#1198=EDGE_CURVE('',#971,#987,#406,.T.);
#1199=EDGE_CURVE('',#988,#988,#929,.T.);
#1200=EDGE_CURVE('',#989,#990,#407,.T.);
#1201=EDGE_CURVE('',#989,#991,#408,.T.);
#1202=EDGE_CURVE('',#992,#991,#409,.T.);
#1203=EDGE_CURVE('',#990,#992,#410,.F.);
#1204=EDGE_CURVE('',#993,#989,#411,.T.);
#1205=EDGE_CURVE('',#993,#994,#412,.F.);
#1206=EDGE_CURVE('',#991,#994,#413,.F.);
#1207=EDGE_CURVE('',#995,#993,#414,.T.);
#1208=EDGE_CURVE('',#995,#996,#415,.T.);
#1209=EDGE_CURVE('',#994,#996,#416,.T.);
#1210=EDGE_CURVE('',#990,#995,#417,.T.);
#1211=EDGE_CURVE('',#996,#992,#418,.F.);
#1212=EDGE_CURVE('',#997,#997,#930,.T.);
#1213=EDGE_CURVE('',#997,#998,#419,.T.);
#1214=EDGE_CURVE('',#998,#998,#931,.T.);
#1215=EDGE_CURVE('',#999,#999,#932,.T.);
#1216=EDGE_CURVE('',#999,#1000,#420,.T.);
#1217=EDGE_CURVE('',#1000,#1000,#933,.T.);
#1218=EDGE_CURVE('',#1001,#1002,#421,.T.);
#1219=EDGE_CURVE('',#1003,#1001,#422,.T.);
#1220=EDGE_CURVE('',#1004,#1003,#423,.T.);
#1221=EDGE_CURVE('',#1004,#1002,#424,.T.);
#1222=EDGE_CURVE('',#1002,#1005,#425,.T.);
#1223=EDGE_CURVE('',#1006,#1004,#426,.T.);
#1224=EDGE_CURVE('',#1006,#1005,#427,.T.);
#1225=EDGE_CURVE('',#1005,#1007,#428,.T.);
#1226=EDGE_CURVE('',#1008,#1006,#429,.T.);
#1227=EDGE_CURVE('',#1008,#1007,#430,.T.);
#1228=EDGE_CURVE('',#1007,#1001,#431,.T.);
#1229=EDGE_CURVE('',#1003,#1008,#432,.T.);
#1230=EDGE_CURVE('',#1009,#960,#433,.T.);
#1231=EDGE_CURVE('',#1010,#1009,#434,.T.);
#1232=EDGE_CURVE('',#961,#1010,#435,.T.);
#1233=EDGE_CURVE('',#988,#1011,#436,.T.);
#1234=EDGE_CURVE('',#1011,#1011,#934,.T.);
#1235=EDGE_CURVE('',#1012,#1012,#935,.T.);
#1236=EDGE_CURVE('',#1012,#1013,#437,.T.);
#1237=EDGE_CURVE('',#1013,#1013,#936,.T.);
#1238=EDGE_CURVE('',#1014,#1014,#937,.T.);
#1239=EDGE_CURVE('',#1014,#1015,#438,.T.);
#1240=EDGE_CURVE('',#1015,#1015,#938,.T.);
#1241=EDGE_CURVE('',#1016,#1016,#939,.T.);
#1242=EDGE_CURVE('',#1016,#1017,#439,.T.);
#1243=EDGE_CURVE('',#1017,#1017,#940,.T.);
#1244=EDGE_CURVE('',#1018,#1019,#440,.T.);
#1245=EDGE_CURVE('',#1020,#1019,#441,.T.);
#1246=EDGE_CURVE('',#1021,#1020,#442,.T.);
#1247=EDGE_CURVE('',#1018,#1021,#443,.T.);
#1248=EDGE_CURVE('',#1022,#1018,#444,.T.);
#1249=EDGE_CURVE('',#1023,#1021,#445,.T.);
#1250=EDGE_CURVE('',#1022,#1023,#446,.T.);
#1251=EDGE_CURVE('',#1024,#1022,#447,.T.);
#1252=EDGE_CURVE('',#1025,#1023,#448,.T.);
#1253=EDGE_CURVE('',#1024,#1025,#449,.T.);
#1254=EDGE_CURVE('',#1026,#1024,#450,.T.);
#1255=EDGE_CURVE('',#1027,#1025,#451,.T.);
#1256=EDGE_CURVE('',#1026,#1027,#452,.T.);
#1257=EDGE_CURVE('',#1028,#1026,#453,.T.);
#1258=EDGE_CURVE('',#1029,#1027,#454,.T.);
#1259=EDGE_CURVE('',#1028,#1029,#455,.T.);
#1260=EDGE_CURVE('',#1030,#1028,#456,.T.);
#1261=EDGE_CURVE('',#1031,#1029,#457,.T.);
#1262=EDGE_CURVE('',#1030,#1031,#458,.T.);
#1263=EDGE_CURVE('',#985,#1030,#459,.T.);
#1264=EDGE_CURVE('',#986,#1031,#460,.T.);
#1265=EDGE_CURVE('',#1032,#983,#461,.T.);
#1266=EDGE_CURVE('',#1033,#982,#462,.T.);
#1267=EDGE_CURVE('',#1034,#1033,#463,.T.);
#1268=EDGE_CURVE('',#1035,#1034,#464,.T.);
#1269=EDGE_CURVE('',#1036,#1035,#465,.T.);
#1270=EDGE_CURVE('',#1037,#1036,#466,.T.);
#1271=EDGE_CURVE('',#1038,#1037,#467,.T.);
#1272=EDGE_CURVE('',#1039,#1038,#468,.T.);
#1273=EDGE_CURVE('',#1039,#1040,#469,.T.);
#1274=EDGE_CURVE('',#1041,#1040,#470,.T.);
#1275=EDGE_CURVE('',#1042,#1041,#471,.T.);
#1276=EDGE_CURVE('',#1043,#1042,#472,.T.);
#1277=EDGE_CURVE('',#1044,#1043,#473,.T.);
#1278=EDGE_CURVE('',#1045,#1044,#474,.T.);
#1279=EDGE_CURVE('',#1046,#1045,#475,.T.);
#1280=EDGE_CURVE('',#1047,#1046,#476,.T.);
#1281=EDGE_CURVE('',#1048,#1047,#477,.T.);
#1282=EDGE_CURVE('',#1048,#1049,#478,.T.);
#1283=EDGE_CURVE('',#1049,#1050,#479,.T.);
#1284=EDGE_CURVE('',#1051,#1050,#480,.T.);
#1285=EDGE_CURVE('',#1032,#1051,#481,.T.);
#1286=EDGE_CURVE('',#987,#1009,#482,.T.);
#1287=EDGE_CURVE('',#959,#1052,#483,.T.);
#1288=EDGE_CURVE('',#1052,#1053,#484,.T.);
#1289=EDGE_CURVE('',#1053,#1054,#485,.T.);
#1290=EDGE_CURVE('',#1054,#1055,#486,.T.);
#1291=EDGE_CURVE('',#1055,#1056,#487,.T.);
#1292=EDGE_CURVE('',#1056,#1057,#488,.T.);
#1293=EDGE_CURVE('',#1057,#1058,#489,.T.);
#1294=EDGE_CURVE('',#1058,#1059,#490,.T.);
#1295=EDGE_CURVE('',#974,#1059,#491,.T.);
#1296=EDGE_CURVE('',#1060,#980,#492,.T.);
#1297=EDGE_CURVE('',#1060,#1061,#493,.T.);
#1298=EDGE_CURVE('',#1061,#1062,#494,.T.);
#1299=EDGE_CURVE('',#1062,#1063,#495,.T.);
#1300=EDGE_CURVE('',#1063,#1064,#496,.T.);
#1301=EDGE_CURVE('',#1064,#1065,#497,.T.);
#1302=EDGE_CURVE('',#1065,#1066,#498,.T.);
#1303=EDGE_CURVE('',#1066,#981,#499,.T.);
#1304=EDGE_CURVE('',#1067,#1068,#500,.T.);
#1305=EDGE_CURVE('',#1068,#1069,#501,.T.);
#1306=EDGE_CURVE('',#1070,#1069,#502,.T.);
#1307=EDGE_CURVE('',#1067,#1070,#503,.T.);
#1308=EDGE_CURVE('',#1071,#1067,#504,.T.);
#1309=EDGE_CURVE('',#1072,#1070,#505,.T.);
#1310=EDGE_CURVE('',#1071,#1072,#506,.T.);
#1311=EDGE_CURVE('',#1073,#1071,#507,.T.);
#1312=EDGE_CURVE('',#1074,#1072,#508,.T.);
#1313=EDGE_CURVE('',#1073,#1074,#509,.T.);
#1314=EDGE_CURVE('',#1075,#1073,#510,.T.);
#1315=EDGE_CURVE('',#1076,#1074,#511,.T.);
#1316=EDGE_CURVE('',#1075,#1076,#512,.T.);
#1317=EDGE_CURVE('',#1077,#1075,#513,.T.);
#1318=EDGE_CURVE('',#1078,#1076,#514,.T.);
#1319=EDGE_CURVE('',#1077,#1078,#515,.T.);
#1320=EDGE_CURVE('',#1079,#1077,#516,.T.);
#1321=EDGE_CURVE('',#1080,#1078,#517,.T.);
#1322=EDGE_CURVE('',#1079,#1080,#518,.T.);
#1323=EDGE_CURVE('',#1081,#1079,#519,.T.);
#1324=EDGE_CURVE('',#1082,#1080,#520,.T.);
#1325=EDGE_CURVE('',#1081,#1082,#521,.T.);
#1326=EDGE_CURVE('',#1083,#1084,#522,.T.);
#1327=EDGE_CURVE('',#1083,#1085,#523,.T.);
#1328=EDGE_CURVE('',#1085,#1086,#524,.T.);
#1329=EDGE_CURVE('',#1087,#1086,#525,.T.);
#1330=EDGE_CURVE('',#1088,#1087,#526,.T.);
#1331=EDGE_CURVE('',#1088,#1089,#527,.T.);
#1332=EDGE_CURVE('',#1089,#1090,#528,.T.);
#1333=EDGE_CURVE('',#1091,#1090,#529,.T.);
#1334=EDGE_CURVE('',#1092,#1091,#530,.T.);
#1335=EDGE_CURVE('',#1093,#1092,#531,.T.);
#1336=EDGE_CURVE('',#1094,#1093,#532,.T.);
#1337=EDGE_CURVE('',#1095,#1094,#533,.T.);
#1338=EDGE_CURVE('',#1096,#1095,#534,.T.);
#1339=EDGE_CURVE('',#1097,#1096,#535,.T.);
#1340=EDGE_CURVE('',#1098,#1097,#536,.T.);
#1341=EDGE_CURVE('',#1098,#1099,#537,.T.);
#1342=EDGE_CURVE('',#1100,#1099,#538,.T.);
#1343=EDGE_CURVE('',#1101,#1100,#539,.T.);
#1344=EDGE_CURVE('',#1102,#1101,#540,.T.);
#1345=EDGE_CURVE('',#1103,#1102,#541,.T.);
#1346=EDGE_CURVE('',#1104,#1103,#542,.T.);
#1347=EDGE_CURVE('',#1105,#1104,#543,.T.);
#1348=EDGE_CURVE('',#1084,#1105,#544,.T.);
#1349=EDGE_CURVE('',#1083,#1106,#545,.T.);
#1350=EDGE_CURVE('',#1107,#1106,#546,.T.);
#1351=EDGE_CURVE('',#1085,#1107,#547,.T.);
#1352=EDGE_CURVE('',#1108,#1099,#548,.T.);
#1353=EDGE_CURVE('',#1109,#1108,#549,.T.);
#1354=EDGE_CURVE('',#1100,#1109,#550,.T.);
#1355=EDGE_CURVE('',#1110,#1109,#551,.T.);
#1356=EDGE_CURVE('',#1101,#1110,#552,.T.);
#1357=EDGE_CURVE('',#1111,#1110,#553,.T.);
#1358=EDGE_CURVE('',#1102,#1111,#554,.T.);
#1359=EDGE_CURVE('',#1112,#1111,#555,.T.);
#1360=EDGE_CURVE('',#1103,#1112,#556,.T.);
#1361=EDGE_CURVE('',#1113,#1112,#557,.T.);
#1362=EDGE_CURVE('',#1104,#1113,#558,.T.);
#1363=EDGE_CURVE('',#1114,#1113,#559,.T.);
#1364=EDGE_CURVE('',#1105,#1114,#560,.T.);
#1365=EDGE_CURVE('',#1115,#1114,#561,.T.);
#1366=EDGE_CURVE('',#1084,#1115,#562,.T.);
#1367=EDGE_CURVE('',#1116,#1115,#563,.T.);
#1368=EDGE_CURVE('',#1069,#1116,#564,.T.);
#1369=EDGE_CURVE('',#1068,#1106,#565,.T.);
#1370=EDGE_CURVE('',#1098,#1117,#566,.T.);
#1371=EDGE_CURVE('',#1117,#1108,#567,.T.);
#1372=EDGE_CURVE('',#1081,#1019,#568,.T.);
#1373=EDGE_CURVE('',#1082,#1020,#569,.T.);
#1374=EDGE_CURVE('',#1091,#1118,#570,.T.);
#1375=EDGE_CURVE('',#1119,#1118,#571,.T.);
#1376=EDGE_CURVE('',#1092,#1119,#572,.T.);
#1377=EDGE_CURVE('',#1120,#1119,#573,.T.);
#1378=EDGE_CURVE('',#1093,#1120,#574,.T.);
#1379=EDGE_CURVE('',#1121,#1120,#575,.T.);
#1380=EDGE_CURVE('',#1094,#1121,#576,.T.);
#1381=EDGE_CURVE('',#1122,#1121,#577,.T.);
#1382=EDGE_CURVE('',#1095,#1122,#578,.T.);
#1383=EDGE_CURVE('',#1123,#1122,#579,.T.);
#1384=EDGE_CURVE('',#1096,#1123,#580,.T.);
#1385=EDGE_CURVE('',#1124,#1123,#581,.T.);
#1386=EDGE_CURVE('',#1097,#1124,#582,.T.);
#1387=EDGE_CURVE('',#1117,#1124,#583,.T.);
#1388=EDGE_CURVE('',#1125,#943,#584,.T.);
#1389=EDGE_CURVE('',#1126,#1125,#585,.T.);
#1390=EDGE_CURVE('',#1126,#1088,#586,.T.);
#1391=EDGE_CURVE('',#1050,#1087,#587,.T.);
#1392=EDGE_CURVE('',#1049,#1127,#588,.T.);
#1393=EDGE_CURVE('',#1127,#1128,#589,.T.);
#1394=EDGE_CURVE('',#1129,#1128,#590,.T.);
#1395=EDGE_CURVE('',#1130,#1129,#591,.T.);
#1396=EDGE_CURVE('',#1131,#1130,#592,.T.);
#1397=EDGE_CURVE('',#1132,#1131,#593,.T.);
#1398=EDGE_CURVE('',#1133,#1132,#594,.T.);
#1399=EDGE_CURVE('',#1134,#1133,#595,.T.);
#1400=EDGE_CURVE('',#1135,#1134,#596,.T.);
#1401=EDGE_CURVE('',#1136,#1135,#597,.T.);
#1402=EDGE_CURVE('',#1136,#1137,#598,.T.);
#1403=EDGE_CURVE('',#1138,#1137,#599,.T.);
#1404=EDGE_CURVE('',#1139,#1138,#600,.T.);
#1405=EDGE_CURVE('',#1140,#1139,#601,.T.);
#1406=EDGE_CURVE('',#1141,#1140,#602,.T.);
#1407=EDGE_CURVE('',#964,#1141,#603,.T.);
#1408=EDGE_CURVE('',#1126,#1090,#604,.T.);
#1409=EDGE_CURVE('',#950,#1137,#605,.T.);
#1410=EDGE_CURVE('',#1138,#949,#606,.T.);
#1411=EDGE_CURVE('',#1139,#948,#607,.T.);
#1412=EDGE_CURVE('',#1140,#947,#608,.T.);
#1413=EDGE_CURVE('',#1141,#946,#609,.T.);
#1414=EDGE_CURVE('',#1125,#963,#610,.T.);
#1415=EDGE_CURVE('',#1118,#962,#611,.T.);
#1416=EDGE_CURVE('',#1136,#951,#612,.T.);
#1417=EDGE_CURVE('',#1129,#958,#613,.T.);
#1418=EDGE_CURVE('',#1130,#957,#614,.T.);
#1419=EDGE_CURVE('',#1131,#956,#615,.T.);
#1420=EDGE_CURVE('',#1132,#955,#616,.T.);
#1421=EDGE_CURVE('',#1133,#954,#617,.T.);
#1422=EDGE_CURVE('',#1134,#953,#618,.T.);
#1423=EDGE_CURVE('',#1135,#952,#619,.T.);
#1424=EDGE_CURVE('',#1048,#1128,#620,.T.);
#1425=EDGE_CURVE('',#1059,#1040,#621,.T.);
#1426=EDGE_CURVE('',#1041,#1058,#622,.T.);
#1427=EDGE_CURVE('',#1042,#1057,#623,.T.);
#1428=EDGE_CURVE('',#1043,#1056,#624,.T.);
#1429=EDGE_CURVE('',#1044,#1055,#625,.T.);
#1430=EDGE_CURVE('',#1045,#1054,#626,.T.);
#1431=EDGE_CURVE('',#1046,#1053,#627,.T.);
#1432=EDGE_CURVE('',#1047,#1052,#628,.T.);
#1433=EDGE_CURVE('',#1039,#1060,#629,.T.);
#1434=EDGE_CURVE('',#1142,#1032,#630,.T.);
#1435=EDGE_CURVE('',#984,#1142,#631,.T.);
#1436=EDGE_CURVE('',#1033,#1066,#632,.T.);
#1437=EDGE_CURVE('',#1034,#1065,#633,.T.);
#1438=EDGE_CURVE('',#1035,#1064,#634,.T.);
#1439=EDGE_CURVE('',#1036,#1063,#635,.T.);
#1440=EDGE_CURVE('',#1037,#1062,#636,.T.);
#1441=EDGE_CURVE('',#1038,#1061,#637,.T.);
#1442=EDGE_CURVE('',#1010,#1116,#638,.T.);
#1443=EDGE_CURVE('',#1086,#1051,#639,.T.);
#1444=ORIENTED_EDGE('',*,*,#1143,.F.);
#1445=ORIENTED_EDGE('',*,*,#1144,.F.);
#1446=ORIENTED_EDGE('',*,*,#1145,.F.);
#1447=ORIENTED_EDGE('',*,*,#1146,.F.);
#1448=ORIENTED_EDGE('',*,*,#1143,.T.);
#1449=ORIENTED_EDGE('',*,*,#1147,.T.);
#1450=ORIENTED_EDGE('',*,*,#1148,.T.);
#1451=ORIENTED_EDGE('',*,*,#1149,.T.);
#1452=ORIENTED_EDGE('',*,*,#1150,.T.);
#1453=ORIENTED_EDGE('',*,*,#1151,.T.);
#1454=ORIENTED_EDGE('',*,*,#1152,.T.);
#1455=ORIENTED_EDGE('',*,*,#1153,.F.);
#1456=ORIENTED_EDGE('',*,*,#1154,.T.);
#1457=ORIENTED_EDGE('',*,*,#1155,.T.);
#1458=ORIENTED_EDGE('',*,*,#1156,.T.);
#1459=ORIENTED_EDGE('',*,*,#1157,.T.);
#1460=ORIENTED_EDGE('',*,*,#1158,.T.);
#1461=ORIENTED_EDGE('',*,*,#1159,.T.);
#1462=ORIENTED_EDGE('',*,*,#1160,.T.);
#1463=ORIENTED_EDGE('',*,*,#1161,.T.);
#1464=ORIENTED_EDGE('',*,*,#1162,.T.);
#1465=ORIENTED_EDGE('',*,*,#1163,.T.);
#1466=ORIENTED_EDGE('',*,*,#1164,.T.);
#1467=ORIENTED_EDGE('',*,*,#1165,.T.);
#1468=ORIENTED_EDGE('',*,*,#1166,.T.);
#1469=ORIENTED_EDGE('',*,*,#1146,.T.);
#1470=ORIENTED_EDGE('',*,*,#1167,.T.);
#1471=ORIENTED_EDGE('',*,*,#1168,.T.);
#1472=ORIENTED_EDGE('',*,*,#1147,.F.);
#1473=ORIENTED_EDGE('',*,*,#1169,.F.);
#1474=ORIENTED_EDGE('',*,*,#1170,.T.);
#1475=ORIENTED_EDGE('',*,*,#1171,.T.);
#1476=ORIENTED_EDGE('',*,*,#1172,.F.);
#1477=ORIENTED_EDGE('',*,*,#1173,.F.);
#1478=ORIENTED_EDGE('',*,*,#1174,.T.);
#1479=ORIENTED_EDGE('',*,*,#1175,.T.);
#1480=ORIENTED_EDGE('',*,*,#1170,.F.);
#1481=ORIENTED_EDGE('',*,*,#1176,.F.);
#1482=ORIENTED_EDGE('',*,*,#1177,.F.);
#1483=ORIENTED_EDGE('',*,*,#1178,.T.);
#1484=ORIENTED_EDGE('',*,*,#1174,.F.);
#1485=ORIENTED_EDGE('',*,*,#1178,.F.);
#1486=ORIENTED_EDGE('',*,*,#1179,.F.);
#1487=ORIENTED_EDGE('',*,*,#1171,.F.);
#1488=ORIENTED_EDGE('',*,*,#1175,.F.);
#1489=ORIENTED_EDGE('',*,*,#1180,.F.);
#1490=ORIENTED_EDGE('',*,*,#1181,.T.);
#1491=ORIENTED_EDGE('',*,*,#1182,.T.);
#1492=ORIENTED_EDGE('',*,*,#1183,.F.);
#1493=ORIENTED_EDGE('',*,*,#1184,.F.);
#1494=ORIENTED_EDGE('',*,*,#1182,.F.);
#1495=ORIENTED_EDGE('',*,*,#1185,.F.);
#1496=ORIENTED_EDGE('',*,*,#1186,.F.);
#1497=ORIENTED_EDGE('',*,*,#1187,.F.);
#1498=ORIENTED_EDGE('',*,*,#1188,.T.);
#1499=ORIENTED_EDGE('',*,*,#1185,.T.);
#1500=ORIENTED_EDGE('',*,*,#1181,.F.);
#1501=ORIENTED_EDGE('',*,*,#1189,.F.);
#1502=ORIENTED_EDGE('',*,*,#1190,.F.);
#1503=ORIENTED_EDGE('',*,*,#1186,.T.);
#1504=ORIENTED_EDGE('',*,*,#1188,.F.);
#1505=ORIENTED_EDGE('',*,*,#1176,.T.);
#1506=ORIENTED_EDGE('',*,*,#1173,.T.);
#1507=ORIENTED_EDGE('',*,*,#1169,.T.);
#1508=ORIENTED_EDGE('',*,*,#1191,.F.);
#1509=ORIENTED_EDGE('',*,*,#1192,.F.);
#1510=ORIENTED_EDGE('',*,*,#1193,.T.);
#1511=ORIENTED_EDGE('',*,*,#1194,.T.);
#1512=ORIENTED_EDGE('',*,*,#1195,.T.);
#1513=ORIENTED_EDGE('',*,*,#1196,.T.);
#1514=ORIENTED_EDGE('',*,*,#1197,.F.);
#1515=ORIENTED_EDGE('',*,*,#1198,.F.);
#1516=ORIENTED_EDGE('',*,*,#1199,.T.);
#1517=ORIENTED_EDGE('',*,*,#1200,.F.);
#1518=ORIENTED_EDGE('',*,*,#1201,.T.);
#1519=ORIENTED_EDGE('',*,*,#1202,.F.);
#1520=ORIENTED_EDGE('',*,*,#1203,.F.);
#1521=ORIENTED_EDGE('',*,*,#1204,.F.);
#1522=ORIENTED_EDGE('',*,*,#1205,.T.);
#1523=ORIENTED_EDGE('',*,*,#1206,.F.);
#1524=ORIENTED_EDGE('',*,*,#1201,.F.);
#1525=ORIENTED_EDGE('',*,*,#1207,.F.);
#1526=ORIENTED_EDGE('',*,*,#1208,.T.);
#1527=ORIENTED_EDGE('',*,*,#1209,.F.);
#1528=ORIENTED_EDGE('',*,*,#1205,.F.);
#1529=ORIENTED_EDGE('',*,*,#1210,.F.);
#1530=ORIENTED_EDGE('',*,*,#1203,.T.);
#1531=ORIENTED_EDGE('',*,*,#1211,.F.);
#1532=ORIENTED_EDGE('',*,*,#1208,.F.);
#1533=ORIENTED_EDGE('',*,*,#1212,.F.);
#1534=ORIENTED_EDGE('',*,*,#1213,.T.);
#1535=ORIENTED_EDGE('',*,*,#1214,.T.);
#1536=ORIENTED_EDGE('',*,*,#1213,.F.);
#1537=ORIENTED_EDGE('',*,*,#1214,.F.);
#1538=ORIENTED_EDGE('',*,*,#1215,.F.);
#1539=ORIENTED_EDGE('',*,*,#1216,.T.);
#1540=ORIENTED_EDGE('',*,*,#1217,.T.);
#1541=ORIENTED_EDGE('',*,*,#1216,.F.);
#1542=ORIENTED_EDGE('',*,*,#1217,.F.);
#1543=ORIENTED_EDGE('',*,*,#1218,.F.);
#1544=ORIENTED_EDGE('',*,*,#1219,.F.);
#1545=ORIENTED_EDGE('',*,*,#1220,.F.);
#1546=ORIENTED_EDGE('',*,*,#1221,.T.);
#1547=ORIENTED_EDGE('',*,*,#1222,.F.);
#1548=ORIENTED_EDGE('',*,*,#1221,.F.);
#1549=ORIENTED_EDGE('',*,*,#1223,.F.);
#1550=ORIENTED_EDGE('',*,*,#1224,.T.);
#1551=ORIENTED_EDGE('',*,*,#1225,.F.);
#1552=ORIENTED_EDGE('',*,*,#1224,.F.);
#1553=ORIENTED_EDGE('',*,*,#1226,.F.);
#1554=ORIENTED_EDGE('',*,*,#1227,.T.);
#1555=ORIENTED_EDGE('',*,*,#1228,.F.);
#1556=ORIENTED_EDGE('',*,*,#1227,.F.);
#1557=ORIENTED_EDGE('',*,*,#1229,.F.);
#1558=ORIENTED_EDGE('',*,*,#1219,.T.);
#1559=ORIENTED_EDGE('',*,*,#1230,.F.);
#1560=ORIENTED_EDGE('',*,*,#1231,.F.);
#1561=ORIENTED_EDGE('',*,*,#1232,.F.);
#1562=ORIENTED_EDGE('',*,*,#1163,.F.);
#1563=ORIENTED_EDGE('',*,*,#1202,.T.);
#1564=ORIENTED_EDGE('',*,*,#1206,.T.);
#1565=ORIENTED_EDGE('',*,*,#1209,.T.);
#1566=ORIENTED_EDGE('',*,*,#1211,.T.);
#1567=ORIENTED_EDGE('',*,*,#1212,.T.);
#1568=ORIENTED_EDGE('',*,*,#1215,.T.);
#1569=ORIENTED_EDGE('',*,*,#1225,.T.);
#1570=ORIENTED_EDGE('',*,*,#1228,.T.);
#1571=ORIENTED_EDGE('',*,*,#1218,.T.);
#1572=ORIENTED_EDGE('',*,*,#1222,.T.);
#1573=ORIENTED_EDGE('',*,*,#1199,.F.);
#1574=ORIENTED_EDGE('',*,*,#1233,.T.);
#1575=ORIENTED_EDGE('',*,*,#1234,.T.);
#1576=ORIENTED_EDGE('',*,*,#1233,.F.);
#1577=ORIENTED_EDGE('',*,*,#1234,.F.);
#1578=ORIENTED_EDGE('',*,*,#1235,.F.);
#1579=ORIENTED_EDGE('',*,*,#1236,.T.);
#1580=ORIENTED_EDGE('',*,*,#1237,.T.);
#1581=ORIENTED_EDGE('',*,*,#1236,.F.);
#1582=ORIENTED_EDGE('',*,*,#1237,.F.);
#1583=ORIENTED_EDGE('',*,*,#1238,.F.);
#1584=ORIENTED_EDGE('',*,*,#1239,.T.);
#1585=ORIENTED_EDGE('',*,*,#1240,.T.);
#1586=ORIENTED_EDGE('',*,*,#1239,.F.);
#1587=ORIENTED_EDGE('',*,*,#1240,.F.);
#1588=ORIENTED_EDGE('',*,*,#1241,.F.);
#1589=ORIENTED_EDGE('',*,*,#1242,.T.);
#1590=ORIENTED_EDGE('',*,*,#1243,.T.);
#1591=ORIENTED_EDGE('',*,*,#1242,.F.);
#1592=ORIENTED_EDGE('',*,*,#1243,.F.);
#1593=ORIENTED_EDGE('',*,*,#1244,.T.);
#1594=ORIENTED_EDGE('',*,*,#1245,.F.);
#1595=ORIENTED_EDGE('',*,*,#1246,.F.);
#1596=ORIENTED_EDGE('',*,*,#1247,.F.);
#1597=ORIENTED_EDGE('',*,*,#1248,.T.);
#1598=ORIENTED_EDGE('',*,*,#1247,.T.);
#1599=ORIENTED_EDGE('',*,*,#1249,.F.);
#1600=ORIENTED_EDGE('',*,*,#1250,.F.);
#1601=ORIENTED_EDGE('',*,*,#1251,.T.);
#1602=ORIENTED_EDGE('',*,*,#1250,.T.);
#1603=ORIENTED_EDGE('',*,*,#1252,.F.);
#1604=ORIENTED_EDGE('',*,*,#1253,.F.);
#1605=ORIENTED_EDGE('',*,*,#1254,.T.);
#1606=ORIENTED_EDGE('',*,*,#1253,.T.);
#1607=ORIENTED_EDGE('',*,*,#1255,.F.);
#1608=ORIENTED_EDGE('',*,*,#1256,.F.);
#1609=ORIENTED_EDGE('',*,*,#1257,.T.);
#1610=ORIENTED_EDGE('',*,*,#1256,.T.);
#1611=ORIENTED_EDGE('',*,*,#1258,.F.);
#1612=ORIENTED_EDGE('',*,*,#1259,.F.);
#1613=ORIENTED_EDGE('',*,*,#1260,.T.);
#1614=ORIENTED_EDGE('',*,*,#1259,.T.);
#1615=ORIENTED_EDGE('',*,*,#1261,.F.);
#1616=ORIENTED_EDGE('',*,*,#1262,.F.);
#1617=ORIENTED_EDGE('',*,*,#1263,.T.);
#1618=ORIENTED_EDGE('',*,*,#1262,.T.);
#1619=ORIENTED_EDGE('',*,*,#1264,.F.);
#1620=ORIENTED_EDGE('',*,*,#1196,.F.);
#1621=ORIENTED_EDGE('',*,*,#1265,.T.);
#1622=ORIENTED_EDGE('',*,*,#1193,.F.);
#1623=ORIENTED_EDGE('',*,*,#1266,.F.);
#1624=ORIENTED_EDGE('',*,*,#1267,.F.);
#1625=ORIENTED_EDGE('',*,*,#1268,.F.);
#1626=ORIENTED_EDGE('',*,*,#1269,.F.);
#1627=ORIENTED_EDGE('',*,*,#1270,.F.);
#1628=ORIENTED_EDGE('',*,*,#1271,.F.);
#1629=ORIENTED_EDGE('',*,*,#1272,.F.);
#1630=ORIENTED_EDGE('',*,*,#1273,.T.);
#1631=ORIENTED_EDGE('',*,*,#1274,.F.);
#1632=ORIENTED_EDGE('',*,*,#1275,.F.);
#1633=ORIENTED_EDGE('',*,*,#1276,.F.);
#1634=ORIENTED_EDGE('',*,*,#1277,.F.);
#1635=ORIENTED_EDGE('',*,*,#1278,.F.);
#1636=ORIENTED_EDGE('',*,*,#1279,.F.);
#1637=ORIENTED_EDGE('',*,*,#1280,.F.);
#1638=ORIENTED_EDGE('',*,*,#1281,.F.);
#1639=ORIENTED_EDGE('',*,*,#1282,.T.);
#1640=ORIENTED_EDGE('',*,*,#1283,.T.);
#1641=ORIENTED_EDGE('',*,*,#1284,.F.);
#1642=ORIENTED_EDGE('',*,*,#1285,.F.);
#1643=ORIENTED_EDGE('',*,*,#1177,.T.);
#1644=ORIENTED_EDGE('',*,*,#1198,.T.);
#1645=ORIENTED_EDGE('',*,*,#1286,.T.);
#1646=ORIENTED_EDGE('',*,*,#1230,.T.);
#1647=ORIENTED_EDGE('',*,*,#1162,.F.);
#1648=ORIENTED_EDGE('',*,*,#1287,.T.);
#1649=ORIENTED_EDGE('',*,*,#1288,.T.);
#1650=ORIENTED_EDGE('',*,*,#1289,.T.);
#1651=ORIENTED_EDGE('',*,*,#1290,.T.);
#1652=ORIENTED_EDGE('',*,*,#1291,.T.);
#1653=ORIENTED_EDGE('',*,*,#1292,.T.);
#1654=ORIENTED_EDGE('',*,*,#1293,.T.);
#1655=ORIENTED_EDGE('',*,*,#1294,.T.);
#1656=ORIENTED_EDGE('',*,*,#1295,.F.);
#1657=ORIENTED_EDGE('',*,*,#1183,.T.);
#1658=ORIENTED_EDGE('',*,*,#1184,.T.);
#1659=ORIENTED_EDGE('',*,*,#1190,.T.);
#1660=ORIENTED_EDGE('',*,*,#1296,.F.);
#1661=ORIENTED_EDGE('',*,*,#1297,.T.);
#1662=ORIENTED_EDGE('',*,*,#1298,.T.);
#1663=ORIENTED_EDGE('',*,*,#1299,.T.);
#1664=ORIENTED_EDGE('',*,*,#1300,.T.);
#1665=ORIENTED_EDGE('',*,*,#1301,.T.);
#1666=ORIENTED_EDGE('',*,*,#1302,.T.);
#1667=ORIENTED_EDGE('',*,*,#1303,.T.);
#1668=ORIENTED_EDGE('',*,*,#1191,.T.);
#1669=ORIENTED_EDGE('',*,*,#1172,.T.);
#1670=ORIENTED_EDGE('',*,*,#1179,.T.);
#1671=ORIENTED_EDGE('',*,*,#1304,.T.);
#1672=ORIENTED_EDGE('',*,*,#1305,.T.);
#1673=ORIENTED_EDGE('',*,*,#1306,.F.);
#1674=ORIENTED_EDGE('',*,*,#1307,.F.);
#1675=ORIENTED_EDGE('',*,*,#1308,.T.);
#1676=ORIENTED_EDGE('',*,*,#1307,.T.);
#1677=ORIENTED_EDGE('',*,*,#1309,.F.);
#1678=ORIENTED_EDGE('',*,*,#1310,.F.);
#1679=ORIENTED_EDGE('',*,*,#1311,.T.);
#1680=ORIENTED_EDGE('',*,*,#1310,.T.);
#1681=ORIENTED_EDGE('',*,*,#1312,.F.);
#1682=ORIENTED_EDGE('',*,*,#1313,.F.);
#1683=ORIENTED_EDGE('',*,*,#1314,.T.);
#1684=ORIENTED_EDGE('',*,*,#1313,.T.);
#1685=ORIENTED_EDGE('',*,*,#1315,.F.);
#1686=ORIENTED_EDGE('',*,*,#1316,.F.);
#1687=ORIENTED_EDGE('',*,*,#1317,.T.);
#1688=ORIENTED_EDGE('',*,*,#1316,.T.);
#1689=ORIENTED_EDGE('',*,*,#1318,.F.);
#1690=ORIENTED_EDGE('',*,*,#1319,.F.);
#1691=ORIENTED_EDGE('',*,*,#1320,.T.);
#1692=ORIENTED_EDGE('',*,*,#1319,.T.);
#1693=ORIENTED_EDGE('',*,*,#1321,.F.);
#1694=ORIENTED_EDGE('',*,*,#1322,.F.);
#1695=ORIENTED_EDGE('',*,*,#1323,.T.);
#1696=ORIENTED_EDGE('',*,*,#1322,.T.);
#1697=ORIENTED_EDGE('',*,*,#1324,.F.);
#1698=ORIENTED_EDGE('',*,*,#1325,.F.);
#1699=ORIENTED_EDGE('',*,*,#1326,.F.);
#1700=ORIENTED_EDGE('',*,*,#1327,.T.);
#1701=ORIENTED_EDGE('',*,*,#1328,.T.);
#1702=ORIENTED_EDGE('',*,*,#1329,.F.);
#1703=ORIENTED_EDGE('',*,*,#1330,.F.);
#1704=ORIENTED_EDGE('',*,*,#1331,.T.);
#1705=ORIENTED_EDGE('',*,*,#1332,.T.);
#1706=ORIENTED_EDGE('',*,*,#1333,.F.);
#1707=ORIENTED_EDGE('',*,*,#1334,.F.);
#1708=ORIENTED_EDGE('',*,*,#1335,.F.);
#1709=ORIENTED_EDGE('',*,*,#1336,.F.);
#1710=ORIENTED_EDGE('',*,*,#1337,.F.);
#1711=ORIENTED_EDGE('',*,*,#1338,.F.);
#1712=ORIENTED_EDGE('',*,*,#1339,.F.);
#1713=ORIENTED_EDGE('',*,*,#1340,.F.);
#1714=ORIENTED_EDGE('',*,*,#1341,.T.);
#1715=ORIENTED_EDGE('',*,*,#1342,.F.);
#1716=ORIENTED_EDGE('',*,*,#1343,.F.);
#1717=ORIENTED_EDGE('',*,*,#1344,.F.);
#1718=ORIENTED_EDGE('',*,*,#1345,.F.);
#1719=ORIENTED_EDGE('',*,*,#1346,.F.);
#1720=ORIENTED_EDGE('',*,*,#1347,.F.);
#1721=ORIENTED_EDGE('',*,*,#1348,.F.);
#1722=ORIENTED_EDGE('',*,*,#1327,.F.);
#1723=ORIENTED_EDGE('',*,*,#1349,.T.);
#1724=ORIENTED_EDGE('',*,*,#1350,.F.);
#1725=ORIENTED_EDGE('',*,*,#1351,.F.);
#1726=ORIENTED_EDGE('',*,*,#1342,.T.);
#1727=ORIENTED_EDGE('',*,*,#1352,.F.);
#1728=ORIENTED_EDGE('',*,*,#1353,.F.);
#1729=ORIENTED_EDGE('',*,*,#1354,.F.);
#1730=ORIENTED_EDGE('',*,*,#1343,.T.);
#1731=ORIENTED_EDGE('',*,*,#1354,.T.);
#1732=ORIENTED_EDGE('',*,*,#1355,.F.);
#1733=ORIENTED_EDGE('',*,*,#1356,.F.);
#1734=ORIENTED_EDGE('',*,*,#1344,.T.);
#1735=ORIENTED_EDGE('',*,*,#1356,.T.);
#1736=ORIENTED_EDGE('',*,*,#1357,.F.);
#1737=ORIENTED_EDGE('',*,*,#1358,.F.);
#1738=ORIENTED_EDGE('',*,*,#1345,.T.);
#1739=ORIENTED_EDGE('',*,*,#1358,.T.);
#1740=ORIENTED_EDGE('',*,*,#1359,.F.);
#1741=ORIENTED_EDGE('',*,*,#1360,.F.);
#1742=ORIENTED_EDGE('',*,*,#1346,.T.);
#1743=ORIENTED_EDGE('',*,*,#1360,.T.);
#1744=ORIENTED_EDGE('',*,*,#1361,.F.);
#1745=ORIENTED_EDGE('',*,*,#1362,.F.);
#1746=ORIENTED_EDGE('',*,*,#1347,.T.);
#1747=ORIENTED_EDGE('',*,*,#1362,.T.);
#1748=ORIENTED_EDGE('',*,*,#1363,.F.);
#1749=ORIENTED_EDGE('',*,*,#1364,.F.);
#1750=ORIENTED_EDGE('',*,*,#1348,.T.);
#1751=ORIENTED_EDGE('',*,*,#1364,.T.);
#1752=ORIENTED_EDGE('',*,*,#1365,.F.);
#1753=ORIENTED_EDGE('',*,*,#1366,.F.);
#1754=ORIENTED_EDGE('',*,*,#1326,.T.);
#1755=ORIENTED_EDGE('',*,*,#1366,.T.);
#1756=ORIENTED_EDGE('',*,*,#1367,.F.);
#1757=ORIENTED_EDGE('',*,*,#1368,.F.);
#1758=ORIENTED_EDGE('',*,*,#1305,.F.);
#1759=ORIENTED_EDGE('',*,*,#1369,.T.);
#1760=ORIENTED_EDGE('',*,*,#1349,.F.);
#1761=ORIENTED_EDGE('',*,*,#1235,.T.);
#1762=ORIENTED_EDGE('',*,*,#1352,.T.);
#1763=ORIENTED_EDGE('',*,*,#1341,.F.);
#1764=ORIENTED_EDGE('',*,*,#1370,.T.);
#1765=ORIENTED_EDGE('',*,*,#1371,.T.);
#1766=ORIENTED_EDGE('',*,*,#1245,.T.);
#1767=ORIENTED_EDGE('',*,*,#1372,.F.);
#1768=ORIENTED_EDGE('',*,*,#1325,.T.);
#1769=ORIENTED_EDGE('',*,*,#1373,.T.);
#1770=ORIENTED_EDGE('',*,*,#1334,.T.);
#1771=ORIENTED_EDGE('',*,*,#1374,.T.);
#1772=ORIENTED_EDGE('',*,*,#1375,.F.);
#1773=ORIENTED_EDGE('',*,*,#1376,.F.);
#1774=ORIENTED_EDGE('',*,*,#1335,.T.);
#1775=ORIENTED_EDGE('',*,*,#1376,.T.);
#1776=ORIENTED_EDGE('',*,*,#1377,.F.);
#1777=ORIENTED_EDGE('',*,*,#1378,.F.);
#1778=ORIENTED_EDGE('',*,*,#1336,.T.);
#1779=ORIENTED_EDGE('',*,*,#1378,.T.);
#1780=ORIENTED_EDGE('',*,*,#1379,.F.);
#1781=ORIENTED_EDGE('',*,*,#1380,.F.);
#1782=ORIENTED_EDGE('',*,*,#1337,.T.);
#1783=ORIENTED_EDGE('',*,*,#1380,.T.);
#1784=ORIENTED_EDGE('',*,*,#1381,.F.);
#1785=ORIENTED_EDGE('',*,*,#1382,.F.);
#1786=ORIENTED_EDGE('',*,*,#1338,.T.);
#1787=ORIENTED_EDGE('',*,*,#1382,.T.);
#1788=ORIENTED_EDGE('',*,*,#1383,.F.);
#1789=ORIENTED_EDGE('',*,*,#1384,.F.);
#1790=ORIENTED_EDGE('',*,*,#1339,.T.);
#1791=ORIENTED_EDGE('',*,*,#1384,.T.);
#1792=ORIENTED_EDGE('',*,*,#1385,.F.);
#1793=ORIENTED_EDGE('',*,*,#1386,.F.);
#1794=ORIENTED_EDGE('',*,*,#1340,.T.);
#1795=ORIENTED_EDGE('',*,*,#1386,.T.);
#1796=ORIENTED_EDGE('',*,*,#1387,.F.);
#1797=ORIENTED_EDGE('',*,*,#1370,.F.);
#1798=ORIENTED_EDGE('',*,*,#1145,.T.);
#1799=ORIENTED_EDGE('',*,*,#1388,.F.);
#1800=ORIENTED_EDGE('',*,*,#1389,.F.);
#1801=ORIENTED_EDGE('',*,*,#1390,.T.);
#1802=ORIENTED_EDGE('',*,*,#1330,.T.);
#1803=ORIENTED_EDGE('',*,*,#1391,.F.);
#1804=ORIENTED_EDGE('',*,*,#1283,.F.);
#1805=ORIENTED_EDGE('',*,*,#1392,.T.);
#1806=ORIENTED_EDGE('',*,*,#1393,.T.);
#1807=ORIENTED_EDGE('',*,*,#1394,.F.);
#1808=ORIENTED_EDGE('',*,*,#1395,.F.);
#1809=ORIENTED_EDGE('',*,*,#1396,.F.);
#1810=ORIENTED_EDGE('',*,*,#1397,.F.);
#1811=ORIENTED_EDGE('',*,*,#1398,.F.);
#1812=ORIENTED_EDGE('',*,*,#1399,.F.);
#1813=ORIENTED_EDGE('',*,*,#1400,.F.);
#1814=ORIENTED_EDGE('',*,*,#1401,.F.);
#1815=ORIENTED_EDGE('',*,*,#1402,.T.);
#1816=ORIENTED_EDGE('',*,*,#1403,.F.);
#1817=ORIENTED_EDGE('',*,*,#1404,.F.);
#1818=ORIENTED_EDGE('',*,*,#1405,.F.);
#1819=ORIENTED_EDGE('',*,*,#1406,.F.);
#1820=ORIENTED_EDGE('',*,*,#1407,.F.);
#1821=ORIENTED_EDGE('',*,*,#1167,.F.);
#1822=ORIENTED_EDGE('',*,*,#1390,.F.);
#1823=ORIENTED_EDGE('',*,*,#1408,.T.);
#1824=ORIENTED_EDGE('',*,*,#1332,.F.);
#1825=ORIENTED_EDGE('',*,*,#1331,.F.);
#1826=ORIENTED_EDGE('',*,*,#1403,.T.);
#1827=ORIENTED_EDGE('',*,*,#1409,.F.);
#1828=ORIENTED_EDGE('',*,*,#1152,.F.);
#1829=ORIENTED_EDGE('',*,*,#1410,.F.);
#1830=ORIENTED_EDGE('',*,*,#1404,.T.);
#1831=ORIENTED_EDGE('',*,*,#1410,.T.);
#1832=ORIENTED_EDGE('',*,*,#1151,.F.);
#1833=ORIENTED_EDGE('',*,*,#1411,.F.);
#1834=ORIENTED_EDGE('',*,*,#1405,.T.);
#1835=ORIENTED_EDGE('',*,*,#1411,.T.);
#1836=ORIENTED_EDGE('',*,*,#1150,.F.);
#1837=ORIENTED_EDGE('',*,*,#1412,.F.);
#1838=ORIENTED_EDGE('',*,*,#1406,.T.);
#1839=ORIENTED_EDGE('',*,*,#1412,.T.);
#1840=ORIENTED_EDGE('',*,*,#1149,.F.);
#1841=ORIENTED_EDGE('',*,*,#1413,.F.);
#1842=ORIENTED_EDGE('',*,*,#1407,.T.);
#1843=ORIENTED_EDGE('',*,*,#1413,.T.);
#1844=ORIENTED_EDGE('',*,*,#1148,.F.);
#1845=ORIENTED_EDGE('',*,*,#1168,.F.);
#1846=ORIENTED_EDGE('',*,*,#1144,.T.);
#1847=ORIENTED_EDGE('',*,*,#1166,.F.);
#1848=ORIENTED_EDGE('',*,*,#1414,.F.);
#1849=ORIENTED_EDGE('',*,*,#1388,.T.);
#1850=ORIENTED_EDGE('',*,*,#1389,.T.);
#1851=ORIENTED_EDGE('',*,*,#1414,.T.);
#1852=ORIENTED_EDGE('',*,*,#1165,.F.);
#1853=ORIENTED_EDGE('',*,*,#1415,.F.);
#1854=ORIENTED_EDGE('',*,*,#1374,.F.);
#1855=ORIENTED_EDGE('',*,*,#1333,.T.);
#1856=ORIENTED_EDGE('',*,*,#1408,.F.);
#1857=ORIENTED_EDGE('',*,*,#1238,.T.);
#1858=ORIENTED_EDGE('',*,*,#1409,.T.);
#1859=ORIENTED_EDGE('',*,*,#1402,.F.);
#1860=ORIENTED_EDGE('',*,*,#1416,.T.);
#1861=ORIENTED_EDGE('',*,*,#1153,.T.);
#1862=ORIENTED_EDGE('',*,*,#1395,.T.);
#1863=ORIENTED_EDGE('',*,*,#1417,.T.);
#1864=ORIENTED_EDGE('',*,*,#1160,.F.);
#1865=ORIENTED_EDGE('',*,*,#1418,.F.);
#1866=ORIENTED_EDGE('',*,*,#1396,.T.);
#1867=ORIENTED_EDGE('',*,*,#1418,.T.);
#1868=ORIENTED_EDGE('',*,*,#1159,.F.);
#1869=ORIENTED_EDGE('',*,*,#1419,.F.);
#1870=ORIENTED_EDGE('',*,*,#1397,.T.);
#1871=ORIENTED_EDGE('',*,*,#1419,.T.);
#1872=ORIENTED_EDGE('',*,*,#1158,.F.);
#1873=ORIENTED_EDGE('',*,*,#1420,.F.);
#1874=ORIENTED_EDGE('',*,*,#1398,.T.);
#1875=ORIENTED_EDGE('',*,*,#1420,.T.);
#1876=ORIENTED_EDGE('',*,*,#1157,.F.);
#1877=ORIENTED_EDGE('',*,*,#1421,.F.);
#1878=ORIENTED_EDGE('',*,*,#1399,.T.);
#1879=ORIENTED_EDGE('',*,*,#1421,.T.);
#1880=ORIENTED_EDGE('',*,*,#1156,.F.);
#1881=ORIENTED_EDGE('',*,*,#1422,.F.);
#1882=ORIENTED_EDGE('',*,*,#1400,.T.);
#1883=ORIENTED_EDGE('',*,*,#1422,.T.);
#1884=ORIENTED_EDGE('',*,*,#1155,.F.);
#1885=ORIENTED_EDGE('',*,*,#1423,.F.);
#1886=ORIENTED_EDGE('',*,*,#1401,.T.);
#1887=ORIENTED_EDGE('',*,*,#1423,.T.);
#1888=ORIENTED_EDGE('',*,*,#1154,.F.);
#1889=ORIENTED_EDGE('',*,*,#1416,.F.);
#1890=ORIENTED_EDGE('',*,*,#1282,.F.);
#1891=ORIENTED_EDGE('',*,*,#1424,.T.);
#1892=ORIENTED_EDGE('',*,*,#1393,.F.);
#1893=ORIENTED_EDGE('',*,*,#1392,.F.);
#1894=ORIENTED_EDGE('',*,*,#1274,.T.);
#1895=ORIENTED_EDGE('',*,*,#1425,.F.);
#1896=ORIENTED_EDGE('',*,*,#1294,.F.);
#1897=ORIENTED_EDGE('',*,*,#1426,.F.);
#1898=ORIENTED_EDGE('',*,*,#1275,.T.);
#1899=ORIENTED_EDGE('',*,*,#1426,.T.);
#1900=ORIENTED_EDGE('',*,*,#1293,.F.);
#1901=ORIENTED_EDGE('',*,*,#1427,.F.);
#1902=ORIENTED_EDGE('',*,*,#1276,.T.);
#1903=ORIENTED_EDGE('',*,*,#1427,.T.);
#1904=ORIENTED_EDGE('',*,*,#1292,.F.);
#1905=ORIENTED_EDGE('',*,*,#1428,.F.);
#1906=ORIENTED_EDGE('',*,*,#1277,.T.);
#1907=ORIENTED_EDGE('',*,*,#1428,.T.);
#1908=ORIENTED_EDGE('',*,*,#1291,.F.);
#1909=ORIENTED_EDGE('',*,*,#1429,.F.);
#1910=ORIENTED_EDGE('',*,*,#1278,.T.);
#1911=ORIENTED_EDGE('',*,*,#1429,.T.);
#1912=ORIENTED_EDGE('',*,*,#1290,.F.);
#1913=ORIENTED_EDGE('',*,*,#1430,.F.);
#1914=ORIENTED_EDGE('',*,*,#1279,.T.);
#1915=ORIENTED_EDGE('',*,*,#1430,.T.);
#1916=ORIENTED_EDGE('',*,*,#1289,.F.);
#1917=ORIENTED_EDGE('',*,*,#1431,.F.);
#1918=ORIENTED_EDGE('',*,*,#1280,.T.);
#1919=ORIENTED_EDGE('',*,*,#1431,.T.);
#1920=ORIENTED_EDGE('',*,*,#1288,.F.);
#1921=ORIENTED_EDGE('',*,*,#1432,.F.);
#1922=ORIENTED_EDGE('',*,*,#1281,.T.);
#1923=ORIENTED_EDGE('',*,*,#1432,.T.);
#1924=ORIENTED_EDGE('',*,*,#1287,.F.);
#1925=ORIENTED_EDGE('',*,*,#1161,.F.);
#1926=ORIENTED_EDGE('',*,*,#1417,.F.);
#1927=ORIENTED_EDGE('',*,*,#1394,.T.);
#1928=ORIENTED_EDGE('',*,*,#1424,.F.);
#1929=ORIENTED_EDGE('',*,*,#1241,.T.);
#1930=ORIENTED_EDGE('',*,*,#1180,.T.);
#1931=ORIENTED_EDGE('',*,*,#1295,.T.);
#1932=ORIENTED_EDGE('',*,*,#1425,.T.);
#1933=ORIENTED_EDGE('',*,*,#1273,.F.);
#1934=ORIENTED_EDGE('',*,*,#1433,.T.);
#1935=ORIENTED_EDGE('',*,*,#1296,.T.);
#1936=ORIENTED_EDGE('',*,*,#1189,.T.);
#1937=ORIENTED_EDGE('',*,*,#1187,.T.);
#1938=ORIENTED_EDGE('',*,*,#1265,.F.);
#1939=ORIENTED_EDGE('',*,*,#1434,.F.);
#1940=ORIENTED_EDGE('',*,*,#1435,.F.);
#1941=ORIENTED_EDGE('',*,*,#1194,.F.);
#1942=ORIENTED_EDGE('',*,*,#1266,.T.);
#1943=ORIENTED_EDGE('',*,*,#1192,.T.);
#1944=ORIENTED_EDGE('',*,*,#1303,.F.);
#1945=ORIENTED_EDGE('',*,*,#1436,.F.);
#1946=ORIENTED_EDGE('',*,*,#1267,.T.);
#1947=ORIENTED_EDGE('',*,*,#1436,.T.);
#1948=ORIENTED_EDGE('',*,*,#1302,.F.);
#1949=ORIENTED_EDGE('',*,*,#1437,.F.);
#1950=ORIENTED_EDGE('',*,*,#1268,.T.);
#1951=ORIENTED_EDGE('',*,*,#1437,.T.);
#1952=ORIENTED_EDGE('',*,*,#1301,.F.);
#1953=ORIENTED_EDGE('',*,*,#1438,.F.);
#1954=ORIENTED_EDGE('',*,*,#1269,.T.);
#1955=ORIENTED_EDGE('',*,*,#1438,.T.);
#1956=ORIENTED_EDGE('',*,*,#1300,.F.);
#1957=ORIENTED_EDGE('',*,*,#1439,.F.);
#1958=ORIENTED_EDGE('',*,*,#1270,.T.);
#1959=ORIENTED_EDGE('',*,*,#1439,.T.);
#1960=ORIENTED_EDGE('',*,*,#1299,.F.);
#1961=ORIENTED_EDGE('',*,*,#1440,.F.);
#1962=ORIENTED_EDGE('',*,*,#1271,.T.);
#1963=ORIENTED_EDGE('',*,*,#1440,.T.);
#1964=ORIENTED_EDGE('',*,*,#1298,.F.);
#1965=ORIENTED_EDGE('',*,*,#1441,.F.);
#1966=ORIENTED_EDGE('',*,*,#1272,.T.);
#1967=ORIENTED_EDGE('',*,*,#1441,.T.);
#1968=ORIENTED_EDGE('',*,*,#1297,.F.);
#1969=ORIENTED_EDGE('',*,*,#1433,.F.);
#1970=ORIENTED_EDGE('',*,*,#1442,.T.);
#1971=ORIENTED_EDGE('',*,*,#1367,.T.);
#1972=ORIENTED_EDGE('',*,*,#1365,.T.);
#1973=ORIENTED_EDGE('',*,*,#1363,.T.);
#1974=ORIENTED_EDGE('',*,*,#1361,.T.);
#1975=ORIENTED_EDGE('',*,*,#1359,.T.);
#1976=ORIENTED_EDGE('',*,*,#1357,.T.);
#1977=ORIENTED_EDGE('',*,*,#1355,.T.);
#1978=ORIENTED_EDGE('',*,*,#1353,.T.);
#1979=ORIENTED_EDGE('',*,*,#1371,.F.);
#1980=ORIENTED_EDGE('',*,*,#1387,.T.);
#1981=ORIENTED_EDGE('',*,*,#1385,.T.);
#1982=ORIENTED_EDGE('',*,*,#1383,.T.);
#1983=ORIENTED_EDGE('',*,*,#1381,.T.);
#1984=ORIENTED_EDGE('',*,*,#1379,.T.);
#1985=ORIENTED_EDGE('',*,*,#1377,.T.);
#1986=ORIENTED_EDGE('',*,*,#1375,.T.);
#1987=ORIENTED_EDGE('',*,*,#1415,.T.);
#1988=ORIENTED_EDGE('',*,*,#1164,.F.);
#1989=ORIENTED_EDGE('',*,*,#1232,.T.);
#1990=ORIENTED_EDGE('',*,*,#1442,.F.);
#1991=ORIENTED_EDGE('',*,*,#1231,.T.);
#1992=ORIENTED_EDGE('',*,*,#1286,.F.);
#1993=ORIENTED_EDGE('',*,*,#1197,.T.);
#1994=ORIENTED_EDGE('',*,*,#1264,.T.);
#1995=ORIENTED_EDGE('',*,*,#1261,.T.);
#1996=ORIENTED_EDGE('',*,*,#1258,.T.);
#1997=ORIENTED_EDGE('',*,*,#1255,.T.);
#1998=ORIENTED_EDGE('',*,*,#1252,.T.);
#1999=ORIENTED_EDGE('',*,*,#1249,.T.);
#2000=ORIENTED_EDGE('',*,*,#1246,.T.);
#2001=ORIENTED_EDGE('',*,*,#1373,.F.);
#2002=ORIENTED_EDGE('',*,*,#1324,.T.);
#2003=ORIENTED_EDGE('',*,*,#1321,.T.);
#2004=ORIENTED_EDGE('',*,*,#1318,.T.);
#2005=ORIENTED_EDGE('',*,*,#1315,.T.);
#2006=ORIENTED_EDGE('',*,*,#1312,.T.);
#2007=ORIENTED_EDGE('',*,*,#1309,.T.);
#2008=ORIENTED_EDGE('',*,*,#1306,.T.);
#2009=ORIENTED_EDGE('',*,*,#1368,.T.);
#2010=ORIENTED_EDGE('',*,*,#1351,.T.);
#2011=ORIENTED_EDGE('',*,*,#1350,.T.);
#2012=ORIENTED_EDGE('',*,*,#1369,.F.);
#2013=ORIENTED_EDGE('',*,*,#1304,.F.);
#2014=ORIENTED_EDGE('',*,*,#1308,.F.);
#2015=ORIENTED_EDGE('',*,*,#1311,.F.);
#2016=ORIENTED_EDGE('',*,*,#1314,.F.);
#2017=ORIENTED_EDGE('',*,*,#1317,.F.);
#2018=ORIENTED_EDGE('',*,*,#1320,.F.);
#2019=ORIENTED_EDGE('',*,*,#1323,.F.);
#2020=ORIENTED_EDGE('',*,*,#1372,.T.);
#2021=ORIENTED_EDGE('',*,*,#1244,.F.);
#2022=ORIENTED_EDGE('',*,*,#1248,.F.);
#2023=ORIENTED_EDGE('',*,*,#1251,.F.);
#2024=ORIENTED_EDGE('',*,*,#1254,.F.);
#2025=ORIENTED_EDGE('',*,*,#1257,.F.);
#2026=ORIENTED_EDGE('',*,*,#1260,.F.);
#2027=ORIENTED_EDGE('',*,*,#1263,.F.);
#2028=ORIENTED_EDGE('',*,*,#1195,.F.);
#2029=ORIENTED_EDGE('',*,*,#1435,.T.);
#2030=ORIENTED_EDGE('',*,*,#1434,.T.);
#2031=ORIENTED_EDGE('',*,*,#1285,.T.);
#2032=ORIENTED_EDGE('',*,*,#1443,.F.);
#2033=ORIENTED_EDGE('',*,*,#1328,.F.);
#2034=ORIENTED_EDGE('',*,*,#1284,.T.);
#2035=ORIENTED_EDGE('',*,*,#1391,.T.);
#2036=ORIENTED_EDGE('',*,*,#1329,.T.);
#2037=ORIENTED_EDGE('',*,*,#1443,.T.);
#2038=ORIENTED_EDGE('',*,*,#1200,.T.);
#2039=ORIENTED_EDGE('',*,*,#1210,.T.);
#2040=ORIENTED_EDGE('',*,*,#1207,.T.);
#2041=ORIENTED_EDGE('',*,*,#1204,.T.);
#2042=ORIENTED_EDGE('',*,*,#1226,.T.);
#2043=ORIENTED_EDGE('',*,*,#1223,.T.);
#2044=ORIENTED_EDGE('',*,*,#1220,.T.);
#2045=ORIENTED_EDGE('',*,*,#1229,.T.);
#2046=CYLINDRICAL_SURFACE('',#2175,2.);
#2047=CYLINDRICAL_SURFACE('',#2194,1.);
#2048=CYLINDRICAL_SURFACE('',#2198,1.);
#2049=CYLINDRICAL_SURFACE('',#2207,0.950000000000002);
#2050=CYLINDRICAL_SURFACE('',#2210,0.950000000000002);
#2051=CYLINDRICAL_SURFACE('',#2214,0.950000000000002);
#2052=CYLINDRICAL_SURFACE('',#2218,0.950000000000002);
#2053=ADVANCED_FACE('',(#129),#2046,.F.);
#2054=ADVANCED_FACE('',(#130),#29,.F.);
#2055=ADVANCED_FACE('',(#131),#30,.T.);
#2056=ADVANCED_FACE('',(#132),#31,.F.);
#2057=ADVANCED_FACE('',(#133),#32,.F.);
#2058=ADVANCED_FACE('',(#134),#33,.F.);
#2059=ADVANCED_FACE('',(#135),#34,.F.);
#2060=ADVANCED_FACE('',(#136),#35,.F.);
#2061=ADVANCED_FACE('',(#137),#36,.F.);
#2062=ADVANCED_FACE('',(#138),#37,.F.);
#2063=ADVANCED_FACE('',(#139),#38,.F.);
#2064=ADVANCED_FACE('',(#140,#19),#39,.T.);
#2065=ADVANCED_FACE('',(#141),#40,.F.);
#2066=ADVANCED_FACE('',(#142),#41,.F.);
#2067=ADVANCED_FACE('',(#143),#42,.F.);
#2068=ADVANCED_FACE('',(#144),#43,.F.);
#2069=ADVANCED_FACE('',(#145),#2047,.F.);
#2070=ADVANCED_FACE('',(#146),#44,.T.);
#2071=ADVANCED_FACE('',(#147),#2048,.F.);
#2072=ADVANCED_FACE('',(#148),#45,.T.);
#2073=ADVANCED_FACE('',(#149),#46,.F.);
#2074=ADVANCED_FACE('',(#150),#47,.F.);
#2075=ADVANCED_FACE('',(#151),#48,.F.);
#2076=ADVANCED_FACE('',(#152),#49,.F.);
#2077=ADVANCED_FACE('',(#153,#20,#21,#22,#23),#50,.F.);
#2078=ADVANCED_FACE('',(#154),#2049,.F.);
#2079=ADVANCED_FACE('',(#155),#51,.T.);
#2080=ADVANCED_FACE('',(#156),#2050,.F.);
#2081=ADVANCED_FACE('',(#157),#52,.T.);
#2082=ADVANCED_FACE('',(#158),#2051,.F.);
#2083=ADVANCED_FACE('',(#159),#53,.T.);
#2084=ADVANCED_FACE('',(#160),#2052,.F.);
#2085=ADVANCED_FACE('',(#161),#54,.T.);
#2086=ADVANCED_FACE('',(#162),#55,.T.);
#2087=ADVANCED_FACE('',(#163),#56,.T.);
#2088=ADVANCED_FACE('',(#164),#57,.T.);
#2089=ADVANCED_FACE('',(#165),#58,.T.);
#2090=ADVANCED_FACE('',(#166),#59,.T.);
#2091=ADVANCED_FACE('',(#167),#60,.T.);
#2092=ADVANCED_FACE('',(#168),#61,.T.);
#2093=ADVANCED_FACE('',(#169),#62,.T.);
#2094=ADVANCED_FACE('',(#170),#63,.F.);
#2095=ADVANCED_FACE('',(#171),#64,.T.);
#2096=ADVANCED_FACE('',(#172),#65,.T.);
#2097=ADVANCED_FACE('',(#173),#66,.T.);
#2098=ADVANCED_FACE('',(#174),#67,.T.);
#2099=ADVANCED_FACE('',(#175),#68,.T.);
#2100=ADVANCED_FACE('',(#176),#69,.T.);
#2101=ADVANCED_FACE('',(#177),#70,.T.);
#2102=ADVANCED_FACE('',(#178),#71,.T.);
#2103=ADVANCED_FACE('',(#179),#72,.T.);
#2104=ADVANCED_FACE('',(#180),#73,.T.);
#2105=ADVANCED_FACE('',(#181),#74,.T.);
#2106=ADVANCED_FACE('',(#182),#75,.T.);
#2107=ADVANCED_FACE('',(#183),#76,.T.);
#2108=ADVANCED_FACE('',(#184),#77,.T.);
#2109=ADVANCED_FACE('',(#185),#78,.T.);
#2110=ADVANCED_FACE('',(#186),#79,.T.);
#2111=ADVANCED_FACE('',(#187,#24),#80,.T.);
#2112=ADVANCED_FACE('',(#188),#81,.F.);
#2113=ADVANCED_FACE('',(#189),#82,.F.);
#2114=ADVANCED_FACE('',(#190),#83,.T.);
#2115=ADVANCED_FACE('',(#191),#84,.T.);
#2116=ADVANCED_FACE('',(#192),#85,.T.);
#2117=ADVANCED_FACE('',(#193),#86,.T.);
#2118=ADVANCED_FACE('',(#194),#87,.T.);
#2119=ADVANCED_FACE('',(#195),#88,.T.);
#2120=ADVANCED_FACE('',(#196),#89,.T.);
#2121=ADVANCED_FACE('',(#197),#90,.T.);
#2122=ADVANCED_FACE('',(#198),#91,.T.);
#2123=ADVANCED_FACE('',(#199),#92,.T.);
#2124=ADVANCED_FACE('',(#200),#93,.T.);
#2125=ADVANCED_FACE('',(#201),#94,.T.);
#2126=ADVANCED_FACE('',(#202),#95,.T.);
#2127=ADVANCED_FACE('',(#203),#96,.T.);
#2128=ADVANCED_FACE('',(#204),#97,.T.);
#2129=ADVANCED_FACE('',(#205,#25),#98,.T.);
#2130=ADVANCED_FACE('',(#206),#99,.F.);
#2131=ADVANCED_FACE('',(#207),#100,.T.);
#2132=ADVANCED_FACE('',(#208),#101,.T.);
#2133=ADVANCED_FACE('',(#209),#102,.T.);
#2134=ADVANCED_FACE('',(#210),#103,.T.);
#2135=ADVANCED_FACE('',(#211),#104,.T.);
#2136=ADVANCED_FACE('',(#212),#105,.T.);
#2137=ADVANCED_FACE('',(#213),#106,.T.);
#2138=ADVANCED_FACE('',(#214),#107,.T.);
#2139=ADVANCED_FACE('',(#215),#108,.T.);
#2140=ADVANCED_FACE('',(#216),#109,.T.);
#2141=ADVANCED_FACE('',(#217),#110,.T.);
#2142=ADVANCED_FACE('',(#218),#111,.T.);
#2143=ADVANCED_FACE('',(#219),#112,.T.);
#2144=ADVANCED_FACE('',(#220),#113,.T.);
#2145=ADVANCED_FACE('',(#221),#114,.T.);
#2146=ADVANCED_FACE('',(#222,#26),#115,.T.);
#2147=ADVANCED_FACE('',(#223),#116,.F.);
#2148=ADVANCED_FACE('',(#224),#117,.T.);
#2149=ADVANCED_FACE('',(#225),#118,.T.);
#2150=ADVANCED_FACE('',(#226),#119,.T.);
#2151=ADVANCED_FACE('',(#227),#120,.T.);
#2152=ADVANCED_FACE('',(#228),#121,.T.);
#2153=ADVANCED_FACE('',(#229),#122,.T.);
#2154=ADVANCED_FACE('',(#230),#123,.T.);
#2155=ADVANCED_FACE('',(#231),#124,.T.);
#2156=ADVANCED_FACE('',(#232),#125,.F.);
#2157=ADVANCED_FACE('',(#233),#126,.F.);
#2158=ADVANCED_FACE('',(#234),#127,.T.);
#2159=ADVANCED_FACE('',(#235,#27,#28),#128,.T.);
#2160=CLOSED_SHELL('',(#2053,#2054,#2055,#2056,#2057,#2058,#2059,#2060,
#2061,#2062,#2063,#2064,#2065,#2066,#2067,#2068,#2069,#2070,#2071,#2072,
#2073,#2074,#2075,#2076,#2077,#2078,#2079,#2080,#2081,#2082,#2083,#2084,
#2085,#2086,#2087,#2088,#2089,#2090,#2091,#2092,#2093,#2094,#2095,#2096,
#2097,#2098,#2099,#2100,#2101,#2102,#2103,#2104,#2105,#2106,#2107,#2108,
#2109,#2110,#2111,#2112,#2113,#2114,#2115,#2116,#2117,#2118,#2119,#2120,
#2121,#2122,#2123,#2124,#2125,#2126,#2127,#2128,#2129,#2130,#2131,#2132,
#2133,#2134,#2135,#2136,#2137,#2138,#2139,#2140,#2141,#2142,#2143,#2144,
#2145,#2146,#2147,#2148,#2149,#2150,#2151,#2152,#2153,#2154,#2155,#2156,
#2157,#2158,#2159));
#2161=DERIVED_UNIT_ELEMENT(#2163,1.);
#2162=DERIVED_UNIT_ELEMENT(#3452,-3.);
#2163=(
MASS_UNIT()
NAMED_UNIT(*)
SI_UNIT(.KILO.,.GRAM.)
);
#2164=DERIVED_UNIT((#2161,#2162));
#2165=MEASURE_REPRESENTATION_ITEM('density measure',
POSITIVE_RATIO_MEASURE(7850.),#2164);
#2166=PROPERTY_DEFINITION_REPRESENTATION(#2171,#2168);
#2167=PROPERTY_DEFINITION_REPRESENTATION(#2172,#2169);
#2168=REPRESENTATION('material name',(#2170),#3449);
#2169=REPRESENTATION('density',(#2165),#3449);
#2170=DESCRIPTIVE_REPRESENTATION_ITEM('Steel','Steel');
#2171=PROPERTY_DEFINITION('material property','material name',#3464);
#2172=PROPERTY_DEFINITION('material property','density of part',#3464);
#2173=AXIS2_PLACEMENT_3D('',#2832,#2297,#2298);
#2174=AXIS2_PLACEMENT_3D('',#2833,#2299,#2300);
#2175=AXIS2_PLACEMENT_3D('',#2834,#2301,#2302);
#2176=AXIS2_PLACEMENT_3D('',#2837,#2303,#2304);
#2177=AXIS2_PLACEMENT_3D('',#2841,#2306,#2307);
#2178=AXIS2_PLACEMENT_3D('',#2843,#2309,#2310);
#2179=AXIS2_PLACEMENT_3D('',#2883,#2331,#2332);
#2180=AXIS2_PLACEMENT_3D('',#2887,#2335,#2336);
#2181=AXIS2_PLACEMENT_3D('',#2896,#2341,#2342);
#2182=AXIS2_PLACEMENT_3D('',#2902,#2346,#2347);
#2183=AXIS2_PLACEMENT_3D('',#2908,#2351,#2352);
#2184=AXIS2_PLACEMENT_3D('',#2910,#2354,#2355);
#2185=AXIS2_PLACEMENT_3D('',#2919,#2360,#2361);
#2186=AXIS2_PLACEMENT_3D('',#2925,#2365,#2366);
#2187=AXIS2_PLACEMENT_3D('',#2929,#2369,#2370);
#2188=AXIS2_PLACEMENT_3D('',#2933,#2373,#2374);
#2189=AXIS2_PLACEMENT_3D('',#2950,#2383,#2384);
#2190=AXIS2_PLACEMENT_3D('',#2951,#2385,#2386);
#2191=AXIS2_PLACEMENT_3D('',#2960,#2391,#2392);
#2192=AXIS2_PLACEMENT_3D('',#2966,#2396,#2397);
#2193=AXIS2_PLACEMENT_3D('',#2972,#2401,#2402);
#2194=AXIS2_PLACEMENT_3D('',#2975,#2405,#2406);
#2195=AXIS2_PLACEMENT_3D('',#2977,#2407,#2408);
#2196=AXIS2_PLACEMENT_3D('',#2980,#2410,#2411);
#2197=AXIS2_PLACEMENT_3D('',#2981,#2412,#2413);
#2198=AXIS2_PLACEMENT_3D('',#2982,#2414,#2415);
#2199=AXIS2_PLACEMENT_3D('',#2984,#2416,#2417);
#2200=AXIS2_PLACEMENT_3D('',#2987,#2419,#2420);
#2201=AXIS2_PLACEMENT_3D('',#2988,#2421,#2422);
#2202=AXIS2_PLACEMENT_3D('',#2989,#2423,#2424);
#2203=AXIS2_PLACEMENT_3D('',#2998,#2429,#2430);
#2204=AXIS2_PLACEMENT_3D('',#3004,#2434,#2435);
#2205=AXIS2_PLACEMENT_3D('',#3010,#2439,#2440);
#2206=AXIS2_PLACEMENT_3D('',#3013,#2443,#2444);
#2207=AXIS2_PLACEMENT_3D('',#3019,#2448,#2449);
#2208=AXIS2_PLACEMENT_3D('',#3022,#2451,#2452);
#2209=AXIS2_PLACEMENT_3D('',#3023,#2453,#2454);
#2210=AXIS2_PLACEMENT_3D('',#3024,#2455,#2456);
#2211=AXIS2_PLACEMENT_3D('',#3026,#2457,#2458);
#2212=AXIS2_PLACEMENT_3D('',#3029,#2460,#2461);
#2213=AXIS2_PLACEMENT_3D('',#3030,#2462,#2463);
#2214=AXIS2_PLACEMENT_3D('',#3031,#2464,#2465);
#2215=AXIS2_PLACEMENT_3D('',#3033,#2466,#2467);
#2216=AXIS2_PLACEMENT_3D('',#3036,#2469,#2470);
#2217=AXIS2_PLACEMENT_3D('',#3037,#2471,#2472);
#2218=AXIS2_PLACEMENT_3D('',#3038,#2473,#2474);
#2219=AXIS2_PLACEMENT_3D('',#3040,#2475,#2476);
#2220=AXIS2_PLACEMENT_3D('',#3043,#2478,#2479);
#2221=AXIS2_PLACEMENT_3D('',#3044,#2480,#2481);
#2222=AXIS2_PLACEMENT_3D('',#3045,#2482,#2483);
#2223=AXIS2_PLACEMENT_3D('',#3054,#2488,#2489);
#2224=AXIS2_PLACEMENT_3D('',#3060,#2493,#2494);
#2225=AXIS2_PLACEMENT_3D('',#3066,#2498,#2499);
#2226=AXIS2_PLACEMENT_3D('',#3072,#2503,#2504);
#2227=AXIS2_PLACEMENT_3D('',#3078,#2508,#2509);
#2228=AXIS2_PLACEMENT_3D('',#3084,#2513,#2514);
#2229=AXIS2_PLACEMENT_3D('',#3087,#2517,#2518);
#2230=AXIS2_PLACEMENT_3D('',#3129,#2540,#2541);
#2231=AXIS2_PLACEMENT_3D('',#3163,#2560,#2561);
#2232=AXIS2_PLACEMENT_3D('',#3172,#2566,#2567);
#2233=AXIS2_PLACEMENT_3D('',#3178,#2571,#2572);
#2234=AXIS2_PLACEMENT_3D('',#3184,#2576,#2577);
#2235=AXIS2_PLACEMENT_3D('',#3190,#2581,#2582);
#2236=AXIS2_PLACEMENT_3D('',#3196,#2586,#2587);
#2237=AXIS2_PLACEMENT_3D('',#3202,#2591,#2592);
#2238=AXIS2_PLACEMENT_3D('',#3208,#2596,#2597);
#2239=AXIS2_PLACEMENT_3D('',#3255,#2621,#2622);
#2240=AXIS2_PLACEMENT_3D('',#3261,#2626,#2627);
#2241=AXIS2_PLACEMENT_3D('',#3267,#2631,#2632);
#2242=AXIS2_PLACEMENT_3D('',#3271,#2635,#2636);
#2243=AXIS2_PLACEMENT_3D('',#3275,#2639,#2640);
#2244=AXIS2_PLACEMENT_3D('',#3279,#2643,#2644);
#2245=AXIS2_PLACEMENT_3D('',#3283,#2647,#2648);
#2246=AXIS2_PLACEMENT_3D('',#3287,#2651,#2652);
#2247=AXIS2_PLACEMENT_3D('',#3291,#2655,#2656);
#2248=AXIS2_PLACEMENT_3D('',#3296,#2660,#2661);
#2249=AXIS2_PLACEMENT_3D('',#3300,#2664,#2665);
#2250=AXIS2_PLACEMENT_3D('',#3303,#2668,#2669);
#2251=AXIS2_PLACEMENT_3D('',#3309,#2673,#2674);
#2252=AXIS2_PLACEMENT_3D('',#3313,#2677,#2678);
#2253=AXIS2_PLACEMENT_3D('',#3317,#2681,#2682);
#2254=AXIS2_PLACEMENT_3D('',#3321,#2685,#2686);
#2255=AXIS2_PLACEMENT_3D('',#3325,#2689,#2690);
#2256=AXIS2_PLACEMENT_3D('',#3329,#2693,#2694);
#2257=AXIS2_PLACEMENT_3D('',#3331,#2696,#2697);
#2258=AXIS2_PLACEMENT_3D('',#3369,#2718,#2719);
#2259=AXIS2_PLACEMENT_3D('',#3371,#2721,#2722);
#2260=AXIS2_PLACEMENT_3D('',#3374,#2725,#2726);
#2261=AXIS2_PLACEMENT_3D('',#3376,#2728,#2729);
#2262=AXIS2_PLACEMENT_3D('',#3378,#2731,#2732);
#2263=AXIS2_PLACEMENT_3D('',#3380,#2734,#2735);
#2264=AXIS2_PLACEMENT_3D('',#3381,#2736,#2737);
#2265=AXIS2_PLACEMENT_3D('',#3383,#2739,#2740);
#2266=AXIS2_PLACEMENT_3D('',#3385,#2742,#2743);
#2267=AXIS2_PLACEMENT_3D('',#3387,#2745,#2746);
#2268=AXIS2_PLACEMENT_3D('',#3390,#2749,#2750);
#2269=AXIS2_PLACEMENT_3D('',#3392,#2752,#2753);
#2270=AXIS2_PLACEMENT_3D('',#3394,#2755,#2756);
#2271=AXIS2_PLACEMENT_3D('',#3396,#2758,#2759);
#2272=AXIS2_PLACEMENT_3D('',#3398,#2761,#2762);
#2273=AXIS2_PLACEMENT_3D('',#3400,#2764,#2765);
#2274=AXIS2_PLACEMENT_3D('',#3401,#2766,#2767);
#2275=AXIS2_PLACEMENT_3D('',#3403,#2769,#2770);
#2276=AXIS2_PLACEMENT_3D('',#3406,#2773,#2774);
#2277=AXIS2_PLACEMENT_3D('',#3408,#2776,#2777);
#2278=AXIS2_PLACEMENT_3D('',#3410,#2779,#2780);
#2279=AXIS2_PLACEMENT_3D('',#3412,#2782,#2783);
#2280=AXIS2_PLACEMENT_3D('',#3414,#2785,#2786);
#2281=AXIS2_PLACEMENT_3D('',#3416,#2788,#2789);
#2282=AXIS2_PLACEMENT_3D('',#3418,#2791,#2792);
#2283=AXIS2_PLACEMENT_3D('',#3419,#2793,#2794);
#2284=AXIS2_PLACEMENT_3D('',#3421,#2796,#2797);
#2285=AXIS2_PLACEMENT_3D('',#3425,#2800,#2801);
#2286=AXIS2_PLACEMENT_3D('',#3427,#2803,#2804);
#2287=AXIS2_PLACEMENT_3D('',#3429,#2806,#2807);
#2288=AXIS2_PLACEMENT_3D('',#3431,#2809,#2810);
#2289=AXIS2_PLACEMENT_3D('',#3433,#2812,#2813);
#2290=AXIS2_PLACEMENT_3D('',#3435,#2815,#2816);
#2291=AXIS2_PLACEMENT_3D('',#3437,#2818,#2819);
#2292=AXIS2_PLACEMENT_3D('',#3438,#2820,#2821);
#2293=AXIS2_PLACEMENT_3D('',#3440,#2823,#2824);
#2294=AXIS2_PLACEMENT_3D('',#3441,#2825,#2826);
#2295=AXIS2_PLACEMENT_3D('',#3443,#2828,#2829);
#2296=AXIS2_PLACEMENT_3D('',#3444,#2830,#2831);
#2297=DIRECTION('axis',(0.,0.,1.));
#2298=DIRECTION('refdir',(1.,0.,0.));
#2299=DIRECTION('axis',(0.,0.,1.));
#2300=DIRECTION('refdir',(1.,0.,0.));
#2301=DIRECTION('center_axis',(0.,-1.,0.));
#2302=DIRECTION('ref_axis',(-1.,0.,0.));
#2303=DIRECTION('center_axis',(0.,1.,0.));
#2304=DIRECTION('ref_axis',(-1.,0.,0.));
#2305=DIRECTION('',(0.,-1.,0.));
#2306=DIRECTION('center_axis',(0.,-1.,0.));
#2307=DIRECTION('ref_axis',(-1.,0.,0.));
#2308=DIRECTION('',(0.,1.,0.));
#2309=DIRECTION('center_axis',(0.,1.,0.));
#2310=DIRECTION('ref_axis',(-1.,0.,0.));
#2311=DIRECTION('',(1.,-6.12323399573677E-17,0.));
#2312=DIRECTION('',(0.,0.,1.));
#2313=DIRECTION('',(1.,-6.12323399573677E-17,0.));
#2314=DIRECTION('',(0.,0.,-1.));
#2315=DIRECTION('',(1.,-6.12323399573677E-17,0.));
#2316=DIRECTION('',(0.,0.,1.));
#2317=DIRECTION('',(-1.,0.,0.));
#2318=DIRECTION('',(0.,0.,-1.));
#2319=DIRECTION('',(1.,-6.12323399573677E-17,0.));
#2320=DIRECTION('',(0.,0.,1.));
#2321=DIRECTION('',(1.,-6.12323399573677E-17,0.));
#2322=DIRECTION('',(0.,0.,-1.));
#2323=DIRECTION('',(0.999999999999999,-6.12323399573676E-17,4.47034803618964E-8));
#2324=DIRECTION('',(0.,0.,-1.));
#2325=DIRECTION('',(1.,-6.12323399573677E-17,0.));
#2326=DIRECTION('',(0.,0.,-1.));
#2327=DIRECTION('',(-1.,0.,0.));
#2328=DIRECTION('',(0.,0.,-1.));
#2329=DIRECTION('',(1.,-6.12323399573677E-17,0.));
#2330=DIRECTION('',(0.,0.,1.));
#2331=DIRECTION('center_axis',(0.,0.,-1.));
#2332=DIRECTION('ref_axis',(1.,-6.12323399573677E-17,0.));
#2333=DIRECTION('',(1.,-6.12323399573677E-17,0.));
#2334=DIRECTION('',(-6.12323399573677E-17,-1.,0.));
#2335=DIRECTION('center_axis',(0.,1.,0.));
#2336=DIRECTION('ref_axis',(-1.,0.,0.));
#2337=DIRECTION('',(-1.,0.,0.));
#2338=DIRECTION('',(0.,0.,1.));
#2339=DIRECTION('',(-1.,0.,0.));
#2340=DIRECTION('',(0.,0.,1.));
#2341=DIRECTION('center_axis',(1.,0.,0.));
#2342=DIRECTION('ref_axis',(0.,1.,0.));
#2343=DIRECTION('',(0.,1.,0.));
#2344=DIRECTION('',(0.,0.,1.));
#2345=DIRECTION('',(0.,1.,0.));
#2346=DIRECTION('center_axis',(0.,-1.,0.));
#2347=DIRECTION('ref_axis',(1.,0.,0.));
#2348=DIRECTION('',(1.,0.,0.));
#2349=DIRECTION('',(0.,0.,-1.));
#2350=DIRECTION('',(1.,0.,0.));
#2351=DIRECTION('center_axis',(0.,0.,1.));
#2352=DIRECTION('ref_axis',(1.,0.,0.));
#2353=DIRECTION('',(0.,-1.,0.));
#2354=DIRECTION('center_axis',(0.,1.,0.));
#2355=DIRECTION('ref_axis',(-1.,0.,0.));
#2356=DIRECTION('',(-1.,0.,0.));
#2357=DIRECTION('',(0.,0.,1.));
#2358=DIRECTION('',(-1.,0.,0.));
#2359=DIRECTION('',(0.,0.,1.));
#2360=DIRECTION('center_axis',(0.,0.,1.));
#2361=DIRECTION('ref_axis',(1.,0.,0.));
#2362=DIRECTION('',(0.,-1.,0.));
#2363=DIRECTION('',(0.,1.,0.));
#2364=DIRECTION('',(1.,0.,0.));
#2365=DIRECTION('center_axis',(1.,0.,0.));
#2366=DIRECTION('ref_axis',(0.,1.,0.));
#2367=DIRECTION('',(0.,1.,0.));
#2368=DIRECTION('',(0.,0.,1.));
#2369=DIRECTION('center_axis',(0.,-1.,0.));
#2370=DIRECTION('ref_axis',(1.,0.,0.));
#2371=DIRECTION('',(1.,0.,0.));
#2372=DIRECTION('',(0.,0.,-1.));
#2373=DIRECTION('center_axis',(0.,0.,-1.));
#2374=DIRECTION('ref_axis',(0.,-1.,0.));
#2375=DIRECTION('',(0.,-1.,0.));
#2376=DIRECTION('',(-1.,0.,0.));
#2377=DIRECTION('',(0.,-1.,0.));
#2378=DIRECTION('',(-1.,0.,0.));
#2379=DIRECTION('',(-1.,1.83697019872103E-16,0.));
#2380=DIRECTION('',(1.83697019872103E-16,1.,0.));
#2381=DIRECTION('',(-1.,1.83697019872103E-16,0.));
#2382=DIRECTION('',(0.,-1.,0.));
#2383=DIRECTION('center_axis',(0.,0.,1.));
#2384=DIRECTION('ref_axis',(-1.83697019872103E-16,-1.,0.));
#2385=DIRECTION('center_axis',(9.25185853854297E-17,1.,0.));
#2386=DIRECTION('ref_axis',(1.,-9.25185853854297E-17,0.));
#2387=DIRECTION('',(1.,-9.25185853854297E-17,0.));
#2388=DIRECTION('',(0.,0.,-1.));
#2389=DIRECTION('',(-1.,9.25185853854297E-17,0.));
#2390=DIRECTION('',(0.,0.,1.));
#2391=DIRECTION('center_axis',(-1.,9.25185853854297E-17,0.));
#2392=DIRECTION('ref_axis',(9.25185853854297E-17,1.,0.));
#2393=DIRECTION('',(9.25185853854297E-17,1.,0.));
#2394=DIRECTION('',(0.,0.,1.));
#2395=DIRECTION('',(9.25185853854297E-17,1.,0.));
#2396=DIRECTION('center_axis',(-2.3373116307898E-16,-1.,0.));
#2397=DIRECTION('ref_axis',(-1.,2.3373116307898E-16,0.));
#2398=DIRECTION('',(-1.,2.3373116307898E-16,0.));
#2399=DIRECTION('',(0.,0.,-1.));
#2400=DIRECTION('',(1.,-2.3373116307898E-16,0.));
#2401=DIRECTION('center_axis',(1.,0.,0.));
#2402=DIRECTION('ref_axis',(0.,-1.,0.));
#2403=DIRECTION('',(0.,-1.,0.));
#2404=DIRECTION('',(0.,-1.,0.));
#2405=DIRECTION('center_axis',(0.,0.,1.));
#2406=DIRECTION('ref_axis',(1.,0.,0.));
#2407=DIRECTION('center_axis',(0.,0.,1.));
#2408=DIRECTION('ref_axis',(1.,0.,0.));
#2409=DIRECTION('',(0.,0.,1.));
#2410=DIRECTION('center_axis',(0.,0.,1.));
#2411=DIRECTION('ref_axis',(1.,0.,0.));
#2412=DIRECTION('center_axis',(0.,0.,-1.));
#2413=DIRECTION('ref_axis',(1.,0.,0.));
#2414=DIRECTION('center_axis',(0.,0.,1.));
#2415=DIRECTION('ref_axis',(1.,0.,0.));
#2416=DIRECTION('center_axis',(0.,0.,1.));
#2417=DIRECTION('ref_axis',(1.,0.,0.));
#2418=DIRECTION('',(0.,0.,1.));
#2419=DIRECTION('center_axis',(0.,0.,1.));
#2420=DIRECTION('ref_axis',(1.,0.,0.));
#2421=DIRECTION('center_axis',(0.,0.,-1.));
#2422=DIRECTION('ref_axis',(1.,0.,0.));
#2423=DIRECTION('center_axis',(0.,-1.,0.));
#2424=DIRECTION('ref_axis',(-1.,0.,0.));
#2425=DIRECTION('',(1.,0.,0.));
#2426=DIRECTION('',(0.,0.,-1.));
#2427=DIRECTION('',(-1.,0.,0.));
#2428=DIRECTION('',(0.,0.,-1.));
#2429=DIRECTION('center_axis',(1.,0.,0.));
#2430=DIRECTION('ref_axis',(0.,-1.,0.));
#2431=DIRECTION('',(0.,1.,0.));
#2432=DIRECTION('',(0.,-1.,0.));
#2433=DIRECTION('',(0.,0.,-1.));
#2434=DIRECTION('center_axis',(0.,1.,0.));
#2435=DIRECTION('ref_axis',(1.,0.,0.));
#2436=DIRECTION('',(-1.,0.,0.));
#2437=DIRECTION('',(1.,0.,0.));
#2438=DIRECTION('',(0.,0.,-1.));
#2439=DIRECTION('center_axis',(-1.,0.,0.));
#2440=DIRECTION('ref_axis',(0.,1.,0.));
#2441=DIRECTION('',(0.,-1.,0.));
#2442=DIRECTION('',(0.,1.,0.));
#2443=DIRECTION('center_axis',(0.,0.,1.));
#2444=DIRECTION('ref_axis',(1.,0.,0.));
#2445=DIRECTION('',(0.,1.,0.));
#2446=DIRECTION('',(1.,0.,0.));
#2447=DIRECTION('',(0.,-1.,0.));
#2448=DIRECTION('center_axis',(0.,0.,1.));
#2449=DIRECTION('ref_axis',(-1.83697019872103E-16,-1.,0.));
#2450=DIRECTION('',(0.,0.,1.));
#2451=DIRECTION('center_axis',(0.,0.,1.));
#2452=DIRECTION('ref_axis',(-1.83697019872103E-16,-1.,0.));
#2453=DIRECTION('center_axis',(0.,0.,-1.));
#2454=DIRECTION('ref_axis',(-1.83697019872103E-16,-1.,0.));
#2455=DIRECTION('center_axis',(0.,0.,1.));
#2456=DIRECTION('ref_axis',(-1.,1.22464679914735E-16,0.));
#2457=DIRECTION('center_axis',(0.,0.,1.));
#2458=DIRECTION('ref_axis',(-1.,1.22464679914735E-16,0.));
#2459=DIRECTION('',(0.,0.,1.));
#2460=DIRECTION('center_axis',(0.,0.,1.));
#2461=DIRECTION('ref_axis',(-1.,1.22464679914735E-16,0.));
#2462=DIRECTION('center_axis',(0.,0.,-1.));
#2463=DIRECTION('ref_axis',(-1.,1.22464679914735E-16,0.));
#2464=DIRECTION('center_axis',(0.,0.,1.));
#2465=DIRECTION('ref_axis',(6.12323399573677E-17,1.,0.));
#2466=DIRECTION('center_axis',(0.,0.,1.));
#2467=DIRECTION('ref_axis',(6.12323399573677E-17,1.,0.));
#2468=DIRECTION('',(0.,0.,1.));
#2469=DIRECTION('center_axis',(0.,0.,1.));
#2470=DIRECTION('ref_axis',(6.12323399573677E-17,1.,0.));
#2471=DIRECTION('center_axis',(0.,0.,-1.));
#2472=DIRECTION('ref_axis',(6.12323399573677E-17,1.,0.));
#2473=DIRECTION('center_axis',(0.,0.,1.));
#2474=DIRECTION('ref_axis',(1.,0.,0.));
#2475=DIRECTION('center_axis',(0.,0.,1.));
#2476=DIRECTION('ref_axis',(1.,0.,0.));
#2477=DIRECTION('',(0.,0.,1.));
#2478=DIRECTION('center_axis',(0.,0.,1.));
#2479=DIRECTION('ref_axis',(1.,0.,0.));
#2480=DIRECTION('center_axis',(0.,0.,-1.));
#2481=DIRECTION('ref_axis',(1.,0.,0.));
#2482=DIRECTION('center_axis',(-1.,1.83697019872103E-16,0.));
#2483=DIRECTION('ref_axis',(0.,0.,1.));
#2484=DIRECTION('',(0.,0.,1.));
#2485=DIRECTION('',(-1.83697019872103E-16,-1.,0.));
#2486=DIRECTION('',(0.,0.,1.));
#2487=DIRECTION('',(1.83697019872103E-16,1.,0.));
#2488=DIRECTION('center_axis',(0.,0.,-1.));
#2489=DIRECTION('ref_axis',(-1.,1.83697019872103E-16,0.));
#2490=DIRECTION('',(-1.,1.83697019872103E-16,0.));
#2491=DIRECTION('',(-1.,1.83697019872103E-16,0.));
#2492=DIRECTION('',(1.83697019872103E-16,1.,0.));
#2493=DIRECTION('center_axis',(1.,-1.83697019872103E-16,0.));
#2494=DIRECTION('ref_axis',(0.,0.,-1.));
#2495=DIRECTION('',(0.,0.,-1.));
#2496=DIRECTION('',(0.,0.,-1.));
#2497=DIRECTION('',(1.83697019872103E-16,1.,0.));
#2498=DIRECTION('center_axis',(0.,0.,-1.));
#2499=DIRECTION('ref_axis',(-1.,1.83697019872103E-16,0.));
#2500=DIRECTION('',(-1.,1.83697019872103E-16,0.));
#2501=DIRECTION('',(-1.,1.83697019872103E-16,0.));
#2502=DIRECTION('',(1.83697019872103E-16,1.,0.));
#2503=DIRECTION('center_axis',(-1.,1.83697019872103E-16,0.));
#2504=DIRECTION('ref_axis',(0.,0.,1.));
#2505=DIRECTION('',(0.,0.,1.));
#2506=DIRECTION('',(0.,0.,1.));
#2507=DIRECTION('',(1.83697019872103E-16,1.,0.));
#2508=DIRECTION('center_axis',(0.,0.,-1.));
#2509=DIRECTION('ref_axis',(-1.,1.83697019872103E-16,0.));
#2510=DIRECTION('',(-1.,1.83697019872103E-16,0.));
#2511=DIRECTION('',(-1.,1.83697019872103E-16,0.));
#2512=DIRECTION('',(1.83697019872103E-16,1.,0.));
#2513=DIRECTION('center_axis',(-1.,1.83697019872103E-16,0.));
#2514=DIRECTION('ref_axis',(0.,0.,1.));
#2515=DIRECTION('',(0.,0.,1.));
#2516=DIRECTION('',(0.,0.,1.));
#2517=DIRECTION('center_axis',(1.,0.,0.));
#2518=DIRECTION('ref_axis',(0.,1.,0.));
#2519=DIRECTION('',(0.,-2.48352690264871E-8,-1.));
#2520=DIRECTION('',(0.,0.,-1.));
#2521=DIRECTION('',(0.,-0.999999999999999,4.47034803618964E-8));
#2522=DIRECTION('',(0.,0.,-1.));
#2523=DIRECTION('',(0.,-1.,0.));
#2524=DIRECTION('',(0.,0.,1.));
#2525=DIRECTION('',(0.,-1.,0.));
#2526=DIRECTION('',(0.,0.,-1.));
#2527=DIRECTION('',(0.,1.,0.));
#2528=DIRECTION('',(0.,0.,1.));
#2529=DIRECTION('',(0.,-1.,0.));
#2530=DIRECTION('',(0.,0.,-1.));
#2531=DIRECTION('',(0.,-1.,0.));
#2532=DIRECTION('',(0.,0.,1.));
#2533=DIRECTION('',(0.,-1.,0.));
#2534=DIRECTION('',(0.,0.,1.));
#2535=DIRECTION('',(0.,-1.,0.));
#2536=DIRECTION('',(0.,-2.48352690264871E-8,1.));
#2537=DIRECTION('',(0.,0.,1.));
#2538=DIRECTION('',(0.,1.,0.));
#2539=DIRECTION('',(0.,0.,1.));
#2540=DIRECTION('center_axis',(1.,0.,0.));
#2541=DIRECTION('ref_axis',(0.,1.,0.));
#2542=DIRECTION('',(0.,0.,1.));
#2543=DIRECTION('',(0.,-1.,0.));
#2544=DIRECTION('',(0.,0.,1.));
#2545=DIRECTION('',(0.,-1.,0.));
#2546=DIRECTION('',(0.,0.,1.));
#2547=DIRECTION('',(0.,-1.,0.));
#2548=DIRECTION('',(0.,0.,-1.));
#2549=DIRECTION('',(0.,-1.,0.));
#2550=DIRECTION('',(0.,0.,1.));
#2551=DIRECTION('',(0.,1.,0.));
#2552=DIRECTION('',(0.,1.,0.));
#2553=DIRECTION('',(0.,0.,-1.));
#2554=DIRECTION('',(0.,-1.,0.));
#2555=DIRECTION('',(0.,0.,1.));
#2556=DIRECTION('',(0.,-1.,0.));
#2557=DIRECTION('',(0.,0.,-1.));
#2558=DIRECTION('',(0.,-0.999999999999999,4.47034803618964E-8));
#2559=DIRECTION('',(0.,0.,-1.));
#2560=DIRECTION('center_axis',(1.,-1.83697019872103E-16,0.));
#2561=DIRECTION('ref_axis',(0.,0.,-1.));
#2562=DIRECTION('',(0.,0.,-1.));
#2563=DIRECTION('',(1.83697019872103E-16,1.,0.));
#2564=DIRECTION('',(0.,0.,-1.));
#2565=DIRECTION('',(1.83697019872103E-16,1.,0.));
#2566=DIRECTION('center_axis',(-4.47034803618964E-8,8.21189612039145E-24,
-0.999999999999999));
#2567=DIRECTION('ref_axis',(-0.999999999999999,1.83697019872103E-16,4.47034803618964E-8));
#2568=DIRECTION('',(-0.999999999999999,1.83697019872103E-16,4.47034803618964E-8));
#2569=DIRECTION('',(-0.999999999999999,1.83697019872103E-16,4.47034803618964E-8));
#2570=DIRECTION('',(1.83697019872103E-16,1.,0.));
#2571=DIRECTION('center_axis',(1.,-1.83697019872103E-16,0.));
#2572=DIRECTION('ref_axis',(0.,0.,-1.));
#2573=DIRECTION('',(0.,0.,-1.));
#2574=DIRECTION('',(0.,0.,-1.));
#2575=DIRECTION('',(1.83697019872103E-16,1.,0.));
#2576=DIRECTION('center_axis',(0.,0.,-1.));
#2577=DIRECTION('ref_axis',(-1.,1.83697019872103E-16,0.));
#2578=DIRECTION('',(-1.,1.83697019872103E-16,0.));
#2579=DIRECTION('',(-1.,1.83697019872103E-16,0.));
#2580=DIRECTION('',(1.83697019872103E-16,1.,0.));
#2581=DIRECTION('center_axis',(-1.,1.83697019872103E-16,0.));
#2582=DIRECTION('ref_axis',(0.,0.,1.));
#2583=DIRECTION('',(0.,0.,1.));
#2584=DIRECTION('',(0.,0.,1.));
#2585=DIRECTION('',(1.83697019872103E-16,1.,0.));
#2586=DIRECTION('center_axis',(0.,0.,-1.));
#2587=DIRECTION('ref_axis',(-1.,1.83697019872103E-16,0.));
#2588=DIRECTION('',(-1.,1.83697019872103E-16,0.));
#2589=DIRECTION('',(-1.,1.83697019872103E-16,0.));
#2590=DIRECTION('',(1.83697019872103E-16,1.,0.));
#2591=DIRECTION('center_axis',(1.,-1.83697019872103E-16,0.));
#2592=DIRECTION('ref_axis',(0.,0.,-1.));
#2593=DIRECTION('',(0.,0.,-1.));
#2594=DIRECTION('',(0.,0.,-1.));
#2595=DIRECTION('',(1.83697019872103E-16,1.,0.));
#2596=DIRECTION('center_axis',(-1.,0.,0.));
#2597=DIRECTION('ref_axis',(0.,-1.,0.));
#2598=DIRECTION('',(1.22464679914735E-16,1.,0.));
#2599=DIRECTION('',(3.04144327192508E-24,2.48352690264871E-8,1.));
#2600=DIRECTION('',(0.,0.,1.));
#2601=DIRECTION('',(0.,-1.,0.));
#2602=DIRECTION('',(0.,0.,1.));
#2603=DIRECTION('',(0.,-1.,0.));
#2604=DIRECTION('',(-2.48352690264871E-8,1.52072163596254E-24,-1.));
#2605=DIRECTION('',(1.22464679914735E-16,1.,0.));
#2606=DIRECTION('',(0.,0.,-1.));
#2607=DIRECTION('',(1.22464679914735E-16,0.999999999999999,4.47034803618964E-8));
#2608=DIRECTION('',(0.,0.,-1.));
#2609=DIRECTION('',(1.22464679914735E-16,1.,0.));
#2610=DIRECTION('',(0.,0.,1.));
#2611=DIRECTION('',(1.22464679914735E-16,1.,0.));
#2612=DIRECTION('',(0.,0.,-1.));
#2613=DIRECTION('',(0.,-1.,0.));
#2614=DIRECTION('',(0.,0.,1.));
#2615=DIRECTION('',(1.22464679914735E-16,1.,0.));
#2616=DIRECTION('',(0.,0.,-1.));
#2617=DIRECTION('',(1.22464679914735E-16,1.,0.));
#2618=DIRECTION('',(0.,0.,1.));
#2619=DIRECTION('',(1.22464679914735E-16,1.,0.));
#2620=DIRECTION('',(0.,0.,1.));
#2621=DIRECTION('center_axis',(-1.22464679914735E-16,-1.,2.48352690264871E-8));
#2622=DIRECTION('ref_axis',(-3.04144327192508E-24,-2.48352690264871E-8,
-1.));
#2623=DIRECTION('',(1.,-1.22464679914735E-16,0.));
#2624=DIRECTION('',(-3.04144327192508E-24,-2.48352690264871E-8,-1.));
#2625=DIRECTION('',(1.,0.,0.));
#2626=DIRECTION('center_axis',(1.22464679914735E-16,1.,0.));
#2627=DIRECTION('ref_axis',(0.,0.,1.));
#2628=DIRECTION('',(-1.,1.22464679914735E-16,0.));
#2629=DIRECTION('',(0.,0.,1.));
#2630=DIRECTION('',(1.,-1.22464679914735E-16,0.));
#2631=DIRECTION('center_axis',(0.,0.,-1.));
#2632=DIRECTION('ref_axis',(1.22464679914735E-16,1.,0.));
#2633=DIRECTION('',(1.22464679914735E-16,1.,0.));
#2634=DIRECTION('',(1.,-1.22464679914735E-16,0.));
#2635=DIRECTION('center_axis',(-1.22464679914735E-16,-1.,0.));
#2636=DIRECTION('ref_axis',(0.,0.,-1.));
#2637=DIRECTION('',(0.,0.,-1.));
#2638=DIRECTION('',(1.,-1.22464679914735E-16,0.));
#2639=DIRECTION('center_axis',(0.,0.,-1.));
#2640=DIRECTION('ref_axis',(1.22464679914735E-16,1.,0.));
#2641=DIRECTION('',(1.22464679914735E-16,1.,0.));
#2642=DIRECTION('',(1.,-1.22464679914735E-16,0.));
#2643=DIRECTION('center_axis',(1.22464679914735E-16,1.,0.));
#2644=DIRECTION('ref_axis',(0.,0.,1.));
#2645=DIRECTION('',(0.,0.,1.));
#2646=DIRECTION('',(1.,-1.22464679914735E-16,0.));
#2647=DIRECTION('center_axis',(0.,0.,-1.));
#2648=DIRECTION('ref_axis',(1.22464679914735E-16,1.,0.));
#2649=DIRECTION('',(1.22464679914735E-16,1.,0.));
#2650=DIRECTION('',(1.,-1.22464679914735E-16,0.));
#2651=DIRECTION('center_axis',(1.22464679914735E-16,1.,0.));
#2652=DIRECTION('ref_axis',(0.,0.,1.));
#2653=DIRECTION('',(0.,0.,1.));
#2654=DIRECTION('',(1.,-1.22464679914735E-16,0.));
#2655=DIRECTION('center_axis',(0.,0.,-1.));
#2656=DIRECTION('ref_axis',(1.22464679914735E-16,1.,0.));
#2657=DIRECTION('',(1.22464679914735E-16,1.,0.));
#2658=DIRECTION('',(-1.,1.83697019872103E-16,0.));
#2659=DIRECTION('',(-1.,1.83697019872103E-16,0.));
#2660=DIRECTION('center_axis',(0.,0.,1.));
#2661=DIRECTION('ref_axis',(1.,0.,0.));
#2662=DIRECTION('',(1.,-1.22464679914735E-16,0.));
#2663=DIRECTION('',(0.,-1.,0.));
#2664=DIRECTION('center_axis',(0.,0.,1.));
#2665=DIRECTION('ref_axis',(1.,0.,0.));
#2666=DIRECTION('',(1.,0.,0.));
#2667=DIRECTION('',(1.,0.,0.));
#2668=DIRECTION('center_axis',(-1.22464679914735E-16,-1.,0.));
#2669=DIRECTION('ref_axis',(0.,0.,-1.));
#2670=DIRECTION('',(1.,-1.22464679914735E-16,0.));
#2671=DIRECTION('',(0.,0.,-1.));
#2672=DIRECTION('',(1.,-1.22464679914735E-16,0.));
#2673=DIRECTION('center_axis',(5.4745974135943E-24,4.47034803618964E-8,
-0.999999999999999));
#2674=DIRECTION('ref_axis',(1.22464679914735E-16,0.999999999999999,4.47034803618964E-8));
#2675=DIRECTION('',(1.22464679914735E-16,0.999999999999999,4.47034803618964E-8));
#2676=DIRECTION('',(1.,-1.22464679914735E-16,0.));
#2677=DIRECTION('center_axis',(-1.22464679914735E-16,-1.,0.));
#2678=DIRECTION('ref_axis',(0.,0.,-1.));
#2679=DIRECTION('',(0.,0.,-1.));
#2680=DIRECTION('',(1.,-1.22464679914735E-16,0.));
#2681=DIRECTION('center_axis',(0.,0.,-1.));
#2682=DIRECTION('ref_axis',(1.22464679914735E-16,1.,0.));
#2683=DIRECTION('',(1.22464679914735E-16,1.,0.));
#2684=DIRECTION('',(1.,-1.22464679914735E-16,0.));
#2685=DIRECTION('center_axis',(1.22464679914735E-16,1.,0.));
#2686=DIRECTION('ref_axis',(0.,0.,1.));
#2687=DIRECTION('',(0.,0.,1.));
#2688=DIRECTION('',(1.,-1.22464679914735E-16,0.));
#2689=DIRECTION('center_axis',(0.,0.,-1.));
#2690=DIRECTION('ref_axis',(1.22464679914735E-16,1.,0.));
#2691=DIRECTION('',(1.22464679914735E-16,1.,0.));
#2692=DIRECTION('',(1.,-1.22464679914735E-16,0.));
#2693=DIRECTION('center_axis',(-1.22464679914735E-16,-1.,0.));
#2694=DIRECTION('ref_axis',(0.,0.,-1.));
#2695=DIRECTION('',(0.,0.,-1.));
#2696=DIRECTION('center_axis',(0.,1.,0.));
#2697=DIRECTION('ref_axis',(-1.,0.,0.));
#2698=DIRECTION('',(0.,0.,1.));
#2699=DIRECTION('',(1.,-6.12323399573677E-17,0.));
#2700=DIRECTION('',(2.48352690264871E-8,-1.52072163596254E-24,1.));
#2701=DIRECTION('',(-1.,0.,0.));
#2702=DIRECTION('',(-1.,0.,0.));
#2703=DIRECTION('',(0.,2.48352690264871E-8,-1.));
#2704=DIRECTION('',(1.,-6.12323399573677E-17,0.));
#2705=DIRECTION('',(0.,0.,-1.));
#2706=DIRECTION('',(0.999999999999999,-6.12323399573676E-17,4.47034803618964E-8));
#2707=DIRECTION('',(0.,0.,-1.));
#2708=DIRECTION('',(1.,-6.12323399573677E-17,0.));
#2709=DIRECTION('',(0.,0.,1.));
#2710=DIRECTION('',(1.,-6.12323399573677E-17,0.));
#2711=DIRECTION('',(0.,0.,-1.));
#2712=DIRECTION('',(-1.,0.,0.));
#2713=DIRECTION('',(0.,0.,1.));
#2714=DIRECTION('',(1.,-6.12323399573677E-17,0.));
#2715=DIRECTION('',(0.,0.,-1.));
#2716=DIRECTION('',(1.,-6.12323399573677E-17,0.));
#2717=DIRECTION('',(0.,0.,1.));
#2718=DIRECTION('center_axis',(-1.,6.12323399573676E-17,2.48352690264871E-8));
#2719=DIRECTION('ref_axis',(-2.48352690264871E-8,1.52072163596254E-24,-1.));
#2720=DIRECTION('',(-6.12323399573677E-17,-1.,0.));
#2721=DIRECTION('center_axis',(1.,-6.12323399573677E-17,0.));
#2722=DIRECTION('ref_axis',(0.,0.,1.));
#2723=DIRECTION('',(6.12323399573677E-17,1.,0.));
#2724=DIRECTION('',(-6.12323399573677E-17,-1.,0.));
#2725=DIRECTION('center_axis',(0.,0.,-1.));
#2726=DIRECTION('ref_axis',(1.,-6.12323399573677E-17,0.));
#2727=DIRECTION('',(-6.12323399573677E-17,-1.,0.));
#2728=DIRECTION('center_axis',(-1.,6.12323399573677E-17,0.));
#2729=DIRECTION('ref_axis',(0.,0.,-1.));
#2730=DIRECTION('',(-6.12323399573677E-17,-1.,0.));
#2731=DIRECTION('center_axis',(0.,0.,-1.));
#2732=DIRECTION('ref_axis',(1.,-6.12323399573677E-17,0.));
#2733=DIRECTION('',(-6.12323399573677E-17,-1.,0.));
#2734=DIRECTION('center_axis',(1.,-6.12323399573677E-17,0.));
#2735=DIRECTION('ref_axis',(0.,0.,1.));
#2736=DIRECTION('center_axis',(1.,-6.12323399573677E-17,0.));
#2737=DIRECTION('ref_axis',(0.,0.,1.));
#2738=DIRECTION('',(-6.12323399573677E-17,-1.,0.));
#2739=DIRECTION('center_axis',(0.,0.,-1.));
#2740=DIRECTION('ref_axis',(1.,-6.12323399573677E-17,0.));
#2741=DIRECTION('',(1.22464679914735E-16,1.,0.));
#2742=DIRECTION('center_axis',(0.,0.,1.));
#2743=DIRECTION('ref_axis',(1.,0.,0.));
#2744=DIRECTION('',(-6.12323399573677E-17,-1.,0.));
#2745=DIRECTION('center_axis',(-1.,6.12323399573677E-17,0.));
#2746=DIRECTION('ref_axis',(0.,0.,-1.));
#2747=DIRECTION('',(-6.12323399573677E-17,-1.,0.));
#2748=DIRECTION('',(-6.12323399573677E-17,-1.,0.));
#2749=DIRECTION('center_axis',(4.47034803618964E-8,-2.73729870679715E-24,
-0.999999999999999));
#2750=DIRECTION('ref_axis',(0.999999999999999,-6.12323399573676E-17,4.47034803618964E-8));
#2751=DIRECTION('',(-6.12323399573677E-17,-1.,0.));
#2752=DIRECTION('center_axis',(-1.,6.12323399573677E-17,0.));
#2753=DIRECTION('ref_axis',(0.,0.,-1.));
#2754=DIRECTION('',(-6.12323399573677E-17,-1.,0.));
#2755=DIRECTION('center_axis',(0.,0.,-1.));
#2756=DIRECTION('ref_axis',(1.,-6.12323399573677E-17,0.));
#2757=DIRECTION('',(-6.12323399573677E-17,-1.,0.));
#2758=DIRECTION('center_axis',(1.,-6.12323399573677E-17,0.));
#2759=DIRECTION('ref_axis',(0.,0.,1.));
#2760=DIRECTION('',(-6.12323399573677E-17,-1.,0.));
#2761=DIRECTION('center_axis',(0.,0.,-1.));
#2762=DIRECTION('ref_axis',(1.,-6.12323399573677E-17,0.));
#2763=DIRECTION('',(-6.12323399573677E-17,-1.,0.));
#2764=DIRECTION('center_axis',(-1.,6.12323399573677E-17,0.));
#2765=DIRECTION('ref_axis',(0.,0.,-1.));
#2766=DIRECTION('center_axis',(0.,1.,2.48352690264871E-8));
#2767=DIRECTION('ref_axis',(0.,2.48352690264871E-8,-1.));
#2768=DIRECTION('',(-1.,0.,0.));
#2769=DIRECTION('center_axis',(0.,-1.,0.));
#2770=DIRECTION('ref_axis',(0.,0.,1.));
#2771=DIRECTION('',(1.,0.,0.));
#2772=DIRECTION('',(-1.,0.,0.));
#2773=DIRECTION('center_axis',(0.,0.,-1.));
#2774=DIRECTION('ref_axis',(0.,-1.,0.));
#2775=DIRECTION('',(-1.,0.,0.));
#2776=DIRECTION('center_axis',(0.,1.,0.));
#2777=DIRECTION('ref_axis',(0.,0.,-1.));
#2778=DIRECTION('',(-1.,0.,0.));
#2779=DIRECTION('center_axis',(0.,0.,-1.));
#2780=DIRECTION('ref_axis',(0.,-1.,0.));
#2781=DIRECTION('',(-1.,0.,0.));
#2782=DIRECTION('center_axis',(0.,-1.,0.));
#2783=DIRECTION('ref_axis',(0.,0.,1.));
#2784=DIRECTION('',(-1.,0.,0.));
#2785=DIRECTION('center_axis',(0.,0.,-1.));
#2786=DIRECTION('ref_axis',(0.,-1.,0.));
#2787=DIRECTION('',(-1.,0.,0.));
#2788=DIRECTION('center_axis',(0.,-1.,0.));
#2789=DIRECTION('ref_axis',(0.,0.,1.));
#2790=DIRECTION('',(-1.,0.,0.));
#2791=DIRECTION('center_axis',(0.,0.,-1.));
#2792=DIRECTION('ref_axis',(0.,-1.,0.));
#2793=DIRECTION('center_axis',(0.,0.,1.));
#2794=DIRECTION('ref_axis',(1.,0.,0.));
#2795=DIRECTION('',(-1.,0.,0.));
#2796=DIRECTION('center_axis',(0.,-1.,2.48352690264871E-8));
#2797=DIRECTION('ref_axis',(0.,2.48352690264871E-8,1.));
#2798=DIRECTION('',(1.,0.,0.));
#2799=DIRECTION('',(0.,2.48352690264871E-8,1.));
#2800=DIRECTION('center_axis',(0.,1.,0.));
#2801=DIRECTION('ref_axis',(0.,0.,-1.));
#2802=DIRECTION('',(-1.,0.,0.));
#2803=DIRECTION('center_axis',(0.,-4.47034803618964E-8,-0.999999999999999));
#2804=DIRECTION('ref_axis',(0.,-0.999999999999999,4.47034803618964E-8));
#2805=DIRECTION('',(-1.,0.,0.));
#2806=DIRECTION('center_axis',(0.,1.,0.));
#2807=DIRECTION('ref_axis',(0.,0.,-1.));
#2808=DIRECTION('',(-1.,0.,0.));
#2809=DIRECTION('center_axis',(0.,0.,-1.));
#2810=DIRECTION('ref_axis',(0.,-1.,0.));
#2811=DIRECTION('',(-1.,0.,0.));
#2812=DIRECTION('center_axis',(0.,-1.,0.));
#2813=DIRECTION('ref_axis',(0.,0.,1.));
#2814=DIRECTION('',(-1.,0.,0.));
#2815=DIRECTION('center_axis',(0.,0.,-1.));
#2816=DIRECTION('ref_axis',(0.,-1.,0.));
#2817=DIRECTION('',(-1.,0.,0.));
#2818=DIRECTION('center_axis',(0.,1.,0.));
#2819=DIRECTION('ref_axis',(0.,0.,-1.));
#2820=DIRECTION('center_axis',(-1.,0.,0.));
#2821=DIRECTION('ref_axis',(0.,-1.,0.));
#2822=DIRECTION('',(0.,0.,-1.));
#2823=DIRECTION('center_axis',(0.,-1.,0.));
#2824=DIRECTION('ref_axis',(1.,0.,0.));
#2825=DIRECTION('center_axis',(0.,-1.,0.));
#2826=DIRECTION('ref_axis',(1.,0.,0.));
#2827=DIRECTION('',(1.,0.,0.));
#2828=DIRECTION('center_axis',(0.,0.,1.));
#2829=DIRECTION('ref_axis',(1.,0.,0.));
#2830=DIRECTION('',(0.,0.,1.));
#2831=DIRECTION('',(1.,0.,0.));
#2832=CARTESIAN_POINT('',(0.,0.,0.));
#2833=CARTESIAN_POINT('',(0.,0.,0.));
#2834=CARTESIAN_POINT('Origin',(-19.3406377615199,32.,11.9179673539477));
#2835=CARTESIAN_POINT('',(-20.0000002980232,25.,10.0297827640688));
#2836=CARTESIAN_POINT('',(-17.3423208084362,25.,12.));
#2837=CARTESIAN_POINT('Origin',(-19.3406377615199,25.,11.9179673539477));
#2838=CARTESIAN_POINT('',(-20.0000002980232,32.,10.0297827640688));
#2839=CARTESIAN_POINT('',(-20.0000002980232,32.,10.0297827640688));
#2840=CARTESIAN_POINT('',(-17.3423208084362,32.,12.));
#2841=CARTESIAN_POINT('Origin',(-19.3406377615199,32.,11.9179673539477));
#2842=CARTESIAN_POINT('',(-17.3423208084362,32.,12.));
#2843=CARTESIAN_POINT('Origin',(32.,25.,0.));
#2844=CARTESIAN_POINT('',(-16.,25.,12.));
#2845=CARTESIAN_POINT('',(-20.0000002980232,25.,12.));
#2846=CARTESIAN_POINT('',(-16.,25.,16.));
#2847=CARTESIAN_POINT('',(-16.,25.,12.));
#2848=CARTESIAN_POINT('',(-12.,25.,16.));
#2849=CARTESIAN_POINT('',(-16.,25.,16.));
#2850=CARTESIAN_POINT('',(-12.,25.,12.));
#2851=CARTESIAN_POINT('',(-12.,25.,16.));
#2852=CARTESIAN_POINT('',(-8.,25.,12.));
#2853=CARTESIAN_POINT('',(-12.,25.,12.));
#2854=CARTESIAN_POINT('',(-8.,25.,20.));
#2855=CARTESIAN_POINT('',(-8.,25.,12.));
#2856=CARTESIAN_POINT('',(8.,25.,20.));
#2857=CARTESIAN_POINT('',(16.,25.,20.));
#2858=CARTESIAN_POINT('',(8.,25.,12.));
#2859=CARTESIAN_POINT('',(8.,25.,20.));
#2860=CARTESIAN_POINT('',(12.,25.,12.));
#2861=CARTESIAN_POINT('',(8.,25.,12.));
#2862=CARTESIAN_POINT('',(12.,25.,16.));
#2863=CARTESIAN_POINT('',(12.,25.,12.));
#2864=CARTESIAN_POINT('',(16.,25.,16.));
#2865=CARTESIAN_POINT('',(12.,25.,16.));
#2866=CARTESIAN_POINT('',(16.,25.,12.));
#2867=CARTESIAN_POINT('',(16.,25.,16.));
#2868=CARTESIAN_POINT('',(20.0000002980232,25.,12.0000001788139));
#2869=CARTESIAN_POINT('',(16.,25.,12.));
#2870=CARTESIAN_POINT('',(20.0000002980232,25.,8.00000017881393));
#2871=CARTESIAN_POINT('',(20.0000002980232,25.,12.0000001788139));
#2872=CARTESIAN_POINT('',(25.,25.,8.00000017881393));
#2873=CARTESIAN_POINT('',(20.0000002980232,25.,8.00000017881393));
#2874=CARTESIAN_POINT('',(25.,25.,28.));
#2875=CARTESIAN_POINT('',(25.,25.,0.));
#2876=CARTESIAN_POINT('',(-25.,25.,28.));
#2877=CARTESIAN_POINT('',(16.,25.,28.));
#2878=CARTESIAN_POINT('',(-25.,25.,8.00000017881393));
#2879=CARTESIAN_POINT('',(-25.,25.,7.00000004470348));
#2880=CARTESIAN_POINT('',(-20.0000002980232,25.,8.00000017881393));
#2881=CARTESIAN_POINT('',(-32.0000002980232,25.,8.00000017881393));
#2882=CARTESIAN_POINT('',(-20.0000002980232,25.,8.00000017881393));
#2883=CARTESIAN_POINT('Origin',(-20.0000002980232,32.,12.));
#2884=CARTESIAN_POINT('',(-16.,32.,12.));
#2885=CARTESIAN_POINT('',(-20.0000002980232,32.,12.));
#2886=CARTESIAN_POINT('',(-16.,32.,12.));
#2887=CARTESIAN_POINT('Origin',(25.7557317406878,-20.1699999999999,3.));
#2888=CARTESIAN_POINT('',(25.7557317406878,-20.1699999999999,8.00000017881393));
#2889=CARTESIAN_POINT('',(25.,-20.1699999999999,8.00000017881393));
#2890=CARTESIAN_POINT('',(28.8778658703439,-20.1699999999999,8.00000017881393));
#2891=CARTESIAN_POINT('',(25.7557317406878,-20.1699999999999,22.));
#2892=CARTESIAN_POINT('',(25.7557317406878,-20.1699999999999,3.));
#2893=CARTESIAN_POINT('',(25.,-20.1699999999999,22.));
#2894=CARTESIAN_POINT('',(25.,-20.1699999999999,22.));
#2895=CARTESIAN_POINT('',(25.,-20.1699999999999,1.5));
#2896=CARTESIAN_POINT('Origin',(25.7557317406878,-21.4299999999999,3.));
#2897=CARTESIAN_POINT('',(25.7557317406878,-21.4299999999999,8.00000017881393));
#2898=CARTESIAN_POINT('',(25.7557317406878,-20.7150001490116,8.00000017881393));
#2899=CARTESIAN_POINT('',(25.7557317406878,-21.4299999999999,22.));
#2900=CARTESIAN_POINT('',(25.7557317406878,-21.4299999999999,3.));
#2901=CARTESIAN_POINT('',(25.7557317406878,-20.1699999999999,22.));
#2902=CARTESIAN_POINT('Origin',(25.,-21.4299999999999,3.));
#2903=CARTESIAN_POINT('',(25.,-21.4299999999999,8.00000017881393));
#2904=CARTESIAN_POINT('',(28.5,-21.4299999999999,8.00000017881393));
#2905=CARTESIAN_POINT('',(25.,-21.4299999999999,22.));
#2906=CARTESIAN_POINT('',(25.,-21.4299999999999,1.5));
#2907=CARTESIAN_POINT('',(25.7557317406878,-21.4299999999999,22.));
#2908=CARTESIAN_POINT('Origin',(25.3778658703439,-20.7999999999999,22.));
#2909=CARTESIAN_POINT('',(25.,-26.4,22.));
#2910=CARTESIAN_POINT('Origin',(27.4557317406876,-6.44999999999985,3.));
#2911=CARTESIAN_POINT('',(27.4557317406876,-6.44999999999985,20.));
#2912=CARTESIAN_POINT('',(25.,-6.44999999999985,20.));
#2913=CARTESIAN_POINT('',(13.7278658703438,-6.44999999999985,20.));
#2914=CARTESIAN_POINT('',(27.4557317406876,-6.44999999999985,22.));
#2915=CARTESIAN_POINT('',(27.4557317406876,-6.44999999999985,3.));
#2916=CARTESIAN_POINT('',(25.,-6.44999999999985,22.));
#2917=CARTESIAN_POINT('',(24.3763223197651,-6.44999999999985,22.));
#2918=CARTESIAN_POINT('',(25.,-6.44999999999985,1.5));
#2919=CARTESIAN_POINT('Origin',(26.0257317406876,-7.19999999999986,22.));
#2920=CARTESIAN_POINT('',(25.,-7.94999999999986,22.));
#2921=CARTESIAN_POINT('',(25.,-19.5999999999999,22.));
#2922=CARTESIAN_POINT('',(27.4557317406876,-7.94999999999986,22.));
#2923=CARTESIAN_POINT('',(27.4557317406876,-6.44999999999985,22.));
#2924=CARTESIAN_POINT('',(27.4557317406876,-7.94999999999986,22.));
#2925=CARTESIAN_POINT('Origin',(27.4557317406876,-7.94999999999986,3.));
#2926=CARTESIAN_POINT('',(27.4557317406876,-7.94999999999986,20.));
#2927=CARTESIAN_POINT('',(27.4557317406876,-3.97499999999993,20.));
#2928=CARTESIAN_POINT('',(27.4557317406876,-7.94999999999986,3.));
#2929=CARTESIAN_POINT('Origin',(24.5957317406876,-7.94999999999986,3.));
#2930=CARTESIAN_POINT('',(25.,-7.94999999999986,20.));
#2931=CARTESIAN_POINT('',(12.2978658703438,-7.94999999999986,20.));
#2932=CARTESIAN_POINT('',(25.,-7.94999999999986,1.5));
#2933=CARTESIAN_POINT('Origin',(32.,-20.0000002980232,8.00000017881393));
#2934=CARTESIAN_POINT('',(25.,-20.0000002980232,8.00000017881393));
#2935=CARTESIAN_POINT('',(25.,-20.0000002980232,8.00000017881393));
#2936=CARTESIAN_POINT('',(32.,-20.0000002980232,8.00000017881393));
#2937=CARTESIAN_POINT('',(32.,-20.0000002980232,8.00000017881393));
#2938=CARTESIAN_POINT('',(32.,-32.0000002980232,8.00000017881393));
#2939=CARTESIAN_POINT('',(32.,-20.0000002980232,8.00000017881393));
#2940=CARTESIAN_POINT('',(25.,-32.0000002980232,8.00000017881393));
#2941=CARTESIAN_POINT('',(32.,-32.0000002980232,8.00000017881393));
#2942=CARTESIAN_POINT('',(20.0000002980232,-32.,8.00000017881393));
#2943=CARTESIAN_POINT('',(32.0000002980232,-32.,8.00000017881393));
#2944=CARTESIAN_POINT('',(20.0000002980232,-25.,8.00000017881393));
#2945=CARTESIAN_POINT('',(20.0000002980232,-32.,8.00000017881393));
#2946=CARTESIAN_POINT('',(25.,-25.,8.00000017881393));
#2947=CARTESIAN_POINT('',(32.0000002980232,-25.,8.00000017881393));
#2948=CARTESIAN_POINT('',(25.,-20.0000002980232,8.00000017881393));
#2949=CARTESIAN_POINT('',(28.0000004172325,-27.0500004172325,8.00000017881393));
#2950=CARTESIAN_POINT('Origin',(28.0000004172325,-28.0000004172325,8.00000017881393));
#2951=CARTESIAN_POINT('Origin',(-24.,24.,32.));
#2952=CARTESIAN_POINT('',(-23.,24.,32.));
#2953=CARTESIAN_POINT('',(-15.5,24.,32.));
#2954=CARTESIAN_POINT('',(-12.,24.,32.));
#2955=CARTESIAN_POINT('',(-23.,24.,28.));
#2956=CARTESIAN_POINT('',(-23.,24.,32.));
#2957=CARTESIAN_POINT('',(-15.5,24.,28.));
#2958=CARTESIAN_POINT('',(-12.,24.,28.));
#2959=CARTESIAN_POINT('',(-15.5,24.,32.));
#2960=CARTESIAN_POINT('Origin',(-23.,11.,32.));
#2961=CARTESIAN_POINT('',(-23.,11.,32.));
#2962=CARTESIAN_POINT('',(-23.,5.5,32.));
#2963=CARTESIAN_POINT('',(-23.,11.,28.));
#2964=CARTESIAN_POINT('',(-23.,11.,32.));
#2965=CARTESIAN_POINT('',(-23.,5.5,28.));
#2966=CARTESIAN_POINT('Origin',(-14.5,11.,32.));
#2967=CARTESIAN_POINT('',(-15.5,11.,32.));
#2968=CARTESIAN_POINT('',(-7.25,11.,32.));
#2969=CARTESIAN_POINT('',(-15.5,11.,28.));
#2970=CARTESIAN_POINT('',(-15.5,11.,32.));
#2971=CARTESIAN_POINT('',(-7.25,11.,28.));
#2972=CARTESIAN_POINT('Origin',(-15.5,24.,32.));
#2973=CARTESIAN_POINT('',(-15.5,12.,32.));
#2974=CARTESIAN_POINT('',(-15.5,12.,28.));
#2975=CARTESIAN_POINT('Origin',(18.25,0.,28.));
#2976=CARTESIAN_POINT('',(17.25,1.22464679914735E-16,28.));
#2977=CARTESIAN_POINT('Origin',(18.25,0.,28.));
#2978=CARTESIAN_POINT('',(17.25,1.22464679914735E-16,30.));
#2979=CARTESIAN_POINT('',(17.25,-1.22464679914735E-16,28.));
#2980=CARTESIAN_POINT('Origin',(18.25,0.,30.));
#2981=CARTESIAN_POINT('Origin',(18.25,0.,30.));
#2982=CARTESIAN_POINT('Origin',(-18.25,0.,28.));
#2983=CARTESIAN_POINT('',(-19.25,1.22464679914735E-16,28.));
#2984=CARTESIAN_POINT('Origin',(-18.25,0.,28.));
#2985=CARTESIAN_POINT('',(-19.25,1.22464679914735E-16,30.));
#2986=CARTESIAN_POINT('',(-19.25,-1.22464679914735E-16,28.));
#2987=CARTESIAN_POINT('Origin',(-18.25,0.,30.));
#2988=CARTESIAN_POINT('Origin',(-18.25,0.,30.));
#2989=CARTESIAN_POINT('Origin',(14.2,-15.7,32.));
#2990=CARTESIAN_POINT('',(-14.2,-15.7,28.));
#2991=CARTESIAN_POINT('',(14.2,-15.7,28.));
#2992=CARTESIAN_POINT('',(7.1,-15.7,28.));
#2993=CARTESIAN_POINT('',(-14.2,-15.7,32.));
#2994=CARTESIAN_POINT('',(-14.2,-15.7,32.));
#2995=CARTESIAN_POINT('',(14.2,-15.7,32.));
#2996=CARTESIAN_POINT('',(7.1,-15.7,32.));
#2997=CARTESIAN_POINT('',(14.2,-15.7,32.));
#2998=CARTESIAN_POINT('Origin',(14.2,15.7,32.));
#2999=CARTESIAN_POINT('',(14.2,15.7,28.));
#3000=CARTESIAN_POINT('',(14.2,7.85,28.));
#3001=CARTESIAN_POINT('',(14.2,15.7,32.));
#3002=CARTESIAN_POINT('',(14.2,7.85,32.));
#3003=CARTESIAN_POINT('',(14.2,15.7,32.));
#3004=CARTESIAN_POINT('Origin',(-14.2,15.7,32.));
#3005=CARTESIAN_POINT('',(-14.2,15.7,28.));
#3006=CARTESIAN_POINT('',(-7.1,15.7,28.));
#3007=CARTESIAN_POINT('',(-14.2,15.7,32.));
#3008=CARTESIAN_POINT('',(-7.1,15.7,32.));
#3009=CARTESIAN_POINT('',(-14.2,15.7,32.));
#3010=CARTESIAN_POINT('Origin',(-14.2,-15.7,32.));
#3011=CARTESIAN_POINT('',(-14.2,-7.85,28.));
#3012=CARTESIAN_POINT('',(-14.2,-7.85,32.));
#3013=CARTESIAN_POINT('Origin',(0.,0.,28.));
#3014=CARTESIAN_POINT('',(25.,-25.,28.));
#3015=CARTESIAN_POINT('',(25.,-16.,28.));
#3016=CARTESIAN_POINT('',(-25.,-25.,28.));
#3017=CARTESIAN_POINT('',(-16.,-25.,28.));
#3018=CARTESIAN_POINT('',(-25.,16.,28.));
#3019=CARTESIAN_POINT('Origin',(28.0000004172325,-28.0000004172325,0.));
#3020=CARTESIAN_POINT('',(28.0000004172325,-27.0500004172325,16.));
#3021=CARTESIAN_POINT('',(28.0000004172325,-27.0500004172325,0.));
#3022=CARTESIAN_POINT('Origin',(28.0000004172325,-28.0000004172325,16.));
#3023=CARTESIAN_POINT('Origin',(28.0000004172325,-28.0000004172325,16.));
#3024=CARTESIAN_POINT('Origin',(-28.0000004172325,-28.0000004172325,0.));
#3025=CARTESIAN_POINT('',(-27.0500004172325,-28.0000004172325,8.00000017881393));
#3026=CARTESIAN_POINT('Origin',(-28.0000004172325,-28.0000004172325,8.00000017881393));
#3027=CARTESIAN_POINT('',(-27.0500004172325,-28.0000004172325,16.));
#3028=CARTESIAN_POINT('',(-27.0500004172325,-28.0000004172325,0.));
#3029=CARTESIAN_POINT('Origin',(-28.0000004172325,-28.0000004172325,16.));
#3030=CARTESIAN_POINT('Origin',(-28.0000004172325,-28.0000004172325,16.));
#3031=CARTESIAN_POINT('Origin',(-28.0000004172325,28.0000004172325,0.));
#3032=CARTESIAN_POINT('',(-28.0000004172325,27.0500004172325,8.00000017881393));
#3033=CARTESIAN_POINT('Origin',(-28.0000004172325,28.0000004172325,8.00000017881393));
#3034=CARTESIAN_POINT('',(-28.0000004172325,27.0500004172325,16.));
#3035=CARTESIAN_POINT('',(-28.0000004172325,27.0500004172325,0.));
#3036=CARTESIAN_POINT('Origin',(-28.0000004172325,28.0000004172325,16.));
#3037=CARTESIAN_POINT('Origin',(-28.0000004172325,28.0000004172325,16.));
#3038=CARTESIAN_POINT('Origin',(28.0000004172325,28.0000004172325,0.));
#3039=CARTESIAN_POINT('',(27.0500004172325,28.0000004172325,8.00000017881393));
#3040=CARTESIAN_POINT('Origin',(28.0000004172325,28.0000004172325,8.00000017881393));
#3041=CARTESIAN_POINT('',(27.0500004172325,28.0000004172325,16.));
#3042=CARTESIAN_POINT('',(27.0500004172325,28.0000004172325,0.));
#3043=CARTESIAN_POINT('Origin',(28.0000004172325,28.0000004172325,16.));
#3044=CARTESIAN_POINT('Origin',(28.0000004172325,28.0000004172325,16.));
#3045=CARTESIAN_POINT('Origin',(7.99999999999999,-32.,12.));
#3046=CARTESIAN_POINT('',(7.99999999999999,-32.,12.));
#3047=CARTESIAN_POINT('',(7.99999999999999,-32.,20.));
#3048=CARTESIAN_POINT('',(7.99999999999999,-32.,12.));
#3049=CARTESIAN_POINT('',(7.99999999999999,-25.,20.));
#3050=CARTESIAN_POINT('',(8.,-16.,20.));
#3051=CARTESIAN_POINT('',(7.99999999999999,-25.,12.));
#3052=CARTESIAN_POINT('',(8.,-25.,12.));
#3053=CARTESIAN_POINT('',(7.99999999999999,-32.,12.));
#3054=CARTESIAN_POINT('Origin',(12.,-32.,12.));
#3055=CARTESIAN_POINT('',(12.,-32.,12.));
#3056=CARTESIAN_POINT('',(12.,-32.,12.));
#3057=CARTESIAN_POINT('',(12.,-25.,12.));
#3058=CARTESIAN_POINT('',(12.,-25.,12.));
#3059=CARTESIAN_POINT('',(12.,-32.,12.));
#3060=CARTESIAN_POINT('Origin',(12.,-32.,16.));
#3061=CARTESIAN_POINT('',(12.,-32.,16.));
#3062=CARTESIAN_POINT('',(12.,-32.,16.));
#3063=CARTESIAN_POINT('',(12.,-25.,16.));
#3064=CARTESIAN_POINT('',(12.,-25.,16.));
#3065=CARTESIAN_POINT('',(12.,-32.,16.));
#3066=CARTESIAN_POINT('Origin',(16.,-32.,16.));
#3067=CARTESIAN_POINT('',(16.,-32.,16.));
#3068=CARTESIAN_POINT('',(16.,-32.,16.));
#3069=CARTESIAN_POINT('',(16.,-25.,16.));
#3070=CARTESIAN_POINT('',(16.,-25.,16.));
#3071=CARTESIAN_POINT('',(16.,-32.,16.));
#3072=CARTESIAN_POINT('Origin',(16.,-32.,12.));
#3073=CARTESIAN_POINT('',(16.,-32.,12.));
#3074=CARTESIAN_POINT('',(16.,-32.,12.));
#3075=CARTESIAN_POINT('',(16.,-25.,12.));
#3076=CARTESIAN_POINT('',(16.,-25.,12.));
#3077=CARTESIAN_POINT('',(16.,-32.,12.));
#3078=CARTESIAN_POINT('Origin',(20.0000002980232,-32.,12.));
#3079=CARTESIAN_POINT('',(20.0000002980232,-32.,12.));
#3080=CARTESIAN_POINT('',(20.0000002980232,-32.,12.));
#3081=CARTESIAN_POINT('',(20.0000002980232,-25.,12.));
#3082=CARTESIAN_POINT('',(20.0000002980232,-25.,12.));
#3083=CARTESIAN_POINT('',(20.0000002980232,-32.,12.));
#3084=CARTESIAN_POINT('Origin',(20.0000002980232,-32.,8.00000017881393));
#3085=CARTESIAN_POINT('',(20.0000002980232,-32.,8.00000017881393));
#3086=CARTESIAN_POINT('',(20.0000002980232,-25.,8.00000017881393));
#3087=CARTESIAN_POINT('Origin',(32.,-32.,0.));
#3088=CARTESIAN_POINT('',(32.,-32.,20.));
#3089=CARTESIAN_POINT('',(32.,-32.,20.));
#3090=CARTESIAN_POINT('',(32.,-20.0000002980232,12.0000001788139));
#3091=CARTESIAN_POINT('',(32.,-20.0000002980232,12.0000001788139));
#3092=CARTESIAN_POINT('',(32.,-16.,12.));
#3093=CARTESIAN_POINT('',(32.,-16.,12.));
#3094=CARTESIAN_POINT('',(32.,-16.,16.));
#3095=CARTESIAN_POINT('',(32.,-16.,16.));
#3096=CARTESIAN_POINT('',(32.,-12.,16.));
#3097=CARTESIAN_POINT('',(32.,-12.,16.));
#3098=CARTESIAN_POINT('',(32.,-12.,12.));
#3099=CARTESIAN_POINT('',(32.,-12.,12.));
#3100=CARTESIAN_POINT('',(32.,-8.,12.));
#3101=CARTESIAN_POINT('',(32.,-8.,12.));
#3102=CARTESIAN_POINT('',(32.,-8.,20.));
#3103=CARTESIAN_POINT('',(32.,-8.,20.));
#3104=CARTESIAN_POINT('',(32.,8.,20.));
#3105=CARTESIAN_POINT('',(32.,-16.,20.));
#3106=CARTESIAN_POINT('',(32.,8.,12.));
#3107=CARTESIAN_POINT('',(32.,8.,12.));
#3108=CARTESIAN_POINT('',(32.,12.,12.));
#3109=CARTESIAN_POINT('',(32.,12.,12.));
#3110=CARTESIAN_POINT('',(32.,12.,16.));
#3111=CARTESIAN_POINT('',(32.,12.,16.));
#3112=CARTESIAN_POINT('',(32.,16.,16.));
#3113=CARTESIAN_POINT('',(32.,16.,16.));
#3114=CARTESIAN_POINT('',(32.,16.,12.));
#3115=CARTESIAN_POINT('',(32.,16.,12.));
#3116=CARTESIAN_POINT('',(32.,20.0000002980232,12.));
#3117=CARTESIAN_POINT('',(32.,20.0000002980232,12.));
#3118=CARTESIAN_POINT('',(32.,20.0000002980232,8.00000017881393));
#3119=CARTESIAN_POINT('',(32.,20.0000002980232,8.00000017881393));
#3120=CARTESIAN_POINT('',(32.,32.0000002980232,8.00000017881393));
#3121=CARTESIAN_POINT('',(32.,32.0000002980232,8.00000017881393));
#3122=CARTESIAN_POINT('',(32.,32.,20.));
#3123=CARTESIAN_POINT('',(32.,32.0000002980232,8.00000017881393));
#3124=CARTESIAN_POINT('',(32.,32.,32.));
#3125=CARTESIAN_POINT('',(32.,32.,0.));
#3126=CARTESIAN_POINT('',(32.,-32.,32.));
#3127=CARTESIAN_POINT('',(32.,-32.,32.));
#3128=CARTESIAN_POINT('',(32.,-32.,0.));
#3129=CARTESIAN_POINT('Origin',(25.,-32.,0.));
#3130=CARTESIAN_POINT('',(25.,-25.,7.00000004470348));
#3131=CARTESIAN_POINT('',(25.,20.0000002980232,8.00000017881393));
#3132=CARTESIAN_POINT('',(25.,32.0000002980232,8.00000017881393));
#3133=CARTESIAN_POINT('',(25.,20.0000002980232,12.));
#3134=CARTESIAN_POINT('',(25.,20.0000002980232,8.00000017881393));
#3135=CARTESIAN_POINT('',(25.,16.,12.));
#3136=CARTESIAN_POINT('',(25.,20.0000002980232,12.));
#3137=CARTESIAN_POINT('',(25.,16.,16.));
#3138=CARTESIAN_POINT('',(25.,16.,12.));
#3139=CARTESIAN_POINT('',(25.,12.,16.));
#3140=CARTESIAN_POINT('',(25.,16.,16.));
#3141=CARTESIAN_POINT('',(25.,12.,12.));
#3142=CARTESIAN_POINT('',(25.,12.,16.));
#3143=CARTESIAN_POINT('',(25.,8.,12.));
#3144=CARTESIAN_POINT('',(25.,12.,12.));
#3145=CARTESIAN_POINT('',(25.,8.,20.));
#3146=CARTESIAN_POINT('',(25.,8.,12.));
#3147=CARTESIAN_POINT('',(25.,-16.,20.));
#3148=CARTESIAN_POINT('',(25.,-8.,20.));
#3149=CARTESIAN_POINT('',(25.,-16.,20.));
#3150=CARTESIAN_POINT('',(25.,-8.,12.));
#3151=CARTESIAN_POINT('',(25.,-8.,20.));
#3152=CARTESIAN_POINT('',(25.,-12.,12.));
#3153=CARTESIAN_POINT('',(25.,-8.,12.));
#3154=CARTESIAN_POINT('',(25.,-12.,16.));
#3155=CARTESIAN_POINT('',(25.,-12.,12.));
#3156=CARTESIAN_POINT('',(25.,-16.,16.));
#3157=CARTESIAN_POINT('',(25.,-12.,16.));
#3158=CARTESIAN_POINT('',(25.,-16.,12.));
#3159=CARTESIAN_POINT('',(25.,-16.,16.));
#3160=CARTESIAN_POINT('',(25.,-20.0000002980232,12.0000001788139));
#3161=CARTESIAN_POINT('',(25.,-16.,12.));
#3162=CARTESIAN_POINT('',(25.,-20.0000002980232,12.0000001788139));
#3163=CARTESIAN_POINT('Origin',(-20.0000002980232,-32.,12.0000001788139));
#3164=CARTESIAN_POINT('',(-20.0000002980232,-32.,12.0000001788139));
#3165=CARTESIAN_POINT('',(-20.0000002980232,-32.,8.00000017881393));
#3166=CARTESIAN_POINT('',(-20.0000002980232,-32.,12.0000001788139));
#3167=CARTESIAN_POINT('',(-20.0000002980232,-25.,8.00000017881393));
#3168=CARTESIAN_POINT('',(-20.0000002980232,-32.,8.00000017881393));
#3169=CARTESIAN_POINT('',(-20.0000002980232,-25.,12.0000001788139));
#3170=CARTESIAN_POINT('',(-20.0000002980232,-25.,12.0000001788139));
#3171=CARTESIAN_POINT('',(-20.0000002980232,-32.,12.0000001788139));
#3172=CARTESIAN_POINT('Origin',(-16.,-32.,12.));
#3173=CARTESIAN_POINT('',(-16.,-32.,12.));
#3174=CARTESIAN_POINT('',(-16.,-32.,12.));
#3175=CARTESIAN_POINT('',(-16.,-25.,12.));
#3176=CARTESIAN_POINT('',(-16.,-25.,12.));
#3177=CARTESIAN_POINT('',(-16.,-32.,12.));
#3178=CARTESIAN_POINT('Origin',(-16.,-32.,16.));
#3179=CARTESIAN_POINT('',(-16.,-32.,16.));
#3180=CARTESIAN_POINT('',(-16.,-32.,16.));
#3181=CARTESIAN_POINT('',(-16.,-25.,16.));
#3182=CARTESIAN_POINT('',(-16.,-25.,16.));
#3183=CARTESIAN_POINT('',(-16.,-32.,16.));
#3184=CARTESIAN_POINT('Origin',(-12.,-32.,16.));
#3185=CARTESIAN_POINT('',(-12.,-32.,16.));
#3186=CARTESIAN_POINT('',(-12.,-32.,16.));
#3187=CARTESIAN_POINT('',(-12.,-25.,16.));
#3188=CARTESIAN_POINT('',(-12.,-25.,16.));
#3189=CARTESIAN_POINT('',(-12.,-32.,16.));
#3190=CARTESIAN_POINT('Origin',(-12.,-32.,12.));
#3191=CARTESIAN_POINT('',(-12.,-32.,12.));
#3192=CARTESIAN_POINT('',(-12.,-32.,12.));
#3193=CARTESIAN_POINT('',(-12.,-25.,12.));
#3194=CARTESIAN_POINT('',(-12.,-25.,12.));
#3195=CARTESIAN_POINT('',(-12.,-32.,12.));
#3196=CARTESIAN_POINT('Origin',(-8.00000000000001,-32.,12.));
#3197=CARTESIAN_POINT('',(-8.00000000000001,-32.,12.));
#3198=CARTESIAN_POINT('',(-8.00000000000001,-32.,12.));
#3199=CARTESIAN_POINT('',(-8.,-25.,12.));
#3200=CARTESIAN_POINT('',(-8.00000000000001,-25.,12.));
#3201=CARTESIAN_POINT('',(-8.00000000000001,-32.,12.));
#3202=CARTESIAN_POINT('Origin',(-8.00000000000001,-32.,20.));
#3203=CARTESIAN_POINT('',(-8.00000000000001,-32.,20.));
#3204=CARTESIAN_POINT('',(-8.00000000000001,-32.,20.));
#3205=CARTESIAN_POINT('',(-8.,-25.,20.));
#3206=CARTESIAN_POINT('',(-8.00000000000001,-25.,20.));
#3207=CARTESIAN_POINT('',(-8.,-16.,20.));
#3208=CARTESIAN_POINT('Origin',(-32.,32.,0.));
#3209=CARTESIAN_POINT('',(-32.,-32.0000002980232,8.00000017881393));
#3210=CARTESIAN_POINT('',(-32.,-20.0000002980232,8.00000017881393));
#3211=CARTESIAN_POINT('',(-32.,-32.0000002980232,8.00000017881393));
#3212=CARTESIAN_POINT('',(-32.,-32.,20.));
#3213=CARTESIAN_POINT('',(-32.,-32.0000002980232,8.00000017881393));
#3214=CARTESIAN_POINT('',(-32.,-32.,32.));
#3215=CARTESIAN_POINT('',(-32.,-32.,0.));
#3216=CARTESIAN_POINT('',(-32.,32.,32.));
#3217=CARTESIAN_POINT('',(-32.,32.,32.));
#3218=CARTESIAN_POINT('',(-32.,32.,20.));
#3219=CARTESIAN_POINT('',(-32.,32.,0.));
#3220=CARTESIAN_POINT('',(-32.,25.,20.));
#3221=CARTESIAN_POINT('',(-32.,16.,20.));
#3222=CARTESIAN_POINT('',(-32.0000002980232,25.,8.00000017881393));
#3223=CARTESIAN_POINT('',(-32.0000002980232,25.,8.00000017881393));
#3224=CARTESIAN_POINT('',(-32.,20.0000002980232,8.00000017881393));
#3225=CARTESIAN_POINT('',(-32.,20.0000002980232,8.00000017881393));
#3226=CARTESIAN_POINT('',(-32.,20.0000002980232,12.0000001788139));
#3227=CARTESIAN_POINT('',(-32.,20.0000002980232,12.0000001788139));
#3228=CARTESIAN_POINT('',(-32.,16.,12.));
#3229=CARTESIAN_POINT('',(-32.,16.,12.));
#3230=CARTESIAN_POINT('',(-32.,16.,16.));
#3231=CARTESIAN_POINT('',(-32.,16.,16.));
#3232=CARTESIAN_POINT('',(-32.,12.,16.));
#3233=CARTESIAN_POINT('',(-32.,12.,16.));
#3234=CARTESIAN_POINT('',(-32.,12.,12.));
#3235=CARTESIAN_POINT('',(-32.,12.,12.));
#3236=CARTESIAN_POINT('',(-32.,8.00000000000001,12.));
#3237=CARTESIAN_POINT('',(-32.,8.00000000000001,12.));
#3238=CARTESIAN_POINT('',(-32.,8.00000000000001,20.));
#3239=CARTESIAN_POINT('',(-32.,8.00000000000001,20.));
#3240=CARTESIAN_POINT('',(-32.,-8.,20.));
#3241=CARTESIAN_POINT('',(-32.,16.,20.));
#3242=CARTESIAN_POINT('',(-32.,-8.,12.));
#3243=CARTESIAN_POINT('',(-32.,-8.,12.));
#3244=CARTESIAN_POINT('',(-32.,-12.,12.));
#3245=CARTESIAN_POINT('',(-32.,-12.,12.));
#3246=CARTESIAN_POINT('',(-32.,-12.,16.));
#3247=CARTESIAN_POINT('',(-32.,-12.,16.));
#3248=CARTESIAN_POINT('',(-32.,-16.,16.));
#3249=CARTESIAN_POINT('',(-32.,-16.,16.));
#3250=CARTESIAN_POINT('',(-32.,-16.,12.));
#3251=CARTESIAN_POINT('',(-32.,-16.,12.));
#3252=CARTESIAN_POINT('',(-32.,-20.0000002980232,12.));
#3253=CARTESIAN_POINT('',(-32.,-20.0000002980232,12.));
#3254=CARTESIAN_POINT('',(-32.,-20.0000002980232,8.00000017881393));
#3255=CARTESIAN_POINT('Origin',(-32.,-32.,20.));
#3256=CARTESIAN_POINT('',(-25.,-32.0000002980232,8.00000017881393));
#3257=CARTESIAN_POINT('',(-32.,-32.0000002980232,8.00000017881393));
#3258=CARTESIAN_POINT('',(-25.,-32.,20.));
#3259=CARTESIAN_POINT('',(-25.,-32.0000002980232,8.00000017881393));
#3260=CARTESIAN_POINT('',(-16.,-32.,20.));
#3261=CARTESIAN_POINT('Origin',(-32.,-8.,12.));
#3262=CARTESIAN_POINT('',(-25.,-7.99999999999999,20.));
#3263=CARTESIAN_POINT('',(-16.,-8.,20.));
#3264=CARTESIAN_POINT('',(-25.,-7.99999999999999,12.));
#3265=CARTESIAN_POINT('',(-25.,-8.,12.));
#3266=CARTESIAN_POINT('',(-32.,-8.,12.));
#3267=CARTESIAN_POINT('Origin',(-32.,-12.,12.));
#3268=CARTESIAN_POINT('',(-25.,-12.,12.));
#3269=CARTESIAN_POINT('',(-25.,-12.,12.));
#3270=CARTESIAN_POINT('',(-32.,-12.,12.));
#3271=CARTESIAN_POINT('Origin',(-32.,-12.,16.));
#3272=CARTESIAN_POINT('',(-25.,-12.,16.));
#3273=CARTESIAN_POINT('',(-25.,-12.,16.));
#3274=CARTESIAN_POINT('',(-32.,-12.,16.));
#3275=CARTESIAN_POINT('Origin',(-32.,-16.,16.));
#3276=CARTESIAN_POINT('',(-25.,-16.,16.));
#3277=CARTESIAN_POINT('',(-25.,-16.,16.));
#3278=CARTESIAN_POINT('',(-32.,-16.,16.));
#3279=CARTESIAN_POINT('Origin',(-32.,-16.,12.));
#3280=CARTESIAN_POINT('',(-25.,-16.,12.));
#3281=CARTESIAN_POINT('',(-25.,-16.,12.));
#3282=CARTESIAN_POINT('',(-32.,-16.,12.));
#3283=CARTESIAN_POINT('Origin',(-32.,-20.0000002980232,12.));
#3284=CARTESIAN_POINT('',(-25.,-20.0000002980232,12.));
#3285=CARTESIAN_POINT('',(-25.,-20.0000002980232,12.));
#3286=CARTESIAN_POINT('',(-32.,-20.0000002980232,12.));
#3287=CARTESIAN_POINT('Origin',(-32.,-20.0000002980232,8.00000017881393));
#3288=CARTESIAN_POINT('',(-25.,-20.0000002980232,8.00000017881393));
#3289=CARTESIAN_POINT('',(-25.,-20.0000002980232,8.00000017881393));
#3290=CARTESIAN_POINT('',(-32.,-20.0000002980232,8.00000017881393));
#3291=CARTESIAN_POINT('Origin',(-32.,-32.0000002980232,8.00000017881393));
#3292=CARTESIAN_POINT('',(-25.,-25.,8.00000017881393));
#3293=CARTESIAN_POINT('',(-25.,-32.0000002980232,8.00000017881393));
#3294=CARTESIAN_POINT('',(-20.0000002980232,-25.,8.00000017881393));
#3295=CARTESIAN_POINT('',(-20.0000002980232,-32.,8.00000017881393));
#3296=CARTESIAN_POINT('Origin',(0.,0.,20.));
#3297=CARTESIAN_POINT('',(-25.,8.,20.));
#3298=CARTESIAN_POINT('',(-16.,8.,20.));
#3299=CARTESIAN_POINT('',(-25.,16.,20.));
#3300=CARTESIAN_POINT('Origin',(0.,0.,20.));
#3301=CARTESIAN_POINT('',(-16.,-32.,20.));
#3302=CARTESIAN_POINT('',(-16.,-25.,20.));
#3303=CARTESIAN_POINT('Origin',(-32.,20.0000002980232,12.0000001788139));
#3304=CARTESIAN_POINT('',(-25.,20.0000002980232,8.00000017881393));
#3305=CARTESIAN_POINT('',(-32.,20.0000002980232,8.00000017881393));
#3306=CARTESIAN_POINT('',(-25.,20.0000002980232,12.0000001788139));
#3307=CARTESIAN_POINT('',(-25.,20.0000002980232,12.0000001788139));
#3308=CARTESIAN_POINT('',(-32.,20.0000002980232,12.0000001788139));
#3309=CARTESIAN_POINT('Origin',(-32.,16.,12.));
#3310=CARTESIAN_POINT('',(-25.,16.,12.));
#3311=CARTESIAN_POINT('',(-25.,16.,12.));
#3312=CARTESIAN_POINT('',(-32.,16.,12.));
#3313=CARTESIAN_POINT('Origin',(-32.,16.,16.));
#3314=CARTESIAN_POINT('',(-25.,16.,16.));
#3315=CARTESIAN_POINT('',(-25.,16.,16.));
#3316=CARTESIAN_POINT('',(-32.,16.,16.));
#3317=CARTESIAN_POINT('Origin',(-32.,12.,16.));
#3318=CARTESIAN_POINT('',(-25.,12.,16.));
#3319=CARTESIAN_POINT('',(-25.,12.,16.));
#3320=CARTESIAN_POINT('',(-32.,12.,16.));
#3321=CARTESIAN_POINT('Origin',(-32.,12.,12.));
#3322=CARTESIAN_POINT('',(-25.,12.,12.));
#3323=CARTESIAN_POINT('',(-25.,12.,12.));
#3324=CARTESIAN_POINT('',(-32.,12.,12.));
#3325=CARTESIAN_POINT('Origin',(-32.,8.00000000000001,12.));
#3326=CARTESIAN_POINT('',(-25.,8.,12.));
#3327=CARTESIAN_POINT('',(-25.,8.,12.));
#3328=CARTESIAN_POINT('',(-32.,8.00000000000001,12.));
#3329=CARTESIAN_POINT('Origin',(-32.,8.00000000000001,20.));
#3330=CARTESIAN_POINT('',(-25.,8.,20.));
#3331=CARTESIAN_POINT('Origin',(32.,32.,0.));
#3332=CARTESIAN_POINT('',(-20.0000002980232,32.,8.00000017881393));
#3333=CARTESIAN_POINT('',(-20.0000002980232,32.,8.00000017881393));
#3334=CARTESIAN_POINT('',(-32.0000002980232,32.,8.00000017881393));
#3335=CARTESIAN_POINT('',(-32.0000002980232,32.,8.00000017881393));
#3336=CARTESIAN_POINT('',(-32.0000002980232,32.,8.00000017881393));
#3337=CARTESIAN_POINT('',(32.,32.,32.));
#3338=CARTESIAN_POINT('',(25.,32.,20.));
#3339=CARTESIAN_POINT('',(16.,32.,20.));
#3340=CARTESIAN_POINT('',(25.,32.0000002980232,8.00000017881393));
#3341=CARTESIAN_POINT('',(25.,32.0000002980232,8.00000017881393));
#3342=CARTESIAN_POINT('',(20.0000002980232,32.,8.00000017881393));
#3343=CARTESIAN_POINT('',(20.0000002980232,32.,8.00000017881393));
#3344=CARTESIAN_POINT('',(20.0000002980232,32.,12.0000001788139));
#3345=CARTESIAN_POINT('',(20.0000002980232,32.,12.0000001788139));
#3346=CARTESIAN_POINT('',(16.,32.,12.));
#3347=CARTESIAN_POINT('',(16.,32.,12.));
#3348=CARTESIAN_POINT('',(16.,32.,16.));
#3349=CARTESIAN_POINT('',(16.,32.,16.));
#3350=CARTESIAN_POINT('',(12.,32.,16.));
#3351=CARTESIAN_POINT('',(12.,32.,16.));
#3352=CARTESIAN_POINT('',(12.,32.,12.));
#3353=CARTESIAN_POINT('',(12.,32.,12.));
#3354=CARTESIAN_POINT('',(8.,32.,12.));
#3355=CARTESIAN_POINT('',(8.,32.,12.));
#3356=CARTESIAN_POINT('',(8.,32.,20.));
#3357=CARTESIAN_POINT('',(8.,32.,20.));
#3358=CARTESIAN_POINT('',(-8.,32.,20.));
#3359=CARTESIAN_POINT('',(16.,32.,20.));
#3360=CARTESIAN_POINT('',(-8.,32.,12.));
#3361=CARTESIAN_POINT('',(-8.,32.,12.));
#3362=CARTESIAN_POINT('',(-12.,32.,12.));
#3363=CARTESIAN_POINT('',(-12.,32.,12.));
#3364=CARTESIAN_POINT('',(-12.,32.,16.));
#3365=CARTESIAN_POINT('',(-12.,32.,16.));
#3366=CARTESIAN_POINT('',(-16.,32.,16.));
#3367=CARTESIAN_POINT('',(-16.,32.,16.));
#3368=CARTESIAN_POINT('',(-16.,32.,12.));
#3369=CARTESIAN_POINT('Origin',(-32.,32.,20.));
#3370=CARTESIAN_POINT('',(-32.0000002980232,32.,8.00000017881393));
#3371=CARTESIAN_POINT('Origin',(-8.,32.,12.));
#3372=CARTESIAN_POINT('',(-8.,16.,20.));
#3373=CARTESIAN_POINT('',(-8.,32.,12.));
#3374=CARTESIAN_POINT('Origin',(-12.,32.,12.));
#3375=CARTESIAN_POINT('',(-12.,32.,12.));
#3376=CARTESIAN_POINT('Origin',(-12.,32.,16.));
#3377=CARTESIAN_POINT('',(-12.,32.,16.));
#3378=CARTESIAN_POINT('Origin',(-16.,32.,16.));
#3379=CARTESIAN_POINT('',(-16.,32.,16.));
#3380=CARTESIAN_POINT('Origin',(-16.,32.,12.));
#3381=CARTESIAN_POINT('Origin',(-20.0000002980232,32.,8.00000017881393));
#3382=CARTESIAN_POINT('',(-20.0000002980232,32.,8.00000017881393));
#3383=CARTESIAN_POINT('Origin',(-32.0000002980232,32.,8.00000017881393));
#3384=CARTESIAN_POINT('',(-25.,20.0000002980232,8.00000017881393));
#3385=CARTESIAN_POINT('Origin',(0.,0.,20.));
#3386=CARTESIAN_POINT('',(8.,16.,20.));
#3387=CARTESIAN_POINT('Origin',(20.0000002980232,32.,12.0000001788139));
#3388=CARTESIAN_POINT('',(20.0000002980232,32.,8.00000017881393));
#3389=CARTESIAN_POINT('',(20.0000002980232,32.,12.0000001788139));
#3390=CARTESIAN_POINT('Origin',(16.,32.,12.));
#3391=CARTESIAN_POINT('',(16.,32.,12.));
#3392=CARTESIAN_POINT('Origin',(16.,32.,16.));
#3393=CARTESIAN_POINT('',(16.,32.,16.));
#3394=CARTESIAN_POINT('Origin',(12.,32.,16.));
#3395=CARTESIAN_POINT('',(12.,32.,16.));
#3396=CARTESIAN_POINT('Origin',(12.,32.,12.));
#3397=CARTESIAN_POINT('',(12.,32.,12.));
#3398=CARTESIAN_POINT('Origin',(8.,32.,12.));
#3399=CARTESIAN_POINT('',(8.,32.,12.));
#3400=CARTESIAN_POINT('Origin',(8.,32.,20.));
#3401=CARTESIAN_POINT('Origin',(32.,32.,20.));
#3402=CARTESIAN_POINT('',(32.,32.0000002980232,8.00000017881393));
#3403=CARTESIAN_POINT('Origin',(32.,8.,12.));
#3404=CARTESIAN_POINT('',(16.,8.,20.));
#3405=CARTESIAN_POINT('',(32.,8.,12.));
#3406=CARTESIAN_POINT('Origin',(32.,12.,12.));
#3407=CARTESIAN_POINT('',(32.,12.,12.));
#3408=CARTESIAN_POINT('Origin',(32.,12.,16.));
#3409=CARTESIAN_POINT('',(32.,12.,16.));
#3410=CARTESIAN_POINT('Origin',(32.,16.,16.));
#3411=CARTESIAN_POINT('',(32.,16.,16.));
#3412=CARTESIAN_POINT('Origin',(32.,16.,12.));
#3413=CARTESIAN_POINT('',(32.,16.,12.));
#3414=CARTESIAN_POINT('Origin',(32.,20.0000002980232,12.));
#3415=CARTESIAN_POINT('',(32.,20.0000002980232,12.));
#3416=CARTESIAN_POINT('Origin',(32.,20.0000002980232,8.00000017881393));
#3417=CARTESIAN_POINT('',(32.,20.0000002980232,8.00000017881393));
#3418=CARTESIAN_POINT('Origin',(32.,32.0000002980232,8.00000017881393));
#3419=CARTESIAN_POINT('Origin',(0.,0.,20.));
#3420=CARTESIAN_POINT('',(16.,-8.,20.));
#3421=CARTESIAN_POINT('Origin',(32.,-32.0000002980232,8.00000017881394));
#3422=CARTESIAN_POINT('',(25.,-32.,20.));
#3423=CARTESIAN_POINT('',(-16.,-32.,20.));
#3424=CARTESIAN_POINT('',(25.,-32.,20.));
#3425=CARTESIAN_POINT('Origin',(32.,-20.0000002980232,12.0000001788139));
#3426=CARTESIAN_POINT('',(32.,-20.0000002980232,12.0000001788139));
#3427=CARTESIAN_POINT('Origin',(32.,-16.,12.));
#3428=CARTESIAN_POINT('',(32.,-16.,12.));
#3429=CARTESIAN_POINT('Origin',(32.,-16.,16.));
#3430=CARTESIAN_POINT('',(32.,-16.,16.));
#3431=CARTESIAN_POINT('Origin',(32.,-12.,16.));
#3432=CARTESIAN_POINT('',(32.,-12.,16.));
#3433=CARTESIAN_POINT('Origin',(32.,-12.,12.));
#3434=CARTESIAN_POINT('',(32.,-12.,12.));
#3435=CARTESIAN_POINT('Origin',(32.,-8.,12.));
#3436=CARTESIAN_POINT('',(32.,-8.,12.));
#3437=CARTESIAN_POINT('Origin',(32.,-8.,20.));
#3438=CARTESIAN_POINT('Origin',(-25.,32.,0.));
#3439=CARTESIAN_POINT('',(-25.,-25.,7.00000004470348));
#3440=CARTESIAN_POINT('Origin',(-32.,-25.,0.));
#3441=CARTESIAN_POINT('Origin',(-32.,-32.,0.));
#3442=CARTESIAN_POINT('',(-32.,-32.,32.));
#3443=CARTESIAN_POINT('Origin',(0.,0.,32.));
#3444=CARTESIAN_POINT('',(0.,0.,0.));
#3445=UNCERTAINTY_MEASURE_WITH_UNIT(LENGTH_MEASURE(0.01),#3451,
'DISTANCE_ACCURACY_VALUE',
'Maximum model space distance between geometric entities at asserted c
onnectivities');
#3446=UNCERTAINTY_MEASURE_WITH_UNIT(LENGTH_MEASURE(0.01),#3451,
'DISTANCE_ACCURACY_VALUE',
'Maximum model space distance between geometric entities at asserted c
onnectivities');
#3447=UNCERTAINTY_MEASURE_WITH_UNIT(LENGTH_MEASURE(0.01),#3451,
'DISTANCE_ACCURACY_VALUE',
'Maximum model space distance between geometric entities at asserted c
onnectivities');
#3448=(
GEOMETRIC_REPRESENTATION_CONTEXT(3)
GLOBAL_UNCERTAINTY_ASSIGNED_CONTEXT((#3445))
GLOBAL_UNIT_ASSIGNED_CONTEXT((#3451,#3453,#3454))
REPRESENTATION_CONTEXT('','3D')
);
#3449=(
GEOMETRIC_REPRESENTATION_CONTEXT(3)
GLOBAL_UNCERTAINTY_ASSIGNED_CONTEXT((#3446))
GLOBAL_UNIT_ASSIGNED_CONTEXT((#3451,#3453,#3454))
REPRESENTATION_CONTEXT('','3D')
);
#3450=(
GEOMETRIC_REPRESENTATION_CONTEXT(3)
GLOBAL_UNCERTAINTY_ASSIGNED_CONTEXT((#3447))
GLOBAL_UNIT_ASSIGNED_CONTEXT((#3451,#3453,#3454))
REPRESENTATION_CONTEXT('','3D')
);
#3451=(
LENGTH_UNIT()
NAMED_UNIT(*)
SI_UNIT(.MILLI.,.METRE.)
);
#3452=(
LENGTH_UNIT()
NAMED_UNIT(*)
SI_UNIT($,.METRE.)
);
#3453=(
NAMED_UNIT(*)
PLANE_ANGLE_UNIT()
SI_UNIT($,.RADIAN.)
);
#3454=(
NAMED_UNIT(*)
SI_UNIT($,.STERADIAN.)
SOLID_ANGLE_UNIT()
);
#3455=SHAPE_DEFINITION_REPRESENTATION(#3457,#3460);
#3456=SHAPE_DEFINITION_REPRESENTATION(#3458,#3461);
#3457=PRODUCT_DEFINITION_SHAPE('',$,#3463);
#3458=PRODUCT_DEFINITION_SHAPE('',$,#3464);
#3459=PRODUCT_DEFINITION_SHAPE($,$,#14);
#3460=SHAPE_REPRESENTATION('',(#2173,#2296),#3448);
#3461=SHAPE_REPRESENTATION('',(#2174),#3449);
#3462=PRODUCT_DEFINITION_CONTEXT('part definition',#3470,'design');
#3463=PRODUCT_DEFINITION('sculk shrieker','sculk shrieker v16',#3465,#3462);
#3464=PRODUCT_DEFINITION('body','body',#3466,#3462);
#3465=PRODUCT_DEFINITION_FORMATION('',$,#3472);
#3466=PRODUCT_DEFINITION_FORMATION('',$,#3473);
#3467=PRODUCT_RELATED_PRODUCT_CATEGORY('sculk shrieker v16',
'sculk shrieker v16',(#3472));
#3468=PRODUCT_RELATED_PRODUCT_CATEGORY('body','body',(#3473));
#3469=APPLICATION_PROTOCOL_DEFINITION('international standard',
'automotive_design',2009,#3470);
#3470=APPLICATION_CONTEXT(
'Core Data for Automotive Mechanical Design Process');
#3471=PRODUCT_CONTEXT('part definition',#3470,'mechanical');
#3472=PRODUCT('sculk shrieker','sculk shrieker v16',$,(#3471));
#3473=PRODUCT('body','body',$,(#3471));
#3474=PRESENTATION_STYLE_ASSIGNMENT((#3477));
#3475=PRESENTATION_STYLE_ASSIGNMENT((#3478));
#3476=PRESENTATION_STYLE_ASSIGNMENT((#3479));
#3477=SURFACE_STYLE_USAGE(.BOTH.,#3480);
#3478=SURFACE_STYLE_USAGE(.BOTH.,#3481);
#3479=SURFACE_STYLE_USAGE(.BOTH.,#3482);
#3480=SURFACE_SIDE_STYLE('',(#3483));
#3481=SURFACE_SIDE_STYLE('',(#3484));
#3482=SURFACE_SIDE_STYLE('',(#3485));
#3483=SURFACE_STYLE_FILL_AREA(#3486);
#3484=SURFACE_STYLE_FILL_AREA(#3487);
#3485=SURFACE_STYLE_FILL_AREA(#3488);
#3486=FILL_AREA_STYLE('Steel - Satin',(#3489));
#3487=FILL_AREA_STYLE('sculk',(#3490));
#3488=FILL_AREA_STYLE('lighter sculk',(#3491));
#3489=FILL_AREA_STYLE_COLOUR('Steel - Satin',#3492);
#3490=FILL_AREA_STYLE_COLOUR('sculk',#3493);
#3491=FILL_AREA_STYLE_COLOUR('lighter sculk',#3494);
#3492=COLOUR_RGB('Steel - Satin',0.627450980392157,0.627450980392157,0.627450980392157);
#3493=COLOUR_RGB('sculk',0.0235294117647059,0.184313725490196,0.211764705882353);
#3494=COLOUR_RGB('lighter sculk',0.0588235294117647,0.309803921568627,0.337254901960784);
ENDSEC;
END-ISO-10303-21;
